0,Entity,Util
1,Entity,Page
2,Entity,CursorPageParameter
3,Entity,CursorPager
4,Entity,DateTimeCursor
5,Entity,PageCursor
6,Entity,UpdateUserCommand
7,Entity,DuplicatedEmailValidator
8,Entity,DuplicatedUsernameValidator
9,Entity,RegisterParam
10,Entity,UpdateUserValidator
11,Entity,UpdateUserParam
12,Entity,ArticleDataList
13,Entity,CommentData
14,Entity,ArticleData
15,Entity,ProfileData
16,Entity,ArticleFavoriteCount
17,Entity,UserWithToken
18,Entity,UserData
19,Entity,NewArticleParam
20,Entity,UpdateArticleParam
21,Entity,DuplicatedArticleValidator
22,Entity,User
23,Entity,FollowRelation
24,Entity,AuthorizationService
25,Entity,Comment
26,Entity,Article
27,Entity,Tag
28,Entity,ArticleFavorite
29,Entity,ArticleMutation
30,Entity,CommentDatafetcher
31,Entity,TagDatafetcher
32,Entity,ArticleDatafetcher
33,Entity,UserMutation
34,Entity,RelationMutation
35,Entity,CommentMutation
36,Entity,ProfileDatafetcher
37,Entity,SecurityUtil
38,Entity,MeDatafetcher
39,Entity,AuthenticationException
40,Entity,DateTimeHandler
41,Entity,LoginParam
42,Entity,NewCommentParam
43,Entity,JwtTokenFilter
44,Entity,FieldErrorResource
45,Entity,NoAuthorizationException
46,Entity,ErrorResourceSerializer
47,Entity,ErrorResource
48,Entity,InvalidAuthenticationException
49,Entity,CustomizeExceptionHandler
50,Entity,ResourceNotFoundException
51,Entity,InvalidRequestException
52,Method,findByUsername,ProfileQueryService
53,Method,findById,CommentQueryService
54,Method,findByArticleId,CommentQueryService
55,Method,findByArticleIdWithCursor,CommentQueryService
56,Method,allTags,TagsQueryService
57,Method,findById,ArticleQueryService
58,Method,findBySlug,ArticleQueryService
59,Method,findRecentArticlesWithCursor,ArticleQueryService
60,Method,findUserFeedWithCursor,ArticleQueryService
61,Method,findRecentArticles,ArticleQueryService
62,Method,findUserFeed,ArticleQueryService
63,Method,fillExtraInfo,ArticleQueryService
64,Method,setIsFollowingAuthor,ArticleQueryService
65,Method,setFavoriteCount,ArticleQueryService
66,Method,setIsFavorite,ArticleQueryService
67,Method,findById,UserQueryService
68,Method,createUser,UserService
69,Method,updateUser,UserService
70,Method,createArticle,ArticleCommandService
71,Method,updateArticle,ArticleCommandService
72,Method,onException,GraphQLCustomizeExceptionHandler
73,Method,getErrorsAsData,GraphQLCustomizeExceptionHandler
74,Method,getParam,GraphQLCustomizeExceptionHandler
75,Method,errorsToMap,GraphQLCustomizeExceptionHandler
76,Method,toToken,DefaultJwtService
77,Method,getSubFromToken,DefaultJwtService
78,Method,expireTimeFromNow,DefaultJwtService
79,Method,save,MyBatisCommentRepository
80,Method,findById,MyBatisCommentRepository
81,Method,remove,MyBatisCommentRepository
82,Method,createUser,UsersApi
83,Method,userLogin,UsersApi
84,Method,userResponse,UsersApi
85,Method,getTags,TagsApi
86,Method,getProfile,ProfileApi
87,Method,follow,ProfileApi
88,Method,unfollow,ProfileApi
89,Method,profileResponse,ProfileApi
90,Method,currentUser,CurrentUserApi
91,Method,updateProfile,CurrentUserApi
92,Method,userResponse,CurrentUserApi
93,Method,createComment,CommentsApi
94,Method,getComments,CommentsApi
95,Method,deleteComment,CommentsApi
96,Method,commentResponse,CommentsApi
97,Method,favoriteArticle,ArticleFavoriteApi
98,Method,unfavoriteArticle,ArticleFavoriteApi
99,Method,responseArticleData,ArticleFavoriteApi
100,Method,createArticle,ArticlesApi
101,Method,getFeed,ArticlesApi
102,Method,getArticles,ArticlesApi
103,Method,article,ArticleApi
104,Method,updateArticle,ArticleApi
105,Method,deleteArticle,ArticleApi
106,Method,articleResponse,ArticleApi
107,Method,save,MyBatisUserRepository
108,Method,findById,MyBatisUserRepository
109,Method,findByUsername,MyBatisUserRepository
110,Method,findByEmail,MyBatisUserRepository
111,Method,saveRelation,MyBatisUserRepository
112,Method,findRelation,MyBatisUserRepository
113,Method,removeRelation,MyBatisUserRepository
114,Method,save,MyBatisArticleRepository
115,Method,createNew,MyBatisArticleRepository
116,Method,findById,MyBatisArticleRepository
117,Method,findBySlug,MyBatisArticleRepository
118,Method,remove,MyBatisArticleRepository
119,Method,save,MyBatisArticleFavoriteRepository
120,Method,find,MyBatisArticleFavoriteRepository
121,Method,remove,MyBatisArticleFavoriteRepository
