getBean(SpringUtil),Calls,getApplicationContext(SpringUtil)
doAround(WebLogAspect),Calls,getParameter(WebLogAspect)
getParameter(WebLogAspect),Calls,getAnnotation(WebLogAspect)
getParameter(WebLogAspect),Calls,getAnnotation(WebLogAspect)
getParameter(WebLogAspect),Calls,getName(WebLogAspect)
create(UmsMenuServiceImpl),Calls,updateLevel(UmsMenuServiceImpl)
update(UmsMenuServiceImpl),Calls,updateLevel(UmsMenuServiceImpl)
create(PmsProductCategoryServiceImpl),Calls,setCategoryLevel(PmsProductCategoryServiceImpl)
create(PmsProductCategoryServiceImpl),Calls,insertRelationList(PmsProductCategoryServiceImpl)
update(PmsProductCategoryServiceImpl),Calls,setCategoryLevel(PmsProductCategoryServiceImpl)
update(PmsProductCategoryServiceImpl),Calls,insertRelationList(PmsProductCategoryServiceImpl)
delAdmin(UmsAdminCacheServiceImpl),Calls,getItem(UmsAdminServiceImpl)
update(UmsResourceServiceImpl),Calls,delResourceListByResource(UmsAdminCacheServiceImpl)
delete(UmsResourceServiceImpl),Calls,delResourceListByResource(UmsAdminCacheServiceImpl)
create(PmsProductServiceImpl),Calls,relateAndInsertList(PmsProductServiceImpl)
create(PmsProductServiceImpl),Calls,relateAndInsertList(PmsProductServiceImpl)
create(PmsProductServiceImpl),Calls,relateAndInsertList(PmsProductServiceImpl)
create(PmsProductServiceImpl),Calls,handleSkuStockCode(PmsProductServiceImpl)
create(PmsProductServiceImpl),Calls,relateAndInsertList(PmsProductServiceImpl)
create(PmsProductServiceImpl),Calls,relateAndInsertList(PmsProductServiceImpl)
create(PmsProductServiceImpl),Calls,relateAndInsertList(PmsProductServiceImpl)
create(PmsProductServiceImpl),Calls,relateAndInsertList(PmsProductServiceImpl)
update(PmsProductServiceImpl),Calls,relateAndInsertList(PmsProductServiceImpl)
update(PmsProductServiceImpl),Calls,relateAndInsertList(PmsProductServiceImpl)
update(PmsProductServiceImpl),Calls,relateAndInsertList(PmsProductServiceImpl)
update(PmsProductServiceImpl),Calls,handleUpdateSkuStockList(PmsProductServiceImpl)
update(PmsProductServiceImpl),Calls,relateAndInsertList(PmsProductServiceImpl)
update(PmsProductServiceImpl),Calls,relateAndInsertList(PmsProductServiceImpl)
update(PmsProductServiceImpl),Calls,relateAndInsertList(PmsProductServiceImpl)
handleUpdateSkuStockList(PmsProductServiceImpl),Calls,handleSkuStockCode(PmsProductServiceImpl)
handleUpdateSkuStockList(PmsProductServiceImpl),Calls,handleSkuStockCode(PmsProductServiceImpl)
handleUpdateSkuStockList(PmsProductServiceImpl),Calls,relateAndInsertList(PmsProductServiceImpl)
selectList(SmsFlashPromotionSessionServiceImpl),Calls,getCount(SmsFlashPromotionProductRelationServiceImpl)
callback(OssServiceImpl),Calls,concat(OssServiceImpl)
callback(OssServiceImpl),Calls,concat(OssServiceImpl)
callback(OssServiceImpl),Calls,concat(OssServiceImpl)
callback(OssServiceImpl),Calls,concat(OssServiceImpl)
callback(OssServiceImpl),Calls,concat(OssServiceImpl)
delete(UmsRoleServiceImpl),Calls,delResourceListByRoleIds(UmsAdminCacheServiceImpl)
allocResource(UmsRoleServiceImpl),Calls,delResourceListByRole(UmsAdminCacheServiceImpl)
delete(SmsCouponServiceImpl),Calls,deleteProductRelation(SmsCouponServiceImpl)
delete(SmsCouponServiceImpl),Calls,deleteProductCategoryRelation(SmsCouponServiceImpl)
update(SmsCouponServiceImpl),Calls,deleteProductRelation(SmsCouponServiceImpl)
update(SmsCouponServiceImpl),Calls,deleteProductCategoryRelation(SmsCouponServiceImpl)
getAdminByUsername(UmsAdminServiceImpl),Calls,getCacheService(UmsAdminServiceImpl)
getAdminByUsername(UmsAdminServiceImpl),Calls,getCacheService(UmsAdminServiceImpl)
login(UmsAdminServiceImpl),Calls,loadUserByUsername(UmsAdminServiceImpl)
login(UmsAdminServiceImpl),Calls,generateToken(JwtTokenUtil)
login(UmsAdminServiceImpl),Calls,insertLoginLog(UmsAdminServiceImpl)
insertLoginLog(UmsAdminServiceImpl),Calls,getAdminByUsername(UmsAdminServiceImpl)
refreshToken(UmsAdminServiceImpl),Calls,refreshHeadToken(JwtTokenUtil)
update(UmsAdminServiceImpl),Calls,getCacheService(UmsAdminServiceImpl)
delete(UmsAdminServiceImpl),Calls,getCacheService(UmsAdminServiceImpl)
delete(UmsAdminServiceImpl),Calls,getCacheService(UmsAdminServiceImpl)
updateRole(UmsAdminServiceImpl),Calls,getCacheService(UmsAdminServiceImpl)
getResourceList(UmsAdminServiceImpl),Calls,getCacheService(UmsAdminServiceImpl)
getResourceList(UmsAdminServiceImpl),Calls,getCacheService(UmsAdminServiceImpl)
updatePassword(UmsAdminServiceImpl),Calls,getCacheService(UmsAdminServiceImpl)
loadUserByUsername(UmsAdminServiceImpl),Calls,getAdminByUsername(UmsAdminServiceImpl)
loadUserByUsername(UmsAdminServiceImpl),Calls,getResourceList(UmsAdminServiceImpl)
list(UmsMemberLevelController),Calls,list(UmsMemberLevelServiceImpl)
add(SmsCouponController),Calls,create(SmsCouponServiceImpl)
delete(SmsCouponController),Calls,delete(SmsCouponServiceImpl)
update(SmsCouponController),Calls,update(SmsCouponServiceImpl)
list(SmsCouponController),Calls,list(SmsCouponServiceImpl)
getItem(SmsCouponController),Calls,getItem(SmsCouponServiceImpl)
getItem(OmsOrderSettingController),Calls,getItem(OmsOrderSettingServiceImpl)
update(OmsOrderSettingController),Calls,update(OmsOrderSettingServiceImpl)
create(SmsHomeRecommendSubjectController),Calls,create(SmsHomeRecommendSubjectServiceImpl)
updateSort(SmsHomeRecommendSubjectController),Calls,updateSort(SmsHomeRecommendSubjectServiceImpl)
delete(SmsHomeRecommendSubjectController),Calls,delete(SmsHomeRecommendSubjectServiceImpl)
updateRecommendStatus(SmsHomeRecommendSubjectController),Calls,updateRecommendStatus(SmsHomeRecommendSubjectServiceImpl)
list(SmsHomeRecommendSubjectController),Calls,list(SmsHomeRecommendSubjectServiceImpl)
create(UmsRoleController),Calls,create(UmsRoleServiceImpl)
update(UmsRoleController),Calls,update(UmsRoleServiceImpl)
delete(UmsRoleController),Calls,delete(UmsRoleServiceImpl)
listAll(UmsRoleController),Calls,list(UmsRoleServiceImpl)
list(UmsRoleController),Calls,list(UmsRoleServiceImpl)
updateStatus(UmsRoleController),Calls,update(UmsRoleServiceImpl)
listMenu(UmsRoleController),Calls,listMenu(UmsRoleServiceImpl)
listResource(UmsRoleController),Calls,listResource(UmsRoleServiceImpl)
allocMenu(UmsRoleController),Calls,allocMenu(UmsRoleServiceImpl)
allocResource(UmsRoleController),Calls,allocResource(UmsRoleServiceImpl)
create(SmsFlashPromotionSessionController),Calls,create(SmsFlashPromotionSessionServiceImpl)
update(SmsFlashPromotionSessionController),Calls,update(SmsFlashPromotionSessionServiceImpl)
updateStatus(SmsFlashPromotionSessionController),Calls,updateStatus(SmsFlashPromotionSessionServiceImpl)
delete(SmsFlashPromotionSessionController),Calls,delete(SmsFlashPromotionSessionServiceImpl)
getItem(SmsFlashPromotionSessionController),Calls,getItem(SmsFlashPromotionSessionServiceImpl)
list(SmsFlashPromotionSessionController),Calls,list(SmsFlashPromotionSessionServiceImpl)
selectList(SmsFlashPromotionSessionController),Calls,selectList(SmsFlashPromotionSessionServiceImpl)
create(UmsResourceController),Calls,create(UmsResourceServiceImpl)
create(UmsResourceController),Calls,clearDataSource(DynamicSecurityMetadataSource)
update(UmsResourceController),Calls,update(UmsResourceServiceImpl)
update(UmsResourceController),Calls,clearDataSource(DynamicSecurityMetadataSource)
getItem(UmsResourceController),Calls,getItem(UmsResourceServiceImpl)
delete(UmsResourceController),Calls,delete(UmsResourceServiceImpl)
delete(UmsResourceController),Calls,clearDataSource(DynamicSecurityMetadataSource)
list(UmsResourceController),Calls,list(UmsResourceServiceImpl)
listAll(UmsResourceController),Calls,listAll(UmsResourceServiceImpl)
list(OmsOrderController),Calls,list(OmsOrderServiceImpl)
delivery(OmsOrderController),Calls,delivery(OmsOrderServiceImpl)
close(OmsOrderController),Calls,close(OmsOrderServiceImpl)
delete(OmsOrderController),Calls,delete(OmsOrderServiceImpl)
detail(OmsOrderController),Calls,detail(OmsOrderServiceImpl)
updateReceiverInfo(OmsOrderController),Calls,updateMoneyInfo(OmsOrderServiceImpl)
updateNote(OmsOrderController),Calls,updateNote(OmsOrderServiceImpl)
create(SmsFlashPromotionController),Calls,create(SmsFlashPromotionServiceImpl)
update(SmsFlashPromotionController),Calls,updateStatus(SmsFlashPromotionServiceImpl)
delete(SmsFlashPromotionController),Calls,delete(SmsFlashPromotionServiceImpl)
getItem(SmsFlashPromotionController),Calls,list(SmsFlashPromotionServiceImpl)
listAll(CmsPrefrenceAreaController),Calls,listAll(CmsPrefrenceAreaServiceImpl)
list(SmsCouponHistoryController),Calls,list(SmsCouponHistoryServiceImpl)
create(PmsProductAttributeCategoryController),Calls,create(PmsProductAttributeCategoryServiceImpl)
update(PmsProductAttributeCategoryController),Calls,update(PmsProductAttributeCategoryServiceImpl)
delete(PmsProductAttributeCategoryController),Calls,delete(PmsProductAttributeCategoryServiceImpl)
getItem(PmsProductAttributeCategoryController),Calls,getItem(PmsProductAttributeCategoryServiceImpl)
getList(PmsProductAttributeCategoryController),Calls,getList(PmsProductAttributeCategoryServiceImpl)
getListWithAttr(PmsProductAttributeCategoryController),Calls,getListWithAttr(PmsProductAttributeCategoryServiceImpl)
getList(PmsProductAttributeController),Calls,getList(PmsProductAttributeServiceImpl)
create(PmsProductAttributeController),Calls,create(PmsProductAttributeServiceImpl)
update(PmsProductAttributeController),Calls,update(PmsProductAttributeServiceImpl)
getItem(PmsProductAttributeController),Calls,getItem(PmsProductAttributeServiceImpl)
delete(PmsProductAttributeController),Calls,delete(PmsProductAttributeServiceImpl)
getAttrInfo(PmsProductAttributeController),Calls,getProductAttrInfo(PmsProductAttributeServiceImpl)
create(SmsHomeRecommendProductController),Calls,create(SmsHomeRecommendProductServiceImpl)
updateSort(SmsHomeRecommendProductController),Calls,updateSort(SmsHomeRecommendProductServiceImpl)
delete(SmsHomeRecommendProductController),Calls,delete(SmsHomeRecommendProductServiceImpl)
updateRecommendStatus(SmsHomeRecommendProductController),Calls,updateRecommendStatus(SmsHomeRecommendProductServiceImpl)
list(SmsHomeRecommendProductController),Calls,list(SmsHomeRecommendProductServiceImpl)
create(SmsHomeNewProductController),Calls,create(SmsHomeNewProductServiceImpl)
updateSort(SmsHomeNewProductController),Calls,updateSort(SmsHomeNewProductServiceImpl)
delete(SmsHomeNewProductController),Calls,delete(SmsHomeNewProductServiceImpl)
updateRecommendStatus(SmsHomeNewProductController),Calls,updateRecommendStatus(SmsHomeNewProductServiceImpl)
list(SmsHomeNewProductController),Calls,list(SmsHomeNewProductServiceImpl)
create(UmsMenuController),Calls,create(UmsMenuServiceImpl)
update(UmsMenuController),Calls,update(UmsMenuServiceImpl)
getItem(UmsMenuController),Calls,getItem(UmsMenuServiceImpl)
delete(UmsMenuController),Calls,delete(UmsMenuServiceImpl)
list(UmsMenuController),Calls,list(UmsMenuServiceImpl)
treeList(UmsMenuController),Calls,treeList(UmsMenuServiceImpl)
updateHidden(UmsMenuController),Calls,updateHidden(UmsMenuServiceImpl)
create(PmsProductCategoryController),Calls,create(PmsProductCategoryServiceImpl)
update(PmsProductCategoryController),Calls,update(PmsProductCategoryServiceImpl)
getList(PmsProductCategoryController),Calls,getList(PmsProductCategoryServiceImpl)
getItem(PmsProductCategoryController),Calls,getItem(PmsProductCategoryServiceImpl)
delete(PmsProductCategoryController),Calls,delete(PmsProductCategoryServiceImpl)
updateNavStatus(PmsProductCategoryController),Calls,updateNavStatus(PmsProductCategoryServiceImpl)
updateShowStatus(PmsProductCategoryController),Calls,updateShowStatus(PmsProductCategoryServiceImpl)
listWithChildren(PmsProductCategoryController),Calls,listWithChildren(PmsProductCategoryServiceImpl)
upload(MinioController),Calls,createBucketPolicyConfigDto(MinioController)
list(OmsOrderReturnApplyController),Calls,list(OmsOrderReturnApplyServiceImpl)
delete(OmsOrderReturnApplyController),Calls,delete(OmsOrderReturnApplyServiceImpl)
getItem(OmsOrderReturnApplyController),Calls,getItem(OmsOrderReturnApplyServiceImpl)
updateStatus(OmsOrderReturnApplyController),Calls,updateStatus(OmsOrderReturnApplyServiceImpl)
listAll(CmsSubjectController),Calls,listAll(CmsSubjectServiceImpl)
getList(CmsSubjectController),Calls,list(CmsSubjectServiceImpl)
getList(PmsSkuStockController),Calls,getList(PmsSkuStockServiceImpl)
update(PmsSkuStockController),Calls,update(PmsSkuStockServiceImpl)
create(PmsProductController),Calls,create(PmsProductServiceImpl)
getUpdateInfo(PmsProductController),Calls,getUpdateInfo(PmsProductServiceImpl)
update(PmsProductController),Calls,update(PmsProductServiceImpl)
getList(PmsProductController),Calls,list(PmsProductServiceImpl)
updateVerifyStatus(PmsProductController),Calls,updateVerifyStatus(PmsProductServiceImpl)
updatePublishStatus(PmsProductController),Calls,updatePublishStatus(PmsProductServiceImpl)
updateRecommendStatus(PmsProductController),Calls,updateRecommendStatus(PmsProductServiceImpl)
updateNewStatus(PmsProductController),Calls,updateNewStatus(PmsProductServiceImpl)
updateDeleteStatus(PmsProductController),Calls,updateDeleteStatus(PmsProductServiceImpl)
policy(OssController),Calls,policy(OssServiceImpl)
callback(OssController),Calls,callback(OssServiceImpl)
create(SmsHomeBrandController),Calls,create(SmsHomeBrandServiceImpl)
updateSort(SmsHomeBrandController),Calls,updateSort(SmsHomeBrandServiceImpl)
delete(SmsHomeBrandController),Calls,delete(SmsHomeBrandServiceImpl)
updateRecommendStatus(SmsHomeBrandController),Calls,updateRecommendStatus(SmsHomeBrandServiceImpl)
list(SmsHomeBrandController),Calls,list(SmsHomeBrandServiceImpl)
getList(PmsBrandController),Calls,listBrand(PmsBrandServiceImpl)
create(PmsBrandController),Calls,createBrand(PmsBrandServiceImpl)
update(PmsBrandController),Calls,updateBrand(PmsBrandServiceImpl)
delete(PmsBrandController),Calls,deleteBrand(PmsBrandServiceImpl)
getItem(PmsBrandController),Calls,getBrand(PmsBrandServiceImpl)
deleteBatch(PmsBrandController),Calls,deleteBrand(PmsBrandServiceImpl)
updateShowStatus(PmsBrandController),Calls,updateShowStatus(PmsBrandServiceImpl)
updateFactoryStatus(PmsBrandController),Calls,updateFactoryStatus(PmsBrandServiceImpl)
listAll(UmsResourceCategoryController),Calls,listAll(UmsResourceCategoryServiceImpl)
create(UmsResourceCategoryController),Calls,create(UmsResourceCategoryServiceImpl)
update(UmsResourceCategoryController),Calls,update(UmsResourceCategoryServiceImpl)
delete(UmsResourceCategoryController),Calls,delete(UmsResourceCategoryServiceImpl)
create(SmsHomeAdvertiseController),Calls,create(SmsHomeAdvertiseServiceImpl)
delete(SmsHomeAdvertiseController),Calls,delete(SmsHomeAdvertiseServiceImpl)
updateStatus(SmsHomeAdvertiseController),Calls,updateStatus(SmsHomeAdvertiseServiceImpl)
getItem(SmsHomeAdvertiseController),Calls,getItem(SmsHomeAdvertiseServiceImpl)
update(SmsHomeAdvertiseController),Calls,update(SmsHomeAdvertiseServiceImpl)
list(SmsHomeAdvertiseController),Calls,list(SmsHomeAdvertiseServiceImpl)
create(OmsOrderReturnReasonController),Calls,create(OmsOrderReturnReasonServiceImpl)
update(OmsOrderReturnReasonController),Calls,update(OmsOrderReturnReasonServiceImpl)
delete(OmsOrderReturnReasonController),Calls,delete(OmsOrderReturnReasonServiceImpl)
list(OmsOrderReturnReasonController),Calls,list(OmsOrderReturnReasonServiceImpl)
getItem(OmsOrderReturnReasonController),Calls,getItem(OmsOrderReturnReasonServiceImpl)
updateStatus(OmsOrderReturnReasonController),Calls,updateStatus(OmsOrderReturnReasonServiceImpl)
create(SmsFlashPromotionProductRelationController),Calls,create(SmsFlashPromotionProductRelationServiceImpl)
update(SmsFlashPromotionProductRelationController),Calls,update(SmsFlashPromotionProductRelationServiceImpl)
delete(SmsFlashPromotionProductRelationController),Calls,delete(SmsFlashPromotionProductRelationServiceImpl)
getItem(SmsFlashPromotionProductRelationController),Calls,getItem(SmsFlashPromotionProductRelationServiceImpl)
list(SmsFlashPromotionProductRelationController),Calls,list(SmsFlashPromotionProductRelationServiceImpl)
register(UmsAdminController),Calls,register(UmsAdminServiceImpl)
login(UmsAdminController),Calls,login(UmsAdminServiceImpl)
refreshToken(UmsAdminController),Calls,refreshToken(UmsAdminServiceImpl)
getAdminInfo(UmsAdminController),Calls,getAdminByUsername(UmsAdminServiceImpl)
getAdminInfo(UmsAdminController),Calls,getMenuList(UmsRoleServiceImpl)
getAdminInfo(UmsAdminController),Calls,getRoleList(UmsAdminServiceImpl)
list(UmsAdminController),Calls,list(UmsAdminServiceImpl)
getItem(UmsAdminController),Calls,getItem(UmsAdminServiceImpl)
update(UmsAdminController),Calls,update(UmsAdminServiceImpl)
updatePassword(UmsAdminController),Calls,updatePassword(UmsAdminServiceImpl)
delete(UmsAdminController),Calls,delete(UmsAdminServiceImpl)
updateStatus(UmsAdminController),Calls,update(UmsAdminServiceImpl)
updateRole(UmsAdminController),Calls,updateRole(UmsAdminServiceImpl)
getRoleList(UmsAdminController),Calls,getRoleList(UmsAdminServiceImpl)
list(OmsCompanyAddressController),Calls,list(OmsCompanyAddressServiceImpl)
doAround(WebLogAspect),Uses,WebLog
create(OmsOrderReturnReasonServiceImpl),Uses,OmsOrderReturnReason
update(OmsOrderReturnReasonServiceImpl),Uses,OmsOrderReturnReason
delete(OmsOrderReturnReasonServiceImpl),Uses,OmsOrderReturnReasonExample
list(OmsOrderReturnReasonServiceImpl),Uses,OmsOrderReturnReasonExample
list(OmsOrderReturnReasonServiceImpl),Uses,OmsOrderReturnReason
updateStatus(OmsOrderReturnReasonServiceImpl),Uses,OmsOrderReturnReason
updateStatus(OmsOrderReturnReasonServiceImpl),Uses,OmsOrderReturnReasonExample
getItem(OmsOrderReturnReasonServiceImpl),Uses,OmsOrderReturnReason
list(OmsOrderReturnApplyServiceImpl),Uses,OmsReturnApplyQueryParam
list(OmsOrderReturnApplyServiceImpl),Uses,OmsOrderReturnApply
delete(OmsOrderReturnApplyServiceImpl),Uses,OmsOrderReturnApplyExample
updateStatus(OmsOrderReturnApplyServiceImpl),Uses,OmsUpdateStatusParam
updateStatus(OmsOrderReturnApplyServiceImpl),Uses,OmsOrderReturnApply
getItem(OmsOrderReturnApplyServiceImpl),Uses,OmsOrderReturnApplyResult
create(SmsHomeRecommendProductServiceImpl),Uses,SmsHomeRecommendProduct
updateSort(SmsHomeRecommendProductServiceImpl),Uses,SmsHomeRecommendProduct
delete(SmsHomeRecommendProductServiceImpl),Uses,SmsHomeRecommendProductExample
updateRecommendStatus(SmsHomeRecommendProductServiceImpl),Uses,SmsHomeRecommendProductExample
updateRecommendStatus(SmsHomeRecommendProductServiceImpl),Uses,SmsHomeRecommendProduct
list(SmsHomeRecommendProductServiceImpl),Uses,SmsHomeRecommendProductExample
list(SmsHomeRecommendProductServiceImpl),Uses,SmsHomeRecommendProduct
list(UmsMemberLevelServiceImpl),Uses,UmsMemberLevelExample
list(UmsMemberLevelServiceImpl),Uses,UmsMemberLevel
create(UmsMenuServiceImpl),Uses,UmsMenu
updateLevel(UmsMenuServiceImpl),Uses,UmsMenu
update(UmsMenuServiceImpl),Uses,UmsMenu
getItem(UmsMenuServiceImpl),Uses,UmsMenu
list(UmsMenuServiceImpl),Uses,UmsMenuExample
list(UmsMenuServiceImpl),Uses,UmsMenu
treeList(UmsMenuServiceImpl),Uses,UmsMenu
treeList(UmsMenuServiceImpl),Uses,UmsMenuExample
treeList(UmsMenuServiceImpl),Uses,UmsMenuNode
updateHidden(UmsMenuServiceImpl),Uses,UmsMenu
covertMenuNode(UmsMenuServiceImpl),Uses,UmsMenu
covertMenuNode(UmsMenuServiceImpl),Uses,UmsMenuNode
create(PmsProductCategoryServiceImpl),Uses,PmsProductCategoryParam
create(PmsProductCategoryServiceImpl),Uses,PmsProductCategory
insertRelationList(PmsProductCategoryServiceImpl),Uses,PmsProductCategoryAttributeRelation
update(PmsProductCategoryServiceImpl),Uses,PmsProductCategoryParam
update(PmsProductCategoryServiceImpl),Uses,PmsProductCategory
update(PmsProductCategoryServiceImpl),Uses,PmsProduct
update(PmsProductCategoryServiceImpl),Uses,PmsProductExample
update(PmsProductCategoryServiceImpl),Uses,PmsProductCategoryAttributeRelationExample
getList(PmsProductCategoryServiceImpl),Uses,PmsProductCategoryExample
getList(PmsProductCategoryServiceImpl),Uses,PmsProductCategory
getItem(PmsProductCategoryServiceImpl),Uses,PmsProductCategory
updateNavStatus(PmsProductCategoryServiceImpl),Uses,PmsProductCategory
updateNavStatus(PmsProductCategoryServiceImpl),Uses,PmsProductCategoryExample
updateShowStatus(PmsProductCategoryServiceImpl),Uses,PmsProductCategory
updateShowStatus(PmsProductCategoryServiceImpl),Uses,PmsProductCategoryExample
listWithChildren(PmsProductCategoryServiceImpl),Uses,PmsProductCategoryWithChildrenItem
setCategoryLevel(PmsProductCategoryServiceImpl),Uses,PmsProductCategory
delAdmin(UmsAdminCacheServiceImpl),Uses,UmsAdmin
delResourceListByRole(UmsAdminCacheServiceImpl),Uses,UmsAdminRoleRelationExample
delResourceListByRole(UmsAdminCacheServiceImpl),Uses,UmsAdminRoleRelation
delResourceListByRoleIds(UmsAdminCacheServiceImpl),Uses,UmsAdminRoleRelationExample
delResourceListByRoleIds(UmsAdminCacheServiceImpl),Uses,UmsAdminRoleRelation
getAdmin(UmsAdminCacheServiceImpl),Uses,UmsAdmin
setAdmin(UmsAdminCacheServiceImpl),Uses,UmsAdmin
getResourceList(UmsAdminCacheServiceImpl),Uses,UmsResource
setResourceList(UmsAdminCacheServiceImpl),Uses,UmsResource
listAllBrand(PmsBrandServiceImpl),Uses,PmsBrandExample
listAllBrand(PmsBrandServiceImpl),Uses,PmsBrand
createBrand(PmsBrandServiceImpl),Uses,PmsBrandParam
createBrand(PmsBrandServiceImpl),Uses,PmsBrand
updateBrand(PmsBrandServiceImpl),Uses,PmsBrandParam
updateBrand(PmsBrandServiceImpl),Uses,PmsBrand
updateBrand(PmsBrandServiceImpl),Uses,PmsProduct
updateBrand(PmsBrandServiceImpl),Uses,PmsProductExample
deleteBrand(PmsBrandServiceImpl),Uses,PmsBrandExample
listBrand(PmsBrandServiceImpl),Uses,PmsBrandExample
listBrand(PmsBrandServiceImpl),Uses,PmsBrand
getBrand(PmsBrandServiceImpl),Uses,PmsBrand
updateShowStatus(PmsBrandServiceImpl),Uses,PmsBrand
updateShowStatus(PmsBrandServiceImpl),Uses,PmsBrandExample
updateFactoryStatus(PmsBrandServiceImpl),Uses,PmsBrand
updateFactoryStatus(PmsBrandServiceImpl),Uses,PmsBrandExample
create(UmsResourceServiceImpl),Uses,UmsResource
update(UmsResourceServiceImpl),Uses,UmsResource
getItem(UmsResourceServiceImpl),Uses,UmsResource
list(UmsResourceServiceImpl),Uses,UmsResourceExample
list(UmsResourceServiceImpl),Uses,UmsResource
listAll(UmsResourceServiceImpl),Uses,UmsResourceExample
listAll(UmsResourceServiceImpl),Uses,UmsResource
getList(PmsProductAttributeServiceImpl),Uses,PmsProductAttributeExample
getList(PmsProductAttributeServiceImpl),Uses,PmsProductAttribute
create(PmsProductAttributeServiceImpl),Uses,PmsProductAttributeParam
create(PmsProductAttributeServiceImpl),Uses,PmsProductAttribute
create(PmsProductAttributeServiceImpl),Uses,PmsProductAttributeCategory
update(PmsProductAttributeServiceImpl),Uses,PmsProductAttributeParam
update(PmsProductAttributeServiceImpl),Uses,PmsProductAttribute
getItem(PmsProductAttributeServiceImpl),Uses,PmsProductAttribute
delete(PmsProductAttributeServiceImpl),Uses,PmsProductAttribute
delete(PmsProductAttributeServiceImpl),Uses,PmsProductAttributeCategory
delete(PmsProductAttributeServiceImpl),Uses,PmsProductAttributeExample
getProductAttrInfo(PmsProductAttributeServiceImpl),Uses,ProductAttrInfo
create(PmsProductServiceImpl),Uses,PmsProductParam
create(PmsProductServiceImpl),Uses,PmsProduct
handleSkuStockCode(PmsProductServiceImpl),Uses,PmsSkuStock
getUpdateInfo(PmsProductServiceImpl),Uses,PmsProductResult
update(PmsProductServiceImpl),Uses,PmsProductParam
update(PmsProductServiceImpl),Uses,PmsProduct
update(PmsProductServiceImpl),Uses,PmsMemberPriceExample
update(PmsProductServiceImpl),Uses,PmsProductLadderExample
update(PmsProductServiceImpl),Uses,PmsProductFullReductionExample
update(PmsProductServiceImpl),Uses,PmsProductAttributeValueExample
update(PmsProductServiceImpl),Uses,CmsSubjectProductRelationExample
update(PmsProductServiceImpl),Uses,CmsPrefrenceAreaProductRelationExample
handleUpdateSkuStockList(PmsProductServiceImpl),Uses,PmsProductParam
handleUpdateSkuStockList(PmsProductServiceImpl),Uses,PmsSkuStock
handleUpdateSkuStockList(PmsProductServiceImpl),Uses,PmsSkuStockExample
list(PmsProductServiceImpl),Uses,PmsProductExample
list(PmsProductServiceImpl),Uses,PmsProduct
updateVerifyStatus(PmsProductServiceImpl),Uses,PmsProduct
updateVerifyStatus(PmsProductServiceImpl),Uses,PmsProductExample
updateVerifyStatus(PmsProductServiceImpl),Uses,PmsProductVertifyRecord
updatePublishStatus(PmsProductServiceImpl),Uses,PmsProduct
updatePublishStatus(PmsProductServiceImpl),Uses,PmsProductExample
updateRecommendStatus(PmsProductServiceImpl),Uses,PmsProduct
updateRecommendStatus(PmsProductServiceImpl),Uses,PmsProductExample
updateNewStatus(PmsProductServiceImpl),Uses,PmsProduct
updateNewStatus(PmsProductServiceImpl),Uses,PmsProductExample
updateDeleteStatus(PmsProductServiceImpl),Uses,PmsProduct
updateDeleteStatus(PmsProductServiceImpl),Uses,PmsProductExample
create(SmsFlashPromotionProductRelationServiceImpl),Uses,SmsFlashPromotionProductRelation
update(SmsFlashPromotionProductRelationServiceImpl),Uses,SmsFlashPromotionProductRelation
getItem(SmsFlashPromotionProductRelationServiceImpl),Uses,SmsFlashPromotionProductRelation
list(SmsFlashPromotionProductRelationServiceImpl),Uses,SmsFlashPromotionProduct
getCount(SmsFlashPromotionProductRelationServiceImpl),Uses,SmsFlashPromotionProductRelationExample
create(PmsProductAttributeCategoryServiceImpl),Uses,PmsProductAttributeCategory
update(PmsProductAttributeCategoryServiceImpl),Uses,PmsProductAttributeCategory
getItem(PmsProductAttributeCategoryServiceImpl),Uses,PmsProductAttributeCategory
getList(PmsProductAttributeCategoryServiceImpl),Uses,PmsProductAttributeCategoryExample
getList(PmsProductAttributeCategoryServiceImpl),Uses,PmsProductAttributeCategory
getListWithAttr(PmsProductAttributeCategoryServiceImpl),Uses,PmsProductAttributeCategoryItem
listAll(CmsPrefrenceAreaServiceImpl),Uses,CmsPrefrenceAreaExample
listAll(CmsPrefrenceAreaServiceImpl),Uses,CmsPrefrenceArea
listAll(UmsResourceCategoryServiceImpl),Uses,UmsResourceCategoryExample
listAll(UmsResourceCategoryServiceImpl),Uses,UmsResourceCategory
create(UmsResourceCategoryServiceImpl),Uses,UmsResourceCategory
update(UmsResourceCategoryServiceImpl),Uses,UmsResourceCategory
getList(PmsSkuStockServiceImpl),Uses,PmsSkuStockExample
getList(PmsSkuStockServiceImpl),Uses,PmsSkuStock
update(PmsSkuStockServiceImpl),Uses,PmsSkuStock
getItem(OmsOrderSettingServiceImpl),Uses,OmsOrderSetting
update(OmsOrderSettingServiceImpl),Uses,OmsOrderSetting
create(SmsFlashPromotionSessionServiceImpl),Uses,SmsFlashPromotionSession
update(SmsFlashPromotionSessionServiceImpl),Uses,SmsFlashPromotionSession
updateStatus(SmsFlashPromotionSessionServiceImpl),Uses,SmsFlashPromotionSession
getItem(SmsFlashPromotionSessionServiceImpl),Uses,SmsFlashPromotionSession
list(SmsFlashPromotionSessionServiceImpl),Uses,SmsFlashPromotionSessionExample
list(SmsFlashPromotionSessionServiceImpl),Uses,SmsFlashPromotionSession
selectList(SmsFlashPromotionSessionServiceImpl),Uses,SmsFlashPromotionSessionDetail
selectList(SmsFlashPromotionSessionServiceImpl),Uses,SmsFlashPromotionSessionExample
selectList(SmsFlashPromotionSessionServiceImpl),Uses,SmsFlashPromotionSession
policy(OssServiceImpl),Uses,OssPolicyResult
policy(OssServiceImpl),Uses,OssCallbackParam
callback(OssServiceImpl),Uses,OssCallbackResult
create(UmsRoleServiceImpl),Uses,UmsRole
update(UmsRoleServiceImpl),Uses,UmsRole
delete(UmsRoleServiceImpl),Uses,UmsRoleExample
list(UmsRoleServiceImpl),Uses,UmsRoleExample
list(UmsRoleServiceImpl),Uses,UmsRole
getMenuList(UmsRoleServiceImpl),Uses,UmsMenu
listMenu(UmsRoleServiceImpl),Uses,UmsMenu
listResource(UmsRoleServiceImpl),Uses,UmsResource
allocMenu(UmsRoleServiceImpl),Uses,UmsRoleMenuRelationExample
allocMenu(UmsRoleServiceImpl),Uses,UmsRoleMenuRelation
allocResource(UmsRoleServiceImpl),Uses,UmsRoleResourceRelationExample
allocResource(UmsRoleServiceImpl),Uses,UmsRoleResourceRelation
list(OmsCompanyAddressServiceImpl),Uses,OmsCompanyAddressExample
list(OmsCompanyAddressServiceImpl),Uses,OmsCompanyAddress
listAll(CmsSubjectServiceImpl),Uses,CmsSubjectExample
listAll(CmsSubjectServiceImpl),Uses,CmsSubject
list(CmsSubjectServiceImpl),Uses,CmsSubjectExample
list(CmsSubjectServiceImpl),Uses,CmsSubject
create(SmsCouponServiceImpl),Uses,SmsCouponParam
create(SmsCouponServiceImpl),Uses,SmsCouponProductRelation
create(SmsCouponServiceImpl),Uses,SmsCouponProductCategoryRelation
deleteProductCategoryRelation(SmsCouponServiceImpl),Uses,SmsCouponProductCategoryRelationExample
deleteProductRelation(SmsCouponServiceImpl),Uses,SmsCouponProductRelationExample
update(SmsCouponServiceImpl),Uses,SmsCouponParam
update(SmsCouponServiceImpl),Uses,SmsCouponProductRelation
update(SmsCouponServiceImpl),Uses,SmsCouponProductCategoryRelation
list(SmsCouponServiceImpl),Uses,SmsCouponExample
list(SmsCouponServiceImpl),Uses,SmsCoupon
getItem(SmsCouponServiceImpl),Uses,SmsCouponParam
create(SmsHomeRecommendSubjectServiceImpl),Uses,SmsHomeRecommendSubject
updateSort(SmsHomeRecommendSubjectServiceImpl),Uses,SmsHomeRecommendSubject
delete(SmsHomeRecommendSubjectServiceImpl),Uses,SmsHomeRecommendSubjectExample
updateRecommendStatus(SmsHomeRecommendSubjectServiceImpl),Uses,SmsHomeRecommendSubjectExample
updateRecommendStatus(SmsHomeRecommendSubjectServiceImpl),Uses,SmsHomeRecommendSubject
list(SmsHomeRecommendSubjectServiceImpl),Uses,SmsHomeRecommendSubjectExample
list(SmsHomeRecommendSubjectServiceImpl),Uses,SmsHomeRecommendSubject
getAdminByUsername(UmsAdminServiceImpl),Uses,UmsAdmin
getAdminByUsername(UmsAdminServiceImpl),Uses,UmsAdminExample
register(UmsAdminServiceImpl),Uses,UmsAdminParam
register(UmsAdminServiceImpl),Uses,UmsAdmin
register(UmsAdminServiceImpl),Uses,UmsAdminExample
insertLoginLog(UmsAdminServiceImpl),Uses,UmsAdmin
insertLoginLog(UmsAdminServiceImpl),Uses,UmsAdminLoginLog
updateLoginTimeByUsername(UmsAdminServiceImpl),Uses,UmsAdmin
updateLoginTimeByUsername(UmsAdminServiceImpl),Uses,UmsAdminExample
getItem(UmsAdminServiceImpl),Uses,UmsAdmin
list(UmsAdminServiceImpl),Uses,UmsAdminExample
list(UmsAdminServiceImpl),Uses,UmsAdmin
update(UmsAdminServiceImpl),Uses,UmsAdmin
updateRole(UmsAdminServiceImpl),Uses,UmsAdminRoleRelationExample
updateRole(UmsAdminServiceImpl),Uses,UmsAdminRoleRelation
getRoleList(UmsAdminServiceImpl),Uses,UmsRole
getResourceList(UmsAdminServiceImpl),Uses,UmsResource
updatePassword(UmsAdminServiceImpl),Uses,UpdateAdminPasswordParam
updatePassword(UmsAdminServiceImpl),Uses,UmsAdminExample
updatePassword(UmsAdminServiceImpl),Uses,UmsAdmin
loadUserByUsername(UmsAdminServiceImpl),Uses,UmsAdmin
loadUserByUsername(UmsAdminServiceImpl),Uses,UmsResource
loadUserByUsername(UmsAdminServiceImpl),Uses,AdminUserDetails
getCacheService(UmsAdminServiceImpl),Uses,UmsAdminCacheService
create(SmsHomeAdvertiseServiceImpl),Uses,SmsHomeAdvertise
delete(SmsHomeAdvertiseServiceImpl),Uses,SmsHomeAdvertiseExample
updateStatus(SmsHomeAdvertiseServiceImpl),Uses,SmsHomeAdvertise
getItem(SmsHomeAdvertiseServiceImpl),Uses,SmsHomeAdvertise
update(SmsHomeAdvertiseServiceImpl),Uses,SmsHomeAdvertise
list(SmsHomeAdvertiseServiceImpl),Uses,SmsHomeAdvertiseExample
list(SmsHomeAdvertiseServiceImpl),Uses,SmsHomeAdvertise
list(OmsOrderServiceImpl),Uses,OmsOrderQueryParam
list(OmsOrderServiceImpl),Uses,OmsOrder
delivery(OmsOrderServiceImpl),Uses,OmsOrderDeliveryParam
delivery(OmsOrderServiceImpl),Uses,OmsOrderOperateHistory
close(OmsOrderServiceImpl),Uses,OmsOrder
close(OmsOrderServiceImpl),Uses,OmsOrderExample
close(OmsOrderServiceImpl),Uses,OmsOrderOperateHistory
delete(OmsOrderServiceImpl),Uses,OmsOrder
delete(OmsOrderServiceImpl),Uses,OmsOrderExample
detail(OmsOrderServiceImpl),Uses,OmsOrderDetail
updateReceiverInfo(OmsOrderServiceImpl),Uses,OmsReceiverInfoParam
updateReceiverInfo(OmsOrderServiceImpl),Uses,OmsOrder
updateReceiverInfo(OmsOrderServiceImpl),Uses,OmsOrderOperateHistory
updateMoneyInfo(OmsOrderServiceImpl),Uses,OmsMoneyInfoParam
updateMoneyInfo(OmsOrderServiceImpl),Uses,OmsOrder
updateMoneyInfo(OmsOrderServiceImpl),Uses,OmsOrderOperateHistory
updateNote(OmsOrderServiceImpl),Uses,OmsOrder
updateNote(OmsOrderServiceImpl),Uses,OmsOrderOperateHistory
create(SmsFlashPromotionServiceImpl),Uses,SmsFlashPromotion
update(SmsFlashPromotionServiceImpl),Uses,SmsFlashPromotion
updateStatus(SmsFlashPromotionServiceImpl),Uses,SmsFlashPromotion
getItem(SmsFlashPromotionServiceImpl),Uses,SmsFlashPromotion
list(SmsFlashPromotionServiceImpl),Uses,SmsFlashPromotionExample
list(SmsFlashPromotionServiceImpl),Uses,SmsFlashPromotion
list(SmsCouponHistoryServiceImpl),Uses,SmsCouponHistoryExample
list(SmsCouponHistoryServiceImpl),Uses,SmsCouponHistory
create(SmsHomeBrandServiceImpl),Uses,SmsHomeBrand
updateSort(SmsHomeBrandServiceImpl),Uses,SmsHomeBrand
delete(SmsHomeBrandServiceImpl),Uses,SmsHomeBrandExample
updateRecommendStatus(SmsHomeBrandServiceImpl),Uses,SmsHomeBrandExample
updateRecommendStatus(SmsHomeBrandServiceImpl),Uses,SmsHomeBrand
list(SmsHomeBrandServiceImpl),Uses,SmsHomeBrandExample
list(SmsHomeBrandServiceImpl),Uses,SmsHomeBrand
create(SmsHomeNewProductServiceImpl),Uses,SmsHomeNewProduct
updateSort(SmsHomeNewProductServiceImpl),Uses,SmsHomeNewProduct
delete(SmsHomeNewProductServiceImpl),Uses,SmsHomeNewProductExample
updateRecommendStatus(SmsHomeNewProductServiceImpl),Uses,SmsHomeNewProductExample
updateRecommendStatus(SmsHomeNewProductServiceImpl),Uses,SmsHomeNewProduct
list(SmsHomeNewProductServiceImpl),Uses,SmsHomeNewProductExample
list(SmsHomeNewProductServiceImpl),Uses,SmsHomeNewProduct
list(UmsMemberLevelController),Uses,UmsMemberLevel
add(SmsCouponController),Uses,SmsCouponParam
add(SmsCouponController),Uses,CommonResult
delete(SmsCouponController),Uses,CommonResult
update(SmsCouponController),Uses,SmsCouponParam
update(SmsCouponController),Uses,CommonResult
list(SmsCouponController),Uses,SmsCoupon
getItem(SmsCouponController),Uses,SmsCouponParam
getItem(OmsOrderSettingController),Uses,OmsOrderSetting
update(OmsOrderSettingController),Uses,OmsOrderSetting
update(OmsOrderSettingController),Uses,CommonResult
create(SmsHomeRecommendSubjectController),Uses,SmsHomeRecommendSubject
create(SmsHomeRecommendSubjectController),Uses,CommonResult
updateSort(SmsHomeRecommendSubjectController),Uses,CommonResult
delete(SmsHomeRecommendSubjectController),Uses,CommonResult
updateRecommendStatus(SmsHomeRecommendSubjectController),Uses,CommonResult
list(SmsHomeRecommendSubjectController),Uses,SmsHomeRecommendSubject
create(UmsRoleController),Uses,UmsRole
create(UmsRoleController),Uses,CommonResult
update(UmsRoleController),Uses,UmsRole
update(UmsRoleController),Uses,CommonResult
delete(UmsRoleController),Uses,CommonResult
listAll(UmsRoleController),Uses,UmsRole
list(UmsRoleController),Uses,UmsRole
updateStatus(UmsRoleController),Uses,UmsRole
updateStatus(UmsRoleController),Uses,CommonResult
listMenu(UmsRoleController),Uses,UmsMenu
listResource(UmsRoleController),Uses,UmsResource
allocMenu(UmsRoleController),Uses,CommonResult
allocResource(UmsRoleController),Uses,CommonResult
create(SmsFlashPromotionSessionController),Uses,SmsFlashPromotionSession
create(SmsFlashPromotionSessionController),Uses,CommonResult
update(SmsFlashPromotionSessionController),Uses,SmsFlashPromotionSession
update(SmsFlashPromotionSessionController),Uses,CommonResult
updateStatus(SmsFlashPromotionSessionController),Uses,CommonResult
delete(SmsFlashPromotionSessionController),Uses,CommonResult
getItem(SmsFlashPromotionSessionController),Uses,SmsFlashPromotionSession
list(SmsFlashPromotionSessionController),Uses,SmsFlashPromotionSession
selectList(SmsFlashPromotionSessionController),Uses,SmsFlashPromotionSessionDetail
create(UmsResourceController),Uses,UmsResource
create(UmsResourceController),Uses,CommonResult
update(UmsResourceController),Uses,UmsResource
update(UmsResourceController),Uses,CommonResult
getItem(UmsResourceController),Uses,UmsResource
delete(UmsResourceController),Uses,CommonResult
list(UmsResourceController),Uses,UmsResource
listAll(UmsResourceController),Uses,UmsResource
list(OmsOrderController),Uses,OmsOrderQueryParam
list(OmsOrderController),Uses,OmsOrder
delivery(OmsOrderController),Uses,OmsOrderDeliveryParam
delivery(OmsOrderController),Uses,CommonResult
close(OmsOrderController),Uses,CommonResult
delete(OmsOrderController),Uses,CommonResult
detail(OmsOrderController),Uses,OmsOrderDetail
updateReceiverInfo(OmsOrderController),Uses,OmsMoneyInfoParam
updateReceiverInfo(OmsOrderController),Uses,CommonResult
updateNote(OmsOrderController),Uses,CommonResult
create(SmsFlashPromotionController),Uses,SmsFlashPromotion
create(SmsFlashPromotionController),Uses,CommonResult
update(SmsFlashPromotionController),Uses,CommonResult
delete(SmsFlashPromotionController),Uses,CommonResult
getItem(SmsFlashPromotionController),Uses,SmsFlashPromotion
listAll(CmsPrefrenceAreaController),Uses,CmsPrefrenceArea
list(SmsCouponHistoryController),Uses,SmsCouponHistory
create(PmsProductAttributeCategoryController),Uses,CommonResult
update(PmsProductAttributeCategoryController),Uses,CommonResult
delete(PmsProductAttributeCategoryController),Uses,CommonResult
getItem(PmsProductAttributeCategoryController),Uses,PmsProductAttributeCategory
getList(PmsProductAttributeCategoryController),Uses,PmsProductAttributeCategory
getListWithAttr(PmsProductAttributeCategoryController),Uses,PmsProductAttributeCategoryItem
getList(PmsProductAttributeController),Uses,PmsProductAttribute
create(PmsProductAttributeController),Uses,PmsProductAttributeParam
create(PmsProductAttributeController),Uses,CommonResult
update(PmsProductAttributeController),Uses,PmsProductAttributeParam
update(PmsProductAttributeController),Uses,CommonResult
getItem(PmsProductAttributeController),Uses,PmsProductAttribute
delete(PmsProductAttributeController),Uses,CommonResult
getAttrInfo(PmsProductAttributeController),Uses,ProductAttrInfo
create(SmsHomeRecommendProductController),Uses,SmsHomeRecommendProduct
create(SmsHomeRecommendProductController),Uses,CommonResult
updateSort(SmsHomeRecommendProductController),Uses,CommonResult
delete(SmsHomeRecommendProductController),Uses,CommonResult
updateRecommendStatus(SmsHomeRecommendProductController),Uses,CommonResult
list(SmsHomeRecommendProductController),Uses,SmsHomeRecommendProduct
create(SmsHomeNewProductController),Uses,SmsHomeNewProduct
create(SmsHomeNewProductController),Uses,CommonResult
updateSort(SmsHomeNewProductController),Uses,CommonResult
delete(SmsHomeNewProductController),Uses,CommonResult
updateRecommendStatus(SmsHomeNewProductController),Uses,CommonResult
list(SmsHomeNewProductController),Uses,SmsHomeNewProduct
create(UmsMenuController),Uses,UmsMenu
create(UmsMenuController),Uses,CommonResult
update(UmsMenuController),Uses,UmsMenu
update(UmsMenuController),Uses,CommonResult
getItem(UmsMenuController),Uses,UmsMenu
delete(UmsMenuController),Uses,CommonResult
list(UmsMenuController),Uses,UmsMenu
treeList(UmsMenuController),Uses,UmsMenuNode
updateHidden(UmsMenuController),Uses,CommonResult
create(PmsProductCategoryController),Uses,PmsProductCategoryParam
create(PmsProductCategoryController),Uses,CommonResult
update(PmsProductCategoryController),Uses,PmsProductCategoryParam
update(PmsProductCategoryController),Uses,CommonResult
getList(PmsProductCategoryController),Uses,PmsProductCategory
getItem(PmsProductCategoryController),Uses,PmsProductCategory
delete(PmsProductCategoryController),Uses,CommonResult
updateNavStatus(PmsProductCategoryController),Uses,CommonResult
updateShowStatus(PmsProductCategoryController),Uses,CommonResult
listWithChildren(PmsProductCategoryController),Uses,PmsProductCategoryWithChildrenItem
upload(MinioController),Uses,BucketPolicyConfigDto
upload(MinioController),Uses,MinioUploadDto
upload(MinioController),Uses,CommonResult
createBucketPolicyConfigDto(MinioController),Uses,BucketPolicyConfigDto
delete(MinioController),Uses,CommonResult
list(OmsOrderReturnApplyController),Uses,OmsReturnApplyQueryParam
list(OmsOrderReturnApplyController),Uses,OmsOrderReturnApply
delete(OmsOrderReturnApplyController),Uses,CommonResult
getItem(OmsOrderReturnApplyController),Uses,OmsOrderReturnApplyResult
getItem(OmsOrderReturnApplyController),Uses,CommonResult
updateStatus(OmsOrderReturnApplyController),Uses,OmsUpdateStatusParam
updateStatus(OmsOrderReturnApplyController),Uses,CommonResult
listAll(CmsSubjectController),Uses,CmsSubject
getList(CmsSubjectController),Uses,CmsSubject
getList(PmsSkuStockController),Uses,PmsSkuStock
update(PmsSkuStockController),Uses,PmsSkuStock
update(PmsSkuStockController),Uses,CommonResult
create(PmsProductController),Uses,PmsProductParam
create(PmsProductController),Uses,CommonResult
getUpdateInfo(PmsProductController),Uses,PmsProductResult
update(PmsProductController),Uses,PmsProductParam
update(PmsProductController),Uses,CommonResult
getList(PmsProductController),Uses,PmsProduct
updateVerifyStatus(PmsProductController),Uses,CommonResult
updatePublishStatus(PmsProductController),Uses,CommonResult
updateRecommendStatus(PmsProductController),Uses,CommonResult
updateNewStatus(PmsProductController),Uses,CommonResult
updateDeleteStatus(PmsProductController),Uses,CommonResult
policy(OssController),Uses,OssPolicyResult
callback(OssController),Uses,OssCallbackResult
create(SmsHomeBrandController),Uses,SmsHomeBrand
create(SmsHomeBrandController),Uses,CommonResult
updateSort(SmsHomeBrandController),Uses,CommonResult
delete(SmsHomeBrandController),Uses,CommonResult
updateRecommendStatus(SmsHomeBrandController),Uses,CommonResult
list(SmsHomeBrandController),Uses,SmsHomeBrand
getList(PmsBrandController),Uses,PmsBrand
create(PmsBrandController),Uses,PmsBrandParam
create(PmsBrandController),Uses,CommonResult
update(PmsBrandController),Uses,PmsBrandParam
update(PmsBrandController),Uses,CommonResult
delete(PmsBrandController),Uses,CommonResult
getItem(PmsBrandController),Uses,PmsBrand
deleteBatch(PmsBrandController),Uses,CommonResult
updateShowStatus(PmsBrandController),Uses,CommonResult
updateFactoryStatus(PmsBrandController),Uses,CommonResult
listAll(UmsResourceCategoryController),Uses,UmsResourceCategory
create(UmsResourceCategoryController),Uses,UmsResourceCategory
create(UmsResourceCategoryController),Uses,CommonResult
update(UmsResourceCategoryController),Uses,UmsResourceCategory
update(UmsResourceCategoryController),Uses,CommonResult
delete(UmsResourceCategoryController),Uses,CommonResult
create(SmsHomeAdvertiseController),Uses,SmsHomeAdvertise
create(SmsHomeAdvertiseController),Uses,CommonResult
delete(SmsHomeAdvertiseController),Uses,CommonResult
updateStatus(SmsHomeAdvertiseController),Uses,CommonResult
getItem(SmsHomeAdvertiseController),Uses,SmsHomeAdvertise
update(SmsHomeAdvertiseController),Uses,SmsHomeAdvertise
update(SmsHomeAdvertiseController),Uses,CommonResult
list(SmsHomeAdvertiseController),Uses,SmsHomeAdvertise
create(OmsOrderReturnReasonController),Uses,OmsOrderReturnReason
create(OmsOrderReturnReasonController),Uses,CommonResult
update(OmsOrderReturnReasonController),Uses,OmsOrderReturnReason
update(OmsOrderReturnReasonController),Uses,CommonResult
delete(OmsOrderReturnReasonController),Uses,CommonResult
list(OmsOrderReturnReasonController),Uses,OmsOrderReturnReason
getItem(OmsOrderReturnReasonController),Uses,OmsOrderReturnReason
updateStatus(OmsOrderReturnReasonController),Uses,CommonResult
create(SmsFlashPromotionProductRelationController),Uses,SmsFlashPromotionProductRelation
create(SmsFlashPromotionProductRelationController),Uses,CommonResult
update(SmsFlashPromotionProductRelationController),Uses,SmsFlashPromotionProductRelation
update(SmsFlashPromotionProductRelationController),Uses,CommonResult
delete(SmsFlashPromotionProductRelationController),Uses,CommonResult
getItem(SmsFlashPromotionProductRelationController),Uses,SmsFlashPromotionProductRelation
list(SmsFlashPromotionProductRelationController),Uses,SmsFlashPromotionProduct
register(UmsAdminController),Uses,UmsAdminParam
register(UmsAdminController),Uses,UmsAdmin
login(UmsAdminController),Uses,UmsAdminLoginParam
login(UmsAdminController),Uses,CommonResult
refreshToken(UmsAdminController),Uses,CommonResult
getAdminInfo(UmsAdminController),Uses,UmsAdmin
getAdminInfo(UmsAdminController),Uses,UmsRole
getAdminInfo(UmsAdminController),Uses,CommonResult
logout(UmsAdminController),Uses,CommonResult
list(UmsAdminController),Uses,UmsAdmin
getItem(UmsAdminController),Uses,UmsAdmin
update(UmsAdminController),Uses,UmsAdmin
update(UmsAdminController),Uses,CommonResult
updatePassword(UmsAdminController),Uses,UpdateAdminPasswordParam
updatePassword(UmsAdminController),Uses,CommonResult
delete(UmsAdminController),Uses,CommonResult
updateStatus(UmsAdminController),Uses,UmsAdmin
updateStatus(UmsAdminController),Uses,CommonResult
updateRole(UmsAdminController),Uses,CommonResult
getRoleList(UmsAdminController),Uses,UmsRole
list(OmsCompanyAddressController),Uses,OmsCompanyAddress
DynamicSecurityFilter,References,DynamicSecurityMetadataSource
DynamicSecurityFilter,References,IgnoreUrlsConfig
JwtAuthenticationTokenFilter,References,JwtTokenUtil
UmsMenuNode,References,UmsMenuNode
UmsMenuNode,Extends,UmsMenu
SmsFlashPromotionSessionDetail,Extends,SmsFlashPromotionSession
SmsFlashPromotionProduct,References,PmsProduct
SmsFlashPromotionProduct,Extends,SmsFlashPromotionProductRelation
PmsProductResult,Extends,PmsProductParam
PmsProductAttributeCategoryItem,References,PmsProductAttribute
PmsProductAttributeCategoryItem,Extends,PmsProductAttributeCategory
OmsOrderReturnApplyResult,References,OmsCompanyAddress
OmsOrderReturnApplyResult,Extends,OmsOrderReturnApply
SmsCouponParam,References,SmsCouponProductRelation
SmsCouponParam,References,SmsCouponProductCategoryRelation
SmsCouponParam,Extends,SmsCoupon
PmsProductParam,References,PmsProductLadder
PmsProductParam,References,PmsProductFullReduction
PmsProductParam,References,PmsMemberPrice
PmsProductParam,References,PmsSkuStock
PmsProductParam,References,PmsProductAttributeValue
PmsProductParam,References,CmsSubjectProductRelation
PmsProductParam,References,CmsPrefrenceAreaProductRelation
PmsProductParam,Extends,PmsProduct
PmsProductCategoryWithChildrenItem,References,PmsProductCategory
PmsProductCategoryWithChildrenItem,Extends,PmsProductCategory
OmsOrderDetail,References,OmsOrderItem
OmsOrderDetail,References,OmsOrderOperateHistory
OmsOrderDetail,Extends,OmsOrder
AdminUserDetails,References,UmsAdmin
AdminUserDetails,References,UmsResource
