207,Calls,205
211,Calls,212
229,Calls,230
231,Calls,230
238,Calls,247
238,Calls,239
240,Calls,247
240,Calls,239
248,Calls,349
266,Calls,252
268,Calls,252
277,Calls,288
277,Calls,288
277,Calls,288
277,Calls,278
277,Calls,288
277,Calls,288
277,Calls,288
277,Calls,288
280,Calls,288
280,Calls,288
280,Calls,288
280,Calls,281
280,Calls,288
280,Calls,288
280,Calls,288
281,Calls,278
281,Calls,278
281,Calls,288
316,Calls,294
321,Calls,251
327,Calls,250
332,Calls,334
332,Calls,333
335,Calls,334
335,Calls,333
343,Calls,358
343,Calls,358
345,Calls,357
345,Calls,346
346,Calls,343
351,Calls,358
352,Calls,358
352,Calls,358
353,Calls,358
355,Calls,358
355,Calls,358
356,Calls,358
357,Calls,343
357,Calls,355
390,Calls,228
391,Calls,331
392,Calls,332
393,Calls,335
394,Calls,336
395,Calls,337
396,Calls,308
397,Calls,309
398,Calls,338
399,Calls,339
400,Calls,340
401,Calls,341
402,Calls,342
403,Calls,319
404,Calls,320
405,Calls,321
406,Calls,322
407,Calls,322
408,Calls,320
409,Calls,324
410,Calls,325
411,Calls,326
412,Calls,327
413,Calls,310
414,Calls,311
415,Calls,312
416,Calls,313
417,Calls,314
418,Calls,315
419,Calls,316
420,Calls,265
421,Calls,266
422,Calls,267
423,Calls,268
424,Calls,269
425,Calls,270
426,Calls,365
427,Calls,366
428,Calls,367
429,Calls,368
430,Calls,369
431,Calls,371
432,Calls,372
433,Calls,373
434,Calls,376
435,Calls,375
436,Calls,378
437,Calls,301
438,Calls,379
439,Calls,295
440,Calls,296
441,Calls,297
442,Calls,298
443,Calls,299
444,Calls,300
445,Calls,271
446,Calls,272
447,Calls,273
448,Calls,274
449,Calls,275
450,Calls,276
451,Calls,223
452,Calls,224
453,Calls,225
454,Calls,226
455,Calls,227
456,Calls,385
457,Calls,386
458,Calls,387
459,Calls,388
460,Calls,389
461,Calls,229
462,Calls,231
463,Calls,232
464,Calls,233
465,Calls,234
466,Calls,235
467,Calls,236
468,Calls,238
469,Calls,240
470,Calls,241
471,Calls,243
472,Calls,242
473,Calls,244
474,Calls,245
475,Calls,246
476,Calls,477
479,Calls,219
480,Calls,220
481,Calls,222
482,Calls,221
483,Calls,329
484,Calls,330
485,Calls,306
486,Calls,307
487,Calls,277
488,Calls,279
489,Calls,280
490,Calls,282
491,Calls,283
492,Calls,284
493,Calls,285
494,Calls,286
495,Calls,287
496,Calls,317
497,Calls,318
498,Calls,380
499,Calls,381
500,Calls,382
501,Calls,383
502,Calls,384
503,Calls,261
504,Calls,258
505,Calls,259
506,Calls,260
507,Calls,262
508,Calls,260
509,Calls,263
510,Calls,264
511,Calls,302
512,Calls,303
513,Calls,304
514,Calls,305
515,Calls,359
516,Calls,360
517,Calls,361
518,Calls,362
519,Calls,363
520,Calls,364
521,Calls,213
522,Calls,214
523,Calls,215
524,Calls,216
525,Calls,218
526,Calls,217
527,Calls,289
528,Calls,290
529,Calls,291
530,Calls,292
531,Calls,293
532,Calls,344
533,Calls,345
534,Calls,348
535,Calls,343
535,Calls,323
535,Calls,354
537,Calls,350
538,Calls,349
539,Calls,351
540,Calls,356
541,Calls,352
542,Calls,351
543,Calls,353
544,Calls,354
545,Calls,328
211,Uses,11
213,Uses,22
214,Uses,22
215,Uses,31
216,Uses,31
216,Uses,22
217,Uses,22
217,Uses,31
218,Uses,22
219,Uses,185
219,Uses,49
220,Uses,52
221,Uses,182
221,Uses,49
222,Uses,193
223,Uses,20
224,Uses,20
225,Uses,139
226,Uses,139
226,Uses,20
227,Uses,139
227,Uses,20
228,Uses,61
228,Uses,83
229,Uses,106
230,Uses,106
231,Uses,106
232,Uses,106
234,Uses,105
234,Uses,106
235,Uses,106
235,Uses,105
235,Uses,176
236,Uses,106
237,Uses,106
237,Uses,176
238,Uses,199
238,Uses,35
239,Uses,85
240,Uses,199
240,Uses,35
240,Uses,132
240,Uses,94
240,Uses,169
241,Uses,93
241,Uses,35
243,Uses,35
244,Uses,35
244,Uses,93
245,Uses,35
245,Uses,93
246,Uses,196
247,Uses,35
248,Uses,95
250,Uses,136
250,Uses,72
251,Uses,136
251,Uses,72
253,Uses,95
254,Uses,95
255,Uses,27
256,Uses,27
257,Uses,117
257,Uses,149
258,Uses,181
258,Uses,149
259,Uses,181
259,Uses,149
259,Uses,132
259,Uses,94
260,Uses,117
261,Uses,117
261,Uses,149
262,Uses,149
263,Uses,149
263,Uses,117
264,Uses,149
264,Uses,117
265,Uses,27
266,Uses,27
267,Uses,27
269,Uses,123
269,Uses,27
270,Uses,123
270,Uses,27
271,Uses,158
271,Uses,101
272,Uses,189
272,Uses,101
272,Uses,65
273,Uses,189
273,Uses,101
274,Uses,101
275,Uses,101
275,Uses,65
275,Uses,158
276,Uses,174
277,Uses,195
277,Uses,132
278,Uses,153
279,Uses,188
280,Uses,195
280,Uses,132
280,Uses,46
280,Uses,114
280,Uses,128
280,Uses,104
280,Uses,68
280,Uses,135
281,Uses,195
281,Uses,153
281,Uses,77
282,Uses,94
282,Uses,132
283,Uses,132
283,Uses,94
283,Uses,152
284,Uses,132
284,Uses,94
285,Uses,132
285,Uses,94
286,Uses,132
286,Uses,94
287,Uses,132
287,Uses,94
289,Uses,162
290,Uses,162
292,Uses,162
293,Uses,184
294,Uses,41
295,Uses,65
296,Uses,65
298,Uses,65
299,Uses,73
299,Uses,65
300,Uses,192
301,Uses,116
301,Uses,44
302,Uses,69
302,Uses,118
303,Uses,118
304,Uses,118
306,Uses,77
306,Uses,153
307,Uses,153
308,Uses,28
309,Uses,28
310,Uses,137
311,Uses,137
312,Uses,137
314,Uses,137
315,Uses,164
315,Uses,137
316,Uses,180
316,Uses,164
316,Uses,137
317,Uses,175
317,Uses,190
318,Uses,172
319,Uses,51
320,Uses,51
321,Uses,103
322,Uses,103
322,Uses,51
323,Uses,106
324,Uses,106
325,Uses,27
326,Uses,87
326,Uses,79
327,Uses,127
327,Uses,145
328,Uses,144
328,Uses,148
329,Uses,125
329,Uses,21
330,Uses,125
330,Uses,21
331,Uses,194
331,Uses,126
331,Uses,53
333,Uses,34
334,Uses,32
335,Uses,194
335,Uses,126
335,Uses,53
336,Uses,165
336,Uses,55
337,Uses,194
338,Uses,107
339,Uses,107
340,Uses,40
341,Uses,40
341,Uses,107
342,Uses,40
342,Uses,107
343,Uses,95
343,Uses,143
344,Uses,179
344,Uses,95
344,Uses,143
346,Uses,95
346,Uses,78
347,Uses,95
347,Uses,143
349,Uses,95
350,Uses,143
350,Uses,95
351,Uses,95
353,Uses,136
353,Uses,72
354,Uses,51
355,Uses,27
356,Uses,177
356,Uses,143
356,Uses,95
357,Uses,95
357,Uses,27
357,Uses,202
359,Uses,166
360,Uses,47
361,Uses,166
362,Uses,166
363,Uses,166
364,Uses,47
364,Uses,166
365,Uses,183
365,Uses,88
366,Uses,191
366,Uses,86
367,Uses,88
367,Uses,171
367,Uses,86
368,Uses,88
368,Uses,171
369,Uses,198
370,Uses,178
370,Uses,88
370,Uses,86
371,Uses,173
371,Uses,88
371,Uses,86
372,Uses,88
372,Uses,86
373,Uses,111
374,Uses,111
376,Uses,111
377,Uses,111
378,Uses,130
378,Uses,111
379,Uses,115
379,Uses,71
380,Uses,138
381,Uses,138
382,Uses,146
383,Uses,146
383,Uses,138
384,Uses,146
384,Uses,138
385,Uses,37
386,Uses,37
387,Uses,89
388,Uses,89
388,Uses,37
389,Uses,89
389,Uses,37
390,Uses,83
391,Uses,194
391,Uses,15
392,Uses,15
393,Uses,194
393,Uses,15
394,Uses,55
395,Uses,194
396,Uses,28
397,Uses,28
397,Uses,15
398,Uses,107
398,Uses,15
399,Uses,15
400,Uses,15
401,Uses,15
402,Uses,107
403,Uses,51
403,Uses,15
404,Uses,51
404,Uses,15
405,Uses,15
406,Uses,51
407,Uses,51
408,Uses,51
408,Uses,15
409,Uses,106
410,Uses,27
411,Uses,15
412,Uses,15
413,Uses,137
413,Uses,15
414,Uses,137
414,Uses,15
415,Uses,15
416,Uses,15
417,Uses,137
418,Uses,137
419,Uses,180
420,Uses,27
420,Uses,15
421,Uses,27
421,Uses,15
422,Uses,27
423,Uses,15
424,Uses,27
425,Uses,27
426,Uses,183
426,Uses,88
427,Uses,191
427,Uses,15
428,Uses,15
429,Uses,15
430,Uses,198
431,Uses,173
431,Uses,15
432,Uses,15
433,Uses,111
433,Uses,15
434,Uses,15
435,Uses,15
436,Uses,111
437,Uses,44
438,Uses,71
439,Uses,15
440,Uses,15
441,Uses,15
442,Uses,65
443,Uses,65
444,Uses,192
445,Uses,101
446,Uses,189
446,Uses,15
447,Uses,189
447,Uses,15
448,Uses,101
449,Uses,15
450,Uses,174
451,Uses,20
451,Uses,15
452,Uses,15
453,Uses,15
454,Uses,15
455,Uses,20
456,Uses,37
456,Uses,15
457,Uses,15
458,Uses,15
459,Uses,15
460,Uses,37
461,Uses,106
461,Uses,15
462,Uses,106
462,Uses,15
463,Uses,106
464,Uses,15
465,Uses,106
466,Uses,176
467,Uses,15
468,Uses,199
468,Uses,15
469,Uses,199
469,Uses,15
470,Uses,35
471,Uses,35
472,Uses,15
473,Uses,15
474,Uses,15
475,Uses,196
476,Uses,186
476,Uses,197
476,Uses,15
477,Uses,186
478,Uses,15
479,Uses,185
479,Uses,49
480,Uses,15
481,Uses,193
481,Uses,15
482,Uses,182
482,Uses,15
483,Uses,21
484,Uses,21
485,Uses,153
486,Uses,153
486,Uses,15
487,Uses,195
487,Uses,15
488,Uses,188
489,Uses,195
489,Uses,15
490,Uses,132
491,Uses,15
492,Uses,15
493,Uses,15
494,Uses,15
495,Uses,15
496,Uses,175
497,Uses,172
498,Uses,138
498,Uses,15
499,Uses,15
500,Uses,15
501,Uses,15
502,Uses,138
503,Uses,149
504,Uses,181
504,Uses,15
505,Uses,181
505,Uses,15
506,Uses,15
507,Uses,149
508,Uses,15
509,Uses,15
510,Uses,15
511,Uses,118
512,Uses,118
512,Uses,15
513,Uses,118
513,Uses,15
514,Uses,15
515,Uses,166
515,Uses,15
516,Uses,15
517,Uses,15
518,Uses,166
519,Uses,166
519,Uses,15
520,Uses,166
521,Uses,22
521,Uses,15
522,Uses,22
522,Uses,15
523,Uses,15
524,Uses,22
525,Uses,22
526,Uses,15
527,Uses,162
527,Uses,15
528,Uses,162
528,Uses,15
529,Uses,15
530,Uses,162
531,Uses,184
532,Uses,179
532,Uses,95
533,Uses,200
533,Uses,15
534,Uses,15
535,Uses,95
535,Uses,51
535,Uses,15
536,Uses,15
537,Uses,95
538,Uses,95
539,Uses,95
539,Uses,15
540,Uses,177
540,Uses,15
541,Uses,15
542,Uses,95
542,Uses,15
543,Uses,15
544,Uses,51
545,Uses,148
1,References,0
1,References,7
3,References,6
176,References,176
176,Extends,106
180,Extends,137
184,References,132
184,Extends,162
188,Extends,195
192,References,101
192,Extends,65
193,References,148
193,Extends,49
194,References,126
194,References,53
194,Extends,55
195,References,108
195,References,110
195,References,59
195,References,153
195,References,160
195,References,109
195,References,66
195,Extends,132
196,References,35
196,Extends,35
198,References,98
198,References,86
198,Extends,88
202,References,95
202,References,27
