0,Entity,MavenWrapperDownloader
1,Entity,ServiceException
2,Entity,ConversionException
3,Entity,SchemaConstant
4,Entity,CloneUtils
5,Entity,Secrets
6,Entity,Country
7,Entity,CountryDescription
8,Entity,Language
9,Entity,Currency
10,Entity,ZoneDescription
11,Entity,Zone
12,Entity,GeoZone
13,Entity,GeoZoneDescription
14,Entity,PermissionList
15,Entity,PermissionCriteria
16,Entity,Permission
17,Entity,User
18,Entity,Group
19,Entity,UserCriteria
20,Entity,ShoppingCart
21,Entity,ShoppingCartAttributeItem
22,Entity,ShoppingCartItem
23,Entity,InputContentFile
24,Entity,ContentDescription
25,Entity,Content
26,Entity,ImageContentFile
27,Entity,OutputContentFile
28,Entity,ContentFile
29,Entity,StaticContentFile
30,Entity,TaxConfiguration
31,Entity,TaxItem
32,Entity,TaxRateDescription
33,Entity,TaxRate
34,Entity,TaxClass
35,Entity,CreditCardPayment
36,Entity,BasicPayment
37,Entity,Payment
38,Entity,PaymentMethod
39,Entity,PaypalPayment
40,Entity,Transaction
41,Entity,GenericEntityList
42,Entity,UserContext
43,Entity,Delivery
44,Entity,Criteria
45,Entity,Billing
46,Entity,Address
47,Entity,EntityList
48,Entity,AuditListener
49,Entity,AuditSection
50,Entity,Description
51,Entity,ShippingProduct
52,Entity,ShippingOrigin
53,Entity,ShippingSummary
54,Entity,ShippingConfiguration
55,Entity,PackageDetails
56,Entity,Package
57,Entity,ShippingOption
58,Entity,ShippingMetaData
59,Entity,Quote
60,Entity,ShippingQuote
61,Entity,OrderSummary
62,Entity,OrderList
63,Entity,OrderTotalVariation
64,Entity,Order
65,Entity,OrderCriteria
66,Entity,OrderTotalSummary
67,Entity,RebatesOrderTotalVariation
68,Entity,OrderTotalItem
69,Entity,OrderTotal
70,Entity,FileHistory
71,Entity,OrderProductAttribute
72,Entity,OrderProductDownload
73,Entity,OrderProduct
74,Entity,OrderProductPrice
75,Entity,OrderAccount
76,Entity,OrderAccountProduct
77,Entity,CreditCard
78,Entity,OrderAttribute
79,Entity,OrderStatusHistory
80,Entity,MerchantStore
81,Entity,MerchantStoreCriteria
82,Entity,SearchEntry
83,Entity,SearchResponse
84,Entity,IndexProduct
85,Entity,SearchKeywords
86,Entity,SearchFacet
87,Entity,IntegrationConfiguration
88,Entity,ModuleConfig
89,Entity,MerchantLog
90,Entity,SystemConfiguration
91,Entity,MerchantConfig
92,Entity,SystemNotification
93,Entity,MerchantConfiguration
94,Entity,IntegrationModule
95,Entity,Optin
96,Entity,CustomerOptin
97,Entity,Credentials
98,Entity,DbCredentials
99,Entity,CustomerList
100,Entity,CustomerCriteria
101,Entity,Customer
102,Entity,CustomerAttribute
103,Entity,CustomerOptionSet
104,Entity,CustomerOptionValue
105,Entity,CustomerOptionValueDescription
106,Entity,CustomerOptionDescription
107,Entity,CustomerOption
108,Entity,CustomerReview
109,Entity,CustomerReviewDescription
110,Entity,UserConnection
111,Entity,AbstractUserConnectionWithCompositeKey
112,Entity,AbstractUserConnection
113,Entity,UserConnectionPK
114,Entity,ProductCriteria
115,Entity,Product
116,Entity,ProductList
117,Entity,DigitalProduct
118,Entity,ProductOption
119,Entity,ProductAttribute
120,Entity,ProductOptionSet
121,Entity,ProductVariant
122,Entity,AttributeCriteria
123,Entity,ProductOptionDescription
124,Entity,ProductOptionValue
125,Entity,ProductOptionValueDescription
126,Entity,ProductAvailability
127,Entity,Manufacturer
128,Entity,ManufacturerDescription
129,Entity,ProductReviewDescription
130,Entity,ProductReview
131,Entity,ProductRelationship
132,Entity,ProductPriceDescription
133,Entity,FinalPrice
134,Entity,ProductPrice
135,Entity,ProductType
136,Entity,ProductTypeDescription
137,Entity,ProductDescription
138,Entity,ProductImageDescription
139,Entity,ProductImage
140,Entity,CatalogDescription
141,Entity,MarketPlace
142,Entity,Catalog
143,Entity,Category
144,Entity,CategoryDescription
145,Entity,CatalogCategoryEntry
146,Entity,Catalog
147,Entity,SalesManagerEntity
148,Entity,MavenWrapperDownloader
149,Entity,AdminFilter
150,Entity,StoreFilter
151,Entity,CorsFilter
152,Entity,ShopServletContextListener
153,Entity,ApplicationConstants
154,Entity,Constants
155,Entity,EmailConstants
156,Entity,ReadableShoppingCartPopulator
157,Entity,ShoppingCartDataPopulator
158,Entity,ReadablePermissionPopulator
159,Entity,ReadableUserPopulator
160,Entity,PersistableManufacturerPopulator
161,Entity,ReadableManufacturerPopulator
162,Entity,ReadableCountryPopulator
163,Entity,ReadableZonePopulator
164,Entity,ReadableMerchantStorePopulatorWithDetails
165,Entity,ReadableMerchantStorePopulator
166,Entity,ReadableShopOrderPopulator
167,Entity,ReadableShippingSummaryPopulator
168,Entity,PersistableOrderPopulator
169,Entity,OrderProductPopulator
170,Entity,ReadableOrderSummaryPopulator
171,Entity,ReadableOrderTotalPopulator
172,Entity,ReadableOrderProductPopulator
173,Entity,ReadableOrderProductDownloadPopulator
174,Entity,PersistableOrderProductPopulator
175,Entity,ShoppingCartItemPopulator
176,Entity,PersistableTransactionPopulator
177,Entity,PersistablePaymentPopulator
178,Entity,ReadableTransactionPopulator
179,Entity,ReadableOptinPopulator
180,Entity,PersistableCustomerReviewPopulator
181,Entity,CustomerOptionPopulator
182,Entity,ReadableCustomerDeliveryAddressPopulator
183,Entity,PersistableCustomerShippingAddressPopulator
184,Entity,PersistableCustomerOptionPopulator
185,Entity,PersistableCustomerPopulator
186,Entity,PersistableCustomerOptionValuePopulator
187,Entity,ReadableCustomerOptionPopulator
188,Entity,PersistableCustomerBillingAddressPopulator
189,Entity,CustomerEntityPopulator
190,Entity,CustomerBillingAddressPopulator
191,Entity,ReadableCustomerPopulator
192,Entity,CustomerDeliveryAddressPopulator
193,Entity,ReadableCustomerList
194,Entity,ReadableProductReviewPopulator
195,Entity,ReadableCustomerReviewPopulator
196,Entity,PersistableProductOptionValuePopulator
197,Entity,ReadableCategoryPopulator
198,Entity,ReadableFinalPricePopulator
199,Entity,PersistableProductOptionPopulator
200,Entity,PersistableProductReviewPopulator
201,Entity,ReadableProductReviewPopulator
202,Entity,ReadableProductPricePopulator
203,Entity,PersistableProductImagePopulator
204,Entity,ReadableProductPopulator
205,Entity,LocaleUtils
206,Entity,MerchantUtils
207,Entity,PageBuilderUtils
208,Entity,BeanUtils
209,Entity,SessionUtil
210,Entity,DateUtil
211,Entity,LabelUtils
212,Entity,AdminAccessDeniedHandler
213,Entity,CategoryUtils
214,Entity,ServiceRequestCriteriaBuilderUtils
215,Entity,GeoLocationUtils
216,Entity,TokenizeTool
217,Entity,AbstractimageFilePath
218,Entity,FieldMatchValidator
219,Entity,UserUtils
220,Entity,EnumValidator
221,Entity,ShopProductImageUrlTag
222,Entity,ContentImageUrlTag
223,Entity,ShopProductRelationshipTag
224,Entity,OrderProductDownloadUrlTag
225,Entity,ShopProductPriceFormatTag
226,Entity,ProductImageUrlTag
227,Entity,ActiveLinkTag
228,Entity,ConfigurationTag
229,Entity,PageContentTag
230,Entity,StoreLogoUrlTag
231,Entity,ProductDescriptionUrlTag
232,Entity,StoreBreadcrumbsTag
233,Entity,AdminProductDownloadUrlTag
234,Entity,ManufacturerImageUrlTag
235,Entity,StoreFooterlTag
236,Entity,PageInformation
237,Entity,Breadcrumb
238,Entity,BreadcrumbItem
239,Entity,ContactForm
240,Entity,PasswordRequest
241,Entity,ServicesAuthenticationEntryPoint
242,Entity,AuthenticationRequest
243,Entity,ServicesAuthenticationSuccessHandler
244,Entity,AuthenticationTokenFilter
245,Entity,AbstractCustomerServices
246,Entity,ResetPasswordRequest
247,Entity,AuthenticationResponse
248,Entity,JWTUser
249,Entity,CustomerDetails
250,Entity,CustomAuthenticationManager
251,Entity,CustomAuthenticationException
252,Entity,JWTAdminAuthenticationProvider
253,Entity,AdminAccessDeniedHandler
254,Entity,JWTCustomerAuthenticationProvider
255,Entity,AbstractController
256,Entity,AbstractConfigurationFacadeImpl
257,Entity,PaginationData
258,Entity,QueryFilter
259,Entity,AutoCompleteRequest
260,Entity,Attribute
261,Entity,AttributeValue
262,Entity,ServiceRuntimeException
263,Entity,ErrorEntity
264,Entity,OperationNotAllowedException
265,Entity,UnauthorizedException
266,Entity,RestApiException
267,Entity,GenericRuntimeException
268,Entity,ConversionRuntimeException
269,Entity,ResourceNotFoundException
270,Entity,ApiUserAuthenticationSuccessHandler
271,Entity,SecurityQuestion
272,Entity,SecurityDataAccessException
273,Entity,UserAuthenticationSuccessHandler
274,Entity,AbstractAuthenticatinSuccessHandler
275,Entity,Password
276,Entity,Weight
277,Entity,Size
278,Entity,ProductImages
279,Entity,ContentFiles
280,Entity,ProductFiles
281,Entity,GroupDetails
282,Entity,ShopGroup
283,Entity,ShopPermission
284,Entity,Permissions
285,Entity,Order
286,Entity,Refund
287,Entity,UserReset
288,Entity,StoreLandingDescription
289,Entity,StoreLanding
290,Entity,Menu
291,Entity,ConfigListWrapper
292,Entity,CustomerOptionValue
293,Entity,CustomerOption
294,Entity,CustomerAttributes
295,Entity,Manufacturer
296,Entity,Category
297,Entity,ProductPrice
298,Entity,Product
299,Entity,Keyword
300,Entity,MavenWrapperDownloader
301,Entity,IntegrationException
302,Entity,BeanStreamPayment
303,Entity,StripePayment
304,Entity,PayPalExpressCheckoutPayment
305,Entity,BraintreePayment
306,Entity,MoneyOrderPayment
307,Entity,PayPalRestPayment
308,Entity,Stripe3Payment
309,Entity,UPSShippingQuote
310,Entity,UPSParsedElements
311,Entity,CustomWeightBasedShippingQuote
312,Entity,StorePickupShippingQuote
313,Entity,DecisionResponse
314,Entity,ShippingDecisionPreProcessorImpl
315,Entity,ShippingInputParameters
316,Entity,DefaultPackagingImpl
317,Entity,PackingBox
318,Entity,PriceByDistanceShippingQuoteRules
319,Entity,USPSShippingQuote
320,Entity,USPSParsedElements
321,Entity,CustomShippingQuoteRules
322,Entity,EmailConfig
323,Entity,Email
324,Entity,EncryptionImpl
325,Entity,GeoLocationImpl
326,Entity,IndexEntityProcessor
327,Entity,ProductFileManagerImpl
328,Entity,ProductFileManager
329,Entity,CmsImageFileManagerImpl
330,Entity,CmsImageFileManagerImpl
331,Entity,S3ProductContentFileManager
332,Entity,DownloadCacheManagerImpl
333,Entity,VendorCacheManager
334,Entity,StoreCacheManagerImpl
335,Entity,StaticContentCacheManagerImpl
336,Entity,S3CacheManagerImpl
337,Entity,CacheManagerImpl
338,Entity,LocalCacheManagerImpl
339,Entity,StaticContentFileManagerImpl
340,Entity,StaticContentFileManager
341,Entity,CmsStaticContentFileManagerImpl
342,Entity,CmsStaticContentFileManagerImpl
343,Entity,S3StaticContentAssetsManagerImpl
344,Entity,StaticContentData
345,Entity,ODSInvoiceModule
346,Entity,OrderTotalInputParameters
347,Entity,OrderTotalResponse
348,Entity,ShippingConstants
349,Entity,Constants
350,Entity,SystemConstants
351,Entity,UserRepositoryImpl
352,Entity,PermissionRepositoryImpl
353,Entity,ContentRepositoryImpl
354,Entity,OrderRepositoryImpl
355,Entity,MerchantRepositoryImpl
356,Entity,CustomerRepositoryImpl
357,Entity,ProductRepositoryImpl
358,Entity,ProductRelationshipRepositoryImpl
359,Entity,CategoryRepositoryImpl
360,Entity,PageableCategoryRepositoryImpl
361,Entity,SecurityGroupsBuilder
362,Entity,ApplicationContextListenerUtils
363,Entity,CatalogServiceHelper
364,Entity,ProductUtils
365,Entity,DataUtils
366,Entity,ProductImageCropUtils
367,Entity,CreditCardUtils
368,Entity,ProductImageSizeUtils
369,Entity,AbstractDataPopulator
370,Entity,RepositoryHelper
371,Entity,AjaxResponse
372,Entity,AjaxPageableResponse
373,Entity,ProductQueryBuilder
374,Entity,VaultConfiguration
375,Entity,DbConfig
376,Entity,ConfigurationModulesLoader
377,Entity,ZoneTransient
378,Entity,UserServiceImpl
379,Entity,SalesManagerEntityServiceImpl
380,Entity,MavenWrapperDownloader
381,Entity,ReadablePermission
382,Entity,PermissionEntity
383,Entity,GroupEntity
384,Entity,PersistableGroup
385,Entity,ReadableGroup
386,Entity,UserNameEntity
387,Entity,PersistableUser
388,Entity,User
389,Entity,UserEntity
390,Entity,UserPassword
391,Entity,ReadableUserList
392,Entity,ReadableUser
393,Entity,PersistableShoppingCartItem
394,Entity,ReadableShoppingCartAttributeOptionValue
395,Entity,ReadableShoppingCartItem
396,Entity,ReadableShoppingCartAttributeOption
397,Entity,ShoppingCartEntity
398,Entity,ReadableShoppingCart
399,Entity,ShoppingCartAttribute
400,Entity,ReadableShoppingCartAttribute
401,Entity,CartModificationException
402,Entity,ShoppingCartItem
403,Entity,PersistableContentEntity
404,Entity,ContentDescriptionEntity
405,Entity,ReadableContentFull
406,Entity,ContentPath
407,Entity,ReadableContentObject
408,Entity,PersistableContent
409,Entity,ContentImage
410,Entity,ReadableContentEntity
411,Entity,ReadableImage
412,Entity,ObjectContent
413,Entity,Content
414,Entity,ContentName
415,Entity,ReadableContentPage
416,Entity,ReadableContentBox
417,Entity,ReadableContent
418,Entity,ContentFolder
419,Entity,ContentSettings
420,Entity,PersistableContentPage
421,Entity,ContentFile
422,Entity,ContentEntity
423,Entity,PersistableAddress
424,Entity,ZoneEntity
425,Entity,ReadableZone
426,Entity,ReadableAddress
427,Entity,SizeReferences
428,Entity,CountryEntity
429,Entity,Address
430,Entity,ReadableCountry
431,Entity,PersistableMerchantStore
432,Entity,MarketPlaceEntity
433,Entity,ReadableMarketPlace
434,Entity,TaxRateDescription
435,Entity,ReadableTaxRateDescription
436,Entity,PersistableTaxClass
437,Entity,ReadableTaxClass
438,Entity,PersistableTaxRate
439,Entity,ReadableTaxRateFull
440,Entity,ReadableTaxRate
441,Entity,TaxRateEntity
442,Entity,TaxClassEntity
443,Entity,MerchantStoreBrand
444,Entity,PersistableMerchantStore
445,Entity,MerchantStoreEntity
446,Entity,ReadableBrand
447,Entity,PersistableBrand
448,Entity,ReadableMerchantStore
449,Entity,ReadableMerchantStoreList
450,Entity,MerchantConfigEntity
451,Entity,ShopEntity
452,Entity,ValueList
453,Entity,ListCriteria
454,Entity,ReadableEntityList
455,Entity,ReadableList
456,Entity,UniqueEntity
457,Entity,Entity
458,Entity,EntityExists
459,Entity,ReadableEntity
460,Entity,ReadableAudit
461,Entity,ServiceEntity
462,Entity,PersistableConfiguration
463,Entity,ConfigurationEntity
464,Entity,ReadableConfiguration
465,Entity,BoxConfiguration
466,Entity,ExpeditionConfiguration
467,Entity,ShippingConfiguration
468,Entity,OrderProductEntity
469,Entity,ShopOrder
470,Entity,PersistableOrderProduct
471,Entity,ReadableOrderProduct
472,Entity,OrderAttribute
473,Entity,ReadableOrderProductAttribute
474,Entity,ReadableShopOrder
475,Entity,OrderEntity
476,Entity,ReadableOrderProductDownload
477,Entity,OrderProduct
478,Entity,ReadableOrderTotalSummary
479,Entity,Order
480,Entity,ReadableOrderList
481,Entity,PersistableOrder
482,Entity,ReadableOrder
483,Entity,ReadableTotal
484,Entity,ReadableOrderTotal
485,Entity,OrderTotal
486,Entity,ReadableOrderStatusHistory
487,Entity,OrderStatusHistory
488,Entity,PersistableOrderStatusHistory
489,Entity,PersistableAnonymousOrder
490,Entity,Order
491,Entity,ReadableOrderList
492,Entity,PersistableOrder
493,Entity,ReadableOrder
494,Entity,ReadableShippingSummary
495,Entity,TransactionEntity
496,Entity,PersistablePayment
497,Entity,ReadablePayment
498,Entity,PaymentEntity
499,Entity,PersistableTransaction
500,Entity,ReadableTransaction
501,Entity,OptinEntity
502,Entity,Optin
503,Entity,IntegrationModuleEntity
504,Entity,Configs
505,Entity,PersistableOptin
506,Entity,ReadableOptin
507,Entity,PersistableCustomerReview
508,Entity,ReadableDelivery
509,Entity,DeliveryEntity
510,Entity,CustomerEntity
511,Entity,CustomerPassword
512,Entity,PersistableCustomer
513,Entity,ReadableCustomer
514,Entity,AnonymousCustomer
515,Entity,BillingEntity
516,Entity,SecuredShopPersistableCustomer
517,Entity,CustomerReviewEntity
518,Entity,Customer
519,Entity,ReadableCustomerReview
520,Entity,ReadableBilling
521,Entity,SecuredCustomer
522,Entity,UserAlreadyExistException
523,Entity,CustomerOptionValueEntity
524,Entity,ReadableCustomerOptionValue
525,Entity,CustomerAttribute
526,Entity,PersistableCustomerOptionValue
527,Entity,CustomerOptionValue
528,Entity,CustomerOptionValueDescription
529,Entity,CustomerOptionDescription
530,Entity,ReadableCustomerOption
531,Entity,PersistableCustomerAttribute
532,Entity,ReadableCustomerAttribute
533,Entity,CustomerOptionEntity
534,Entity,CustomerOption
535,Entity,PersistableCustomerOption
536,Entity,CustomerAttributeEntity
537,Entity,AddressLocation
538,Entity,Address
539,Entity,CustomerOptinEntity
540,Entity,CustomerOptin
541,Entity,PersistableCustomerOptin
542,Entity,SearchProductList
543,Entity,NamedEntity
544,Entity,SearchProductRequest
545,Entity,ProductList
546,Entity,PersistableProductPrice
547,Entity,PersistableProductReview
548,Entity,ProductPriceEntity
549,Entity,ReadableProductFull
550,Entity,ReadableProductList
551,Entity,ReadableImage
552,Entity,ReadableProduct
553,Entity,RentalOwner
554,Entity,LightPersistableProduct
555,Entity,RelatedProduct
556,Entity,ProductPriceDescription
557,Entity,ReadableProductPrice
558,Entity,ProductSpecification
559,Entity,ProductReviewEntity
560,Entity,ReadableProductPriceFull
561,Entity,ProductPrice
562,Entity,Product
563,Entity,PersistableImage
564,Entity,ProductEntity
565,Entity,ProductDescription
566,Entity,ReadableProductReview
567,Entity,PersistableProduct
568,Entity,ReadableProductName
569,Entity,ReadableProductAttributeValue
570,Entity,ReadableProductOptionValue
571,Entity,ProductOptionEntity
572,Entity,ProductOption
573,Entity,ProductAttribute
574,Entity,PersistableProductAttribute
575,Entity,ReadableProductOption
576,Entity,ReadableProductVariantValue
577,Entity,ReadableSelectedProductVariant
578,Entity,ReadableProductVariant
579,Entity,ReadableProductAttribute
580,Entity,ProductAttributeValueDescription
581,Entity,PersistableProductOptionValue
582,Entity,PersistableProductOption
583,Entity,ProductOptionDescription
584,Entity,ProductOptionValue
585,Entity,ProductOptionValueDescription
586,Entity,PersistableProductOptionSet
587,Entity,ProductOptionSetEntity
588,Entity,ReadableProductOptionSet
589,Entity,PersistableProductOptionValueEntity
590,Entity,ReadableProductOptionFull
591,Entity,ReadableProductAttributeList
592,Entity,ReadableProductAttributeEntity
593,Entity,ReadableProductOptionValueFull
594,Entity,ReadableProductOptionEntity
595,Entity,PersistableProductOptionEntity
596,Entity,ReadableProductOptionValueEntity
597,Entity,ProductAttributeEntity
598,Entity,ProductOptionValueEntity
599,Entity,ReadableProductOptionList
600,Entity,ReadableProductOptionValueList
601,Entity,ReadableProductTypeList
602,Entity,ProductTypeEntity
603,Entity,ReadableProductType
604,Entity,PersistableProductType
605,Entity,ProductGroup
606,Entity,ReadableInventoryList
607,Entity,InventoryEntity
608,Entity,PersistableInventory
609,Entity,ReadableInventory
610,Entity,Manufacturer
611,Entity,ReadableManufacturerList
612,Entity,ManufacturerDescription
613,Entity,ReadableManufacturerFull
614,Entity,ReadableManufacturer
615,Entity,ManufacturerEntity
616,Entity,PersistableManufacturer
617,Entity,ReadableCategoryList
618,Entity,ReadableCategoryName
619,Entity,Category
620,Entity,CategoryDescription
621,Entity,CategoryEntity
622,Entity,ReadableCategoryFull
623,Entity,ReadableCategory
624,Entity,PersistableCategory
625,Entity,CatalogEntryEntity
626,Entity,ReadableCatalog
627,Entity,CatalogEntity
628,Entity,ReadableCatalogCategoryEntry
629,Entity,ReadableCatalogCategoryEntryList
630,Entity,PersistableCatalogCategoryEntry
631,Entity,ReadableCatalogName
632,Entity,ReadableCatalogList
633,Entity,PersistableCatalog
634,Entity,BeanUtils
635,Entity,FieldMatchValidator
636,Entity,EnumValidator
637,Method,supportsParameter,LanguageArgumentResolver
638,Method,resolveArgument,LanguageArgumentResolver
639,Method,supportsParameter,MerchantStoreArgumentResolver
640,Method,resolveArgument,MerchantStoreArgumentResolver
641,Method,init,InitializationLoader
642,Method,getShoppingCartService,ShoppingCartModelPopulator
643,Method,setShoppingCartService,ShoppingCartModelPopulator
644,Method,getProductService,ShoppingCartModelPopulator
645,Method,setProductService,ShoppingCartModelPopulator
646,Method,getProductAttributeService,ShoppingCartModelPopulator
647,Method,setProductAttributeService,ShoppingCartModelPopulator
648,Method,populate,ShoppingCartModelPopulator
649,Method,createCartItem,ShoppingCartModelPopulator
650,Method,createTarget,ShoppingCartModelPopulator
651,Method,getCustomer,ShoppingCartModelPopulator
652,Method,setCustomer,ShoppingCartModelPopulator
653,Method,populate,PersistableUserPopulator
654,Method,createTarget,PersistableUserPopulator
655,Method,populate,PersistableMerchantStorePopulator
656,Method,createTarget,PersistableMerchantStorePopulator
657,Method,getZoneService,PersistableMerchantStorePopulator
658,Method,setZoneService,PersistableMerchantStorePopulator
659,Method,getCountryService,PersistableMerchantStorePopulator
660,Method,setCountryService,PersistableMerchantStorePopulator
661,Method,getLanguageService,PersistableMerchantStorePopulator
662,Method,setLanguageService,PersistableMerchantStorePopulator
663,Method,getCurrencyService,PersistableMerchantStorePopulator
664,Method,setCurrencyService,PersistableMerchantStorePopulator
665,Method,populate,PersistableOrderApiPopulator
666,Method,createTarget,PersistableOrderApiPopulator
667,Method,populate,ReadableOrderPopulator
668,Method,createTotal,ReadableOrderPopulator
669,Method,createTarget,ReadableOrderPopulator
670,Method,populate,CustomerPopulator
671,Method,createTarget,CustomerPopulator
672,Method,populate,PersistableProductPopulator
673,Method,setCategoryService,PersistableProductPopulator
674,Method,getCategoryService,PersistableProductPopulator
675,Method,setManufacturerService,PersistableProductPopulator
676,Method,getManufacturerService,PersistableProductPopulator
677,Method,setTaxClassService,PersistableProductPopulator
678,Method,getTaxClassService,PersistableProductPopulator
679,Method,getLanguageService,PersistableProductPopulator
680,Method,setLanguageService,PersistableProductPopulator
681,Method,getProductOptionService,PersistableProductPopulator
682,Method,setProductOptionService,PersistableProductPopulator
683,Method,getProductOptionValueService,PersistableProductPopulator
684,Method,setProductOptionValueService,PersistableProductPopulator
685,Method,createTarget,PersistableProductPopulator
686,Method,getCustomerService,PersistableProductPopulator
687,Method,setCustomerService,PersistableProductPopulator
688,Method,setCategoryService,PersistableCategoryPopulator
689,Method,getCategoryService,PersistableCategoryPopulator
690,Method,setLanguageService,PersistableCategoryPopulator
691,Method,getLanguageService,PersistableCategoryPopulator
692,Method,populate,PersistableCategoryPopulator
693,Method,buildDescription,PersistableCategoryPopulator
694,Method,createTarget,PersistableCategoryPopulator
695,Method,downloadFile,FilesController
696,Method,downloadProduct,FilesController
697,Method,init,ImagesController
698,Method,printImage,ImagesController
699,Method,getProvinces,ReferenceController
700,Method,countryName,ReferenceController
701,Method,zoneName,ReferenceController
702,Method,getCreditCardDates,ReferenceController
703,Method,getMonthsOfYear,ReferenceController
704,Method,getFromCache,WebApplicationCacheUtils
705,Method,putInCache,WebApplicationCacheUtils
706,Method,sendOrderEmail,EmailTemplatesUtils
707,Method,sendRegistrationEmail,EmailTemplatesUtils
708,Method,sendContactEmail,EmailTemplatesUtils
709,Method,sendUpdateOrderStatusEmail,EmailTemplatesUtils
710,Method,sendOrderDownloadEmail,EmailTemplatesUtils
711,Method,changePasswordNotificationEmail,EmailTemplatesUtils
712,Method,getProperties,AppConfiguration
713,Method,setProperties,AppConfiguration
714,Method,getProperty,AppConfiguration
715,Method,getBasePath,ImageFilePathUtils
716,Method,setBasePath,ImageFilePathUtils
717,Method,getContextPath,ImageFilePathUtils
718,Method,authenticatedUser,AuthorizationUtils
719,Method,authorizeUser,AuthorizationUtils
720,Method,createEmailObjectsMap,EmailUtils
721,Method,getBasePath,LocalImageFilePathUtils
722,Method,setBasePath,LocalImageFilePathUtils
723,Method,buildStaticimageUtils,LocalImageFilePathUtils
724,Method,buildManufacturerimageUtils,LocalImageFilePathUtils
725,Method,buildProductimageUtils,LocalImageFilePathUtils
726,Method,buildLargeProductimageUtils,LocalImageFilePathUtils
727,Method,buildStoreLogoFilePath,LocalImageFilePathUtils
728,Method,buildProductPropertyimageUtils,LocalImageFilePathUtils
729,Method,getContextPath,LocalImageFilePathUtils
730,Method,checkCaptcha,CaptchaRequestUtils
731,Method,getBasePath,CloudFilePathUtils
732,Method,setBasePath,CloudFilePathUtils
733,Method,getContextPath,CloudFilePathUtils
734,Method,buildStaticImageUtils,CloudFilePathUtils
735,Method,getServiceLanguage,LanguageUtils
736,Method,getRequestLanguage,LanguageUtils
737,Method,getRESTLanguage,LanguageUtils
738,Method,buildCategoryBreadcrumb,BreadcrumbsUtils
739,Method,buildProductBreadcrumb,BreadcrumbsUtils
740,Method,parseBreadCrumb,BreadcrumbsUtils
741,Method,parseCategoryLineage,BreadcrumbsUtils
742,Method,buildBreadCrumb,BreadcrumbsUtils
743,Method,buildStaticFilePath,FilePathUtils
744,Method,buildAdminDownloadProductFilePath,FilePathUtils
745,Method,buildOrderDownloadProductFilePath,FilePathUtils
746,Method,buildStaticFileAbsolutePath,FilePathUtils
747,Method,buildStoreUri,FilePathUtils
748,Method,buildRelativeStoreUri,FilePathUtils
749,Method,buildCustomerUri,FilePathUtils
750,Method,buildAdminUri,FilePathUtils
751,Method,buildCategoryUrl,FilePathUtils
752,Method,buildProductUrl,FilePathUtils
753,Method,getContextPath,FilePathUtils
754,Method,normalizePath,FilePathUtils
755,Method,getDomainName,FilePathUtils
756,Method,buildBaseUrl,FilePathUtils
757,Method,convert,ReadableOptinMapper
758,Method,convert,PersistableOptinMapper
759,Method,convert,ReadableTaxRateMapper
760,Method,convertDescription,ReadableTaxRateMapper
761,Method,convert,PersistableTaxRateMapper
762,Method,taxRate,PersistableTaxRateMapper
763,Method,description,PersistableTaxRateMapper
764,Method,convert,PersistableTaxClassMapper
765,Method,convert,ReadableTaxClassMapper
766,Method,convert,PersistableInventoryMapper
767,Method,getDescription,PersistableInventoryMapper
768,Method,convert,ReadableInventoryMapper
769,Method,store,ReadableInventoryMapper
770,Method,prices,ReadableInventoryMapper
771,Method,convert,PersistableProductAttributeMapper
772,Method,convert,ReadableProductOptionSetMapper
773,Method,option,ReadableProductOptionSetMapper
774,Method,optionValue,ReadableProductOptionSetMapper
775,Method,optionDescription,ReadableProductOptionSetMapper
776,Method,optionValueDescription,ReadableProductOptionSetMapper
777,Method,productType,ReadableProductOptionSetMapper
778,Method,convert,PersistableCatalogCategoryEntryMapper
779,Method,convert,ReadableCatalogCategoryEntryMapper
780,Method,convert,ReadableProductOptionMapper
781,Method,description,ReadableProductOptionMapper
782,Method,convert,ReadableCatalogMapper
783,Method,processCategory,ReadableCatalogMapper
784,Method,toReadableCategory,ReadableCatalogMapper
785,Method,convert,ReadableProductOptionValueMapper
786,Method,description,ReadableProductOptionValueMapper
787,Method,description,PersistableProductOptionValueMapper
788,Method,convert,PersistableProductOptionValueMapper
789,Method,convert,PersistableProductOptionSetMapper
790,Method,value,PersistableProductOptionSetMapper
791,Method,convert,ReadableCategoryMapper
792,Method,feedDescription,ReadableCategoryMapper
793,Method,convertDescription,ReadableCategoryMapper
794,Method,createParentCategory,ReadableCategoryMapper
795,Method,category,ReadableCategoryMapper
796,Method,convert,PersistableProductTypeMapper
797,Method,convert,ReadableProductAttributeMapper
798,Method,description,PersistableProductOptionMapper
799,Method,convert,PersistableProductOptionMapper
800,Method,convert,PersistableCatalogMapper
801,Method,convert,ReadableManufacturerMapper
802,Method,getDescription,ReadableManufacturerMapper
803,Method,convertDescription,ReadableManufacturerMapper
804,Method,convert,ReadableProductTypeMapper
805,Method,getUsernameFromToken,JWTTokenUtil
806,Method,getIssuedAtDateFromToken,JWTTokenUtil
807,Method,getExpirationDateFromToken,JWTTokenUtil
808,Method,getAudienceFromToken,JWTTokenUtil
809,Method,getClaimFromToken,JWTTokenUtil
810,Method,getAllClaimsFromToken,JWTTokenUtil
811,Method,isTokenExpired,JWTTokenUtil
812,Method,isTokenExpiredWithGrace,JWTTokenUtil
813,Method,isCreatedBeforeLastPasswordReset,JWTTokenUtil
814,Method,isCreatedBeforeLastPasswordResetWithGrace,JWTTokenUtil
815,Method,addSeconds,JWTTokenUtil
816,Method,generateAudience,JWTTokenUtil
817,Method,ignoreTokenExpiration,JWTTokenUtil
818,Method,generateToken,JWTTokenUtil
819,Method,doGenerateToken,JWTTokenUtil
820,Method,canTokenBeRefreshedWithGrace,JWTTokenUtil
821,Method,canTokenBeRefreshed,JWTTokenUtil
822,Method,refreshToken,JWTTokenUtil
823,Method,validateToken,JWTTokenUtil
824,Method,calculateExpirationDate,JWTTokenUtil
825,Method,commence,RestAuthenticationEntryPoint
826,Method,getOrder,RestAuthenticationEntryPoint
827,Method,afterPropertiesSet,RestAuthenticationEntryPoint
828,Method,userDetails,CustomerServicesImpl
829,Method,loadUserByUsername,SocialCustomerServicesImpl
830,Method,attemptAuthentication,JWTAdminAuthenticationManager
831,Method,successfullAuthentication,JWTAdminAuthenticationManager
832,Method,unSuccessfullAuthentication,JWTAdminAuthenticationManager
833,Method,userDetails,JWTAdminServicesImpl
834,Method,loadUserByUsername,JWTAdminServicesImpl
835,Method,userDetails,JWTCustomerServicesImpl
836,Method,attemptAuthentication,JWTCustomerAuthenticationManager
837,Method,successfullAuthentication,JWTCustomerAuthenticationManager
838,Method,unSuccessfullAuthentication,JWTCustomerAuthenticationManager
839,Method,displayLanding,LandingController
840,Method,displayHomeStub,LandingController
841,Method,displayStoreLanding,LandingController
842,Method,displayMiniCart,MiniCartController
843,Method,removeShoppingCartItem,MiniCartController
844,Method,addShoppingCartItem,ShoppingCartController
845,Method,displayShoppingCart,ShoppingCartController
846,Method,shoppingCart,ShoppingCartController
847,Method,removeShoppingCartItem,ShoppingCartController
848,Method,updateShoppingCartItem,ShoppingCartController
849,Method,deleteShoppingCart,ShoppingCartFacadeImpl
850,Method,addItemsToShoppingCart,ShoppingCartFacadeImpl
851,Method,createCartItem,ShoppingCartFacadeImpl
852,Method,createCartItems,ShoppingCartFacadeImpl
853,Method,createCartModel,ShoppingCartFacadeImpl
854,Method,getEntryToUpdate,ShoppingCartFacadeImpl
855,Method,getKeyValue,ShoppingCartFacadeImpl
856,Method,getShoppingCartData,ShoppingCartFacadeImpl
857,Method,removeCartItem,ShoppingCartFacadeImpl
858,Method,updateCartItem,ShoppingCartFacadeImpl
859,Method,updateCartItems,ShoppingCartFacadeImpl
860,Method,getCartModel,ShoppingCartFacadeImpl
861,Method,getShoppingCartModel,ShoppingCartFacadeImpl
862,Method,saveOrUpdateShoppingCart,ShoppingCartFacadeImpl
863,Method,getCart,ShoppingCartFacadeImpl
864,Method,addToCart,ShoppingCartFacadeImpl
865,Method,removeShoppingCartItem,ShoppingCartFacadeImpl
866,Method,readableShoppingCart,ShoppingCartFacadeImpl
867,Method,modifyCart,ShoppingCartFacadeImpl
868,Method,modifyCartMulti,ShoppingCartFacadeImpl
869,Method,saveShoppingCart,ShoppingCartFacadeImpl
870,Method,uniqueShoppingCartCode,ShoppingCartFacadeImpl
871,Method,getById,ShoppingCartFacadeImpl
872,Method,getByCode,ShoppingCartFacadeImpl
873,Method,setOrderId,ShoppingCartFacadeImpl
874,Method,getPermissions,SecurityFacadeImpl
875,Method,validateUserPassword,SecurityFacadeImpl
876,Method,encodePassword,SecurityFacadeImpl
877,Method,matchPassword,SecurityFacadeImpl
878,Method,getListCountryZones,CountryFacadeImpl
879,Method,convertToReadableCountry,CountryFacadeImpl
880,Method,getListOfCountryZones,CountryFacadeImpl
881,Method,displayProductWithReference,ShopProductController
882,Method,displayProduct,ShopProductController
883,Method,display,ShopProductController
884,Method,calculatePrice,ShopProductController
885,Method,createAttribute,ShopProductController
886,Method,relatedItems,ShopProductController
887,Method,findByUserName,UserFacadeImpl
888,Method,convertUserToReadableUser,UserFacadeImpl
889,Method,converPersistabletUserToUser,UserFacadeImpl
890,Method,getByUserName,UserFacadeImpl
891,Method,getByUserId,UserFacadeImpl
892,Method,findPermissionsByGroups,UserFacadeImpl
893,Method,convertPermissionToReadablePermission,UserFacadeImpl
894,Method,getPermissionsByIds,UserFacadeImpl
895,Method,authorizedStore,UserFacadeImpl
896,Method,authorizedGroup,UserFacadeImpl
897,Method,authenticatedUser,UserFacadeImpl
898,Method,create,UserFacadeImpl
899,Method,getByCriteria,UserFacadeImpl
900,Method,delete,UserFacadeImpl
901,Method,update,UserFacadeImpl
902,Method,changePassword,UserFacadeImpl
903,Method,listByCriteria,UserFacadeImpl
904,Method,authorizedGroups,UserFacadeImpl
905,Method,userInRoles,UserFacadeImpl
906,Method,updateEnabled,UserFacadeImpl
907,Method,authorizeStore,UserFacadeImpl
908,Method,findById,UserFacadeImpl
909,Method,getLanguages,LanguageFacadeImpl
910,Method,displayContent,ShopContentController
911,Method,get,MarketPlaceFacadeImpl
912,Method,createReadableMarketPlace,MarketPlaceFacadeImpl
913,Method,findByMerchantAndType,MarketPlaceFacadeImpl
914,Method,getOptinByMerchantAndType,MarketPlaceFacadeImpl
915,Method,convertOptinToReadableOptin,MarketPlaceFacadeImpl
916,Method,create,OptinFacadeImpl
917,Method,createOptin,OptinFacadeImpl
918,Method,displayListingPage,ListItemsController
919,Method,getList,CurrencyFacadeImpl
920,Method,display,ContactController
921,Method,sendEmail,ContactController
922,Method,getByCode,StoreFacadeImpl
923,Method,get,StoreFacadeImpl
924,Method,getFullByCode,StoreFacadeImpl
925,Method,getLanguage,StoreFacadeImpl
926,Method,existByCode,StoreFacadeImpl
927,Method,convertMerchantStoreToReadableMerchantStore,StoreFacadeImpl
928,Method,convertMerchantStoreToReadableMerchantStoreWithFullDetails,StoreFacadeImpl
929,Method,getMerchantStoreByCode,StoreFacadeImpl
930,Method,create,StoreFacadeImpl
931,Method,createMerchantStore,StoreFacadeImpl
932,Method,convertPersistableMerchantStoreToMerchantStore,StoreFacadeImpl
933,Method,update,StoreFacadeImpl
934,Method,updateMerchantStore,StoreFacadeImpl
935,Method,mergePersistableMerchantStoreToMerchantStore,StoreFacadeImpl
936,Method,getByCriteria,StoreFacadeImpl
937,Method,getMerchantStoresByCriteria,StoreFacadeImpl
938,Method,delete,StoreFacadeImpl
939,Method,getBrand,StoreFacadeImpl
940,Method,getMerchantConfigEntities,StoreFacadeImpl
941,Method,getMergeConfigurationsByStore,StoreFacadeImpl
942,Method,convertToMerchantConfigEntity,StoreFacadeImpl
943,Method,convertToMerchantConfiguration,StoreFacadeImpl
944,Method,createReadableImage,StoreFacadeImpl
945,Method,deleteLogo,StoreFacadeImpl
946,Method,addStoreLogo,StoreFacadeImpl
947,Method,addLogoToStore,StoreFacadeImpl
948,Method,saveMerchantStore,StoreFacadeImpl
949,Method,createBrand,StoreFacadeImpl
950,Method,getChildStores,StoreFacadeImpl
951,Method,findAll,StoreFacadeImpl
952,Method,convertStoreName,StoreFacadeImpl
953,Method,getMerchantStoreNames,StoreFacadeImpl
954,Method,supportedLanguages,StoreFacadeImpl
955,Method,getExpeditionConfiguration,ShippingFacadeImpl
956,Method,saveExpeditionConfiguration,ShippingFacadeImpl
957,Method,saveShippingConfiguration,ShippingFacadeImpl
958,Method,getShippingOrigin,ShippingFacadeImpl
959,Method,saveShippingOrigin,ShippingFacadeImpl
960,Method,getDbConfig,ShippingFacadeImpl
961,Method,createPackage,ShippingFacadeImpl
962,Method,packageExists,ShippingFacadeImpl
963,Method,packageDetails,ShippingFacadeImpl
964,Method,getPackage,ShippingFacadeImpl
965,Method,listPackages,ShippingFacadeImpl
966,Method,updatePackage,ShippingFacadeImpl
967,Method,deletePackage,ShippingFacadeImpl
968,Method,toPackageDetails,ShippingFacadeImpl
969,Method,toPackage,ShippingFacadeImpl
970,Method,displayCategoryWithReference,ShoppingCategoryController
971,Method,displayCategoryNoReference,ShoppingCategoryController
972,Method,displayCategory,ShoppingCategoryController
973,Method,getManufacturersByProductAndCategory,ShoppingCategoryController
974,Method,getManufacturers,ShoppingCategoryController
975,Method,getProductsByCategory,ShoppingCategoryController
976,Method,getSubCategories,ShoppingCategoryController
977,Method,getCategories,ShoppingCategoryController
978,Method,getProducts,ShoppingCategoryController
979,Method,getProductsFilteredByType,ShoppingCategoryController
980,Method,displayCheckout,ShoppingOrderController
981,Method,commitPreAuthorizedOrder,ShoppingOrderController
982,Method,commitOrder,ShoppingOrderController
983,Method,calculateShipping,ShoppingOrderController
984,Method,calculateOrderTotal,ShoppingOrderController
985,Method,displayConfirmation,ShoppingOrderConfirmationController
986,Method,paymentAction,ShoppingOrderPaymentController
987,Method,returnPayPalPayment,ShoppingOrderPaymentController
988,Method,downloadFile,ShoppingOrderDownloadController
989,Method,initializeOrder,OrderFacadeImpl
990,Method,calculateOrderTotal,OrderFacadeImpl
991,Method,persistableCustomer,OrderFacadeImpl
992,Method,customer,OrderFacadeImpl
993,Method,setOrderTotals,OrderFacadeImpl
994,Method,processOrder,OrderFacadeImpl
995,Method,processOrderModel,OrderFacadeImpl
996,Method,orderCustomer,OrderFacadeImpl
997,Method,initEmptyCustomer,OrderFacadeImpl
998,Method,refreshOrder,OrderFacadeImpl
999,Method,getShippingQuote,OrderFacadeImpl
1000,Method,validatePostalCode,OrderFacadeImpl
1001,Method,getShipToCountry,OrderFacadeImpl
1002,Method,getShippingSummary,OrderFacadeImpl
1003,Method,validateOrder,OrderFacadeImpl
1004,Method,getReadableOrderList,OrderFacadeImpl
1005,Method,populateOrderList,OrderFacadeImpl
1006,Method,setOrderProductList,OrderFacadeImpl
1007,Method,getReadableOrder,OrderFacadeImpl
1008,Method,getCapturableOrderList,OrderFacadeImpl
1009,Method,captureOrder,OrderFacadeImpl
1010,Method,getReadableOrderHistory,OrderFacadeImpl
1011,Method,mapToReadbleOrderStatusHistory,OrderFacadeImpl
1012,Method,createOrderStatus,OrderFacadeImpl
1013,Method,updateOrderCustomre,OrderFacadeImpl
1014,Method,convertBilling,OrderFacadeImpl
1015,Method,convertDelivery,OrderFacadeImpl
1016,Method,nextTransaction,OrderFacadeImpl
1017,Method,listTransactions,OrderFacadeImpl
1018,Method,autocomplete,SearchController
1019,Method,search,SearchController
1020,Method,displaySearch,SearchController
1021,Method,indexAllData,SearchFacadeImpl
1022,Method,search,SearchFacadeImpl
1023,Method,convertToSearchProductList,SearchFacadeImpl
1024,Method,getCategoryFacets,SearchFacadeImpl
1025,Method,convertCategoryToReadableCategory,SearchFacadeImpl
1026,Method,convertProductToReadableProduct,SearchFacadeImpl
1027,Method,autocompleteRequest,SearchFacadeImpl
1028,Method,getSearchKeywords,SearchFacadeImpl
1029,Method,getMerchantConfig,MerchantConfigurationFacadeImpl
1030,Method,getConfigValue,MerchantConfigurationFacadeImpl
1031,Method,getMerchantConfiguration,MerchantConfigurationFacadeImpl
1032,Method,getZones,ZoneFacadeImpl
1033,Method,convertToReadableZone,ZoneFacadeImpl
1034,Method,getListZones,ZoneFacadeImpl
1035,Method,logon,CustomerLoginController
1036,Method,basicLogon,CustomerLoginController
1037,Method,jsonLogon,CustomerLoginController
1038,Method,populateShoppingCartData,CustomerLoginController
1039,Method,displayProductReview,CustomerProductReviewController
1040,Method,submitProductReview,CustomerProductReviewController
1041,Method,displayLogon,CustomerAccountController
1042,Method,customerInformation,CustomerAccountController
1043,Method,displayCustomerAccount,CustomerAccountController
1044,Method,displayCustomerChangePassword,CustomerAccountController
1045,Method,changePassword,CustomerAccountController
1046,Method,saveCustomerAttributes,CustomerAccountController
1047,Method,displayCustomerBillingAddress,CustomerAccountController
1048,Method,editAddress,CustomerAccountController
1049,Method,updateCustomerAddress,CustomerAccountController
1050,Method,getCountries,CustomerAccountController
1051,Method,displayRegistration,CustomerRegistrationController
1052,Method,registerCustomer,CustomerRegistrationController
1053,Method,getCountries,CustomerRegistrationController
1054,Method,getZones,CustomerRegistrationController
1055,Method,populateShoppingCartData,CustomerRegistrationController
1056,Method,listOrders,CustomerOrdersController
1057,Method,orderDetails,CustomerOrdersController
1058,Method,displayCustomerDashboard,CustomerDashboardController
1059,Method,getCustomerOptions,CustomerDashboardController
1060,Method,getCustomerDataByUserName,CustomerFacadeImpl
1061,Method,mergeCart,CustomerFacadeImpl
1062,Method,getCustomerByUserName,CustomerFacadeImpl
1063,Method,getByUserName,CustomerFacadeImpl
1064,Method,getCustomerByNickAndStoreId,CustomerFacadeImpl
1065,Method,checkIfUserExists,CustomerFacadeImpl
1066,Method,registerCustomer,CustomerFacadeImpl
1067,Method,getCustomerModel,CustomerFacadeImpl
1068,Method,setCustomerModelDefaultProperties,CustomerFacadeImpl
1069,Method,authenticate,CustomerFacadeImpl
1070,Method,getAddress,CustomerFacadeImpl
1071,Method,updateAddress,CustomerFacadeImpl
1072,Method,getCustomerById,CustomerFacadeImpl
1073,Method,populateCustomerModel,CustomerFacadeImpl
1074,Method,create,CustomerFacadeImpl
1075,Method,saveCustomer,CustomerFacadeImpl
1076,Method,userExist,CustomerFacadeImpl
1077,Method,getListOfGroups,CustomerFacadeImpl
1078,Method,convertPersistableCustomerToCustomer,CustomerFacadeImpl
1079,Method,notifyNewCustomer,CustomerFacadeImpl
1080,Method,update,CustomerFacadeImpl
1081,Method,saveOrUpdateCustomerReview,CustomerFacadeImpl
1082,Method,createReview,CustomerFacadeImpl
1083,Method,convertPersistableCustomerReviewToCustomerReview,CustomerFacadeImpl
1084,Method,getAllCustomerReviewsByReviewed,CustomerFacadeImpl
1085,Method,convertCustomerReviewToReadableCustomerReview,CustomerFacadeImpl
1086,Method,deleteCustomerReview,CustomerFacadeImpl
1087,Method,getCustomerReviewById,CustomerFacadeImpl
1088,Method,optinCustomer,CustomerFacadeImpl
1089,Method,saveCustomerOption,CustomerFacadeImpl
1090,Method,getOptinByCode,CustomerFacadeImpl
1091,Method,getCustomerOptinByEmailAddress,CustomerFacadeImpl
1092,Method,resetPassword,CustomerFacadeImpl
1093,Method,getCustomerByNick,CustomerFacadeImpl
1094,Method,deleteByNick,CustomerFacadeImpl
1095,Method,getByNick,CustomerFacadeImpl
1096,Method,delete,CustomerFacadeImpl
1097,Method,getListByStore,CustomerFacadeImpl
1098,Method,convertCustomerListToReadableCustomerList,CustomerFacadeImpl
1099,Method,convertCustomerToReadableCustomer,CustomerFacadeImpl
1100,Method,createCustomerReview,CustomerFacadeImpl
1101,Method,updateCustomerReview,CustomerFacadeImpl
1102,Method,deleteById,CustomerFacadeImpl
1103,Method,passwordMatch,CustomerFacadeImpl
1104,Method,changePassword,CustomerFacadeImpl
1105,Method,saveOption,ProductOptionFacadeImpl
1106,Method,deleteOption,ProductOptionFacadeImpl
1107,Method,deleteOptionValue,ProductOptionFacadeImpl
1108,Method,optionValues,ProductOptionFacadeImpl
1109,Method,options,ProductOptionFacadeImpl
1110,Method,getOption,ProductOptionFacadeImpl
1111,Method,optionExists,ProductOptionFacadeImpl
1112,Method,optionValueExists,ProductOptionFacadeImpl
1113,Method,saveOptionValue,ProductOptionFacadeImpl
1114,Method,getOptionValue,ProductOptionFacadeImpl
1115,Method,saveAttribute,ProductOptionFacadeImpl
1116,Method,getAttribute,ProductOptionFacadeImpl
1117,Method,getAttributesList,ProductOptionFacadeImpl
1118,Method,deleteAttribute,ProductOptionFacadeImpl
1119,Method,addOptionValueImage,ProductOptionFacadeImpl
1120,Method,removeOptionValueImage,ProductOptionFacadeImpl
1121,Method,getByMerchant,ProductTypeFacadeImpl
1122,Method,get,ProductTypeFacadeImpl
1123,Method,save,ProductTypeFacadeImpl
1124,Method,update,ProductTypeFacadeImpl
1125,Method,delete,ProductTypeFacadeImpl
1126,Method,exists,ProductTypeFacadeImpl
1127,Method,getInventory,ProductInventoryFacadeImpl
1128,Method,delete,ProductInventoryFacadeImpl
1129,Method,get,ProductInventoryFacadeImpl
1130,Method,add,ProductInventoryFacadeImpl
1131,Method,update,ProductInventoryFacadeImpl
1132,Method,get,ProductOptionSetFacadeImpl
1133,Method,list,ProductOptionSetFacadeImpl
1134,Method,convert,ProductOptionSetFacadeImpl
1135,Method,create,ProductOptionSetFacadeImpl
1136,Method,update,ProductOptionSetFacadeImpl
1137,Method,delete,ProductOptionSetFacadeImpl
1138,Method,exists,ProductOptionSetFacadeImpl
1139,Method,saveProduct,ProductFacadeImpl
1140,Method,updateProduct,ProductFacadeImpl
1141,Method,getProduct,ProductFacadeImpl
1142,Method,updateProductPrice,ProductFacadeImpl
1143,Method,updateProductQuantity,ProductFacadeImpl
1144,Method,deleteProduct,ProductFacadeImpl
1145,Method,getProductListsByCriterias,ProductFacadeImpl
1146,Method,addProductToCategory,ProductFacadeImpl
1147,Method,removeProductFromCategory,ProductFacadeImpl
1148,Method,getProductByCode,ProductFacadeImpl
1149,Method,saveOrUpdateReview,ProductFacadeImpl
1150,Method,deleteReview,ProductFacadeImpl
1151,Method,getProductReviews,ProductFacadeImpl
1152,Method,relatedItems,ProductFacadeImpl
1153,Method,update,ProductFacadeImpl
1154,Method,exists,ProductFacadeImpl
1155,Method,getProductBySeUrl,ProductFacadeImpl
1156,Method,getContentFolder,ContentFacadeImpl
1157,Method,convertToContentImage,ContentFacadeImpl
1158,Method,absolutePath,ContentFacadeImpl
1159,Method,delete,ContentFacadeImpl
1160,Method,getContentPage,ContentFacadeImpl
1161,Method,convertContentToReadableContentPage,ContentFacadeImpl
1162,Method,contentDescriptionToReadableContent,ContentFacadeImpl
1163,Method,convertContentToReadableContentFull,ContentFacadeImpl
1164,Method,convertContentToReadableContentEntity,ContentFacadeImpl
1165,Method,convertContentPageToContent,ContentFacadeImpl
1166,Method,createContentDescriptionEntitys,ContentFacadeImpl
1167,Method,create,ContentFacadeImpl
1168,Method,createContentDescription,ContentFacadeImpl
1169,Method,setContentDescriptionToContentModel,ContentFacadeImpl
1170,Method,getContentBoxes,ContentFacadeImpl
1171,Method,addContentFile,ContentFacadeImpl
1172,Method,getFileContentType,ContentFacadeImpl
1173,Method,convertContentToReadableContentBox,ContentFacadeImpl
1174,Method,findAppropriateContentDescription,ContentFacadeImpl
1175,Method,getContentBox,ContentFacadeImpl
1176,Method,saveContentPage,ContentFacadeImpl
1177,Method,addContentFiles,ContentFacadeImpl
1178,Method,getContent,ContentFacadeImpl
1179,Method,getContents,ContentFacadeImpl
1180,Method,getContentPageByName,ContentFacadeImpl
1181,Method,renameFile,ContentFacadeImpl
1182,Method,download,ContentFacadeImpl
1183,Method,getByProductInCategory,ManufacturerFacadeImpl
1184,Method,saveOrUpdateManufacturer,ManufacturerFacadeImpl
1185,Method,deleteManufacturer,ManufacturerFacadeImpl
1186,Method,getManufacturer,ManufacturerFacadeImpl
1187,Method,getAllManufacturers,ManufacturerFacadeImpl
1188,Method,manufacturerExist,ManufacturerFacadeImpl
1189,Method,listByStore,ManufacturerFacadeImpl
1190,Method,configurations,PaymentConfigurationFacadeImpl
1191,Method,configuration,PaymentConfigurationFacadeImpl
1192,Method,saveConfiguration,PaymentConfigurationFacadeImpl
1193,Method,deleteConfiguration,PaymentConfigurationFacadeImpl
1194,Method,createTaxClass,TaxFacadeImpl
1195,Method,deleteTaxClass,TaxFacadeImpl
1196,Method,taxClasses,TaxFacadeImpl
1197,Method,convertToReadableTaxClass,TaxFacadeImpl
1198,Method,updateTaxClass,TaxFacadeImpl
1199,Method,taxClass,TaxFacadeImpl
1200,Method,existsTaxClass,TaxFacadeImpl
1201,Method,taxRateByCode,TaxFacadeImpl
1202,Method,taxRateById,TaxFacadeImpl
1203,Method,deleteTaxRate,TaxFacadeImpl
1204,Method,taxRate,TaxFacadeImpl
1205,Method,createTaxRate,TaxFacadeImpl
1206,Method,updateTaxRate,TaxFacadeImpl
1207,Method,existsTaxRate,TaxFacadeImpl
1208,Method,taxRates,TaxFacadeImpl
1209,Method,listItemsByManufacturer,ProductItemsFacadeImpl
1210,Method,listItemsByIds,ProductItemsFacadeImpl
1211,Method,listItemsByGroup,ProductItemsFacadeImpl
1212,Method,addItemToGroup,ProductItemsFacadeImpl
1213,Method,removeItemFromGroup,ProductItemsFacadeImpl
1214,Method,deleteGroup,ProductItemsFacadeImpl
1215,Method,createProductGroup,ProductItemsFacadeImpl
1216,Method,updateProductGroup,ProductItemsFacadeImpl
1217,Method,listProductGroups,ProductItemsFacadeImpl
1218,Method,configurations,ShippingConfigurationFacadeImpl
1219,Method,configuration,ShippingConfigurationFacadeImpl
1220,Method,saveConfiguration,ShippingConfigurationFacadeImpl
1221,Method,deleteConfiguration,ShippingConfigurationFacadeImpl
1222,Method,getCategoryHierarchy,CategoryFacadeImpl
1223,Method,existByCode,CategoryFacadeImpl
1224,Method,saveCategory,CategoryFacadeImpl
1225,Method,populateCategory,CategoryFacadeImpl
1226,Method,getById,CategoryFacadeImpl
1227,Method,addChildToParent,CategoryFacadeImpl
1228,Method,getListByLineage,CategoryFacadeImpl
1229,Method,getCategoryById,CategoryFacadeImpl
1230,Method,deleteCategory,CategoryFacadeImpl
1231,Method,getByCode,CategoryFacadeImpl
1232,Method,getOne,CategoryFacadeImpl
1233,Method,categoryProductVariants,CategoryFacadeImpl
1234,Method,move,CategoryFacadeImpl
1235,Method,setVisible,CategoryFacadeImpl
1236,Method,saveCatalog,CatalogFacadeImpl
1237,Method,deleteCatalog,CatalogFacadeImpl
1238,Method,getCatalog,CatalogFacadeImpl
1239,Method,updateCatalog,CatalogFacadeImpl
1240,Method,listCatalogs,CatalogFacadeImpl
1241,Method,listCatalogEntry,CatalogFacadeImpl
1242,Method,getCatalogEntry,CatalogFacadeImpl
1243,Method,addCatalogEntry,CatalogFacadeImpl
1244,Method,removeCatalogEntry,CatalogFacadeImpl
1245,Method,uniqueCatalog,CatalogFacadeImpl
1246,Method,getProductItemsByManufacturer,ProductItemsRESTController
1247,Method,getProductItemsByGroup,ProductItemsRESTController
1248,Method,createProduct,ShopProductRESTController
1249,Method,deleteProduct,ShopProductRESTController
1250,Method,createManufacturer,ShopProductRESTController
1251,Method,createProductOptionValue,ShopProductRESTController
1252,Method,createProductOption,ShopProductRESTController
1253,Method,createProductReview,ShopProductRESTController
1254,Method,getProducts,ShopProductRESTController
1255,Method,getProductsFilteredByType,ShopProductRESTController
1256,Method,getProduct,ShopProductRESTController
1257,Method,updateProductPrice,ShopProductRESTController
1258,Method,updateProductQuantity,ShopProductRESTController
1259,Method,store,StoreContactRESTController
1260,Method,contact,StoreContactRESTController
1261,Method,getCategory,ShoppingCategoryRESTController
1262,Method,createOrder,OrderRESTController
1263,Method,listOrders,OrderRESTController
1264,Method,indexProducts,SearchRESTController
1265,Method,createOrUpdateModule,SystemRESTController
1266,Method,createOptin,SystemRESTController
1267,Method,deleteOptin,SystemRESTController
1268,Method,createOptinCustomer,SystemRESTController
1269,Method,getCustomer,CustomerRESTController
1270,Method,createCustomerOptionValue,CustomerRESTController
1271,Method,createCustomerOption,CustomerRESTController
1272,Method,getCustomers,CustomerRESTController
1273,Method,deleteCustomer,CustomerRESTController
1274,Method,createCustomer,CustomerRESTController
1275,Method,addToCart,ShoppingCartApi
1276,Method,modifyCart,ShoppingCartApi
1277,Method,getByCode,ShoppingCartApi
1278,Method,get,ShoppingCartApi
1279,Method,deleteCartItem,ShoppingCartApi
1280,Method,listPermissions,SecurityApi
1281,Method,permissions,SecurityApi
1282,Method,groups,SecurityApi
1283,Method,create,ConfigurationsApi
1284,Method,listPaymentConfigurations,ConfigurationsApi
1285,Method,listShippingConfigurations,ConfigurationsApi
1286,Method,clearCache,CacheApi
1287,Method,uploadImages,ProductImageApi
1288,Method,deleteImage,ProductImageApi
1289,Method,create,ProductApi
1290,Method,update,ProductApi
1291,Method,delete,ProductApi
1292,Method,list,ProductApi
1293,Method,get,ProductApi
1294,Method,getByfriendlyUrl,ProductApi
1295,Method,exists,ProductApi
1296,Method,addProductToCategory,ProductApi
1297,Method,removeProductFromCategory,ProductApi
1298,Method,list,ProductTypeApi
1299,Method,get,ProductTypeApi
1300,Method,exists,ProductTypeApi
1301,Method,post,ProductTypeApi
1302,Method,put,ProductTypeApi
1303,Method,delete,ProductTypeApi
1304,Method,create,ProductReviewApi
1305,Method,getAll,ProductReviewApi
1306,Method,update,ProductReviewApi
1307,Method,delete,ProductReviewApi
1308,Method,calculateVariant,ProductVariantApi
1309,Method,categoryVariantList,ProductVariantApi
1310,Method,creteGroup,ProductGroupApi
1311,Method,updateGroup,ProductGroupApi
1312,Method,list,ProductGroupApi
1313,Method,getProductItemsByGroup,ProductGroupApi
1314,Method,addProductToGroup,ProductGroupApi
1315,Method,removeProductFromGroup,ProductGroupApi
1316,Method,deleteGroup,ProductGroupApi
1317,Method,create,ProductInventoryApi
1318,Method,update,ProductInventoryApi
1319,Method,delete,ProductInventoryApi
1320,Method,get,ProductInventoryApi
1321,Method,create,ProductOptionSetApi
1322,Method,exists,ProductOptionSetApi
1323,Method,get,ProductOptionSetApi
1324,Method,update,ProductOptionSetApi
1325,Method,delete,ProductOptionSetApi
1326,Method,list,ProductOptionSetApi
1327,Method,createOption,ProductOptionApi
1328,Method,optionExists,ProductOptionApi
1329,Method,optionValueExists,ProductOptionApi
1330,Method,createOptionValue,ProductOptionApi
1331,Method,addOptionValueImage,ProductOptionApi
1332,Method,removeOptionValueImage,ProductOptionApi
1333,Method,getOption,ProductOptionApi
1334,Method,getOptionValue,ProductOptionApi
1335,Method,updateOption,ProductOptionApi
1336,Method,deleteOption,ProductOptionApi
1337,Method,updateOptionValue,ProductOptionApi
1338,Method,deleteOptionValue,ProductOptionApi
1339,Method,options,ProductOptionApi
1340,Method,optionsValues,ProductOptionApi
1341,Method,attributes,ProductOptionApi
1342,Method,getAttribute,ProductOptionApi
1343,Method,createAttribute,ProductOptionApi
1344,Method,updateAttribute,ProductOptionApi
1345,Method,deleteAttribute,ProductOptionApi
1346,Method,create,ManufacturerApi
1347,Method,get,ManufacturerApi
1348,Method,listByStore,ManufacturerApi
1349,Method,list,ManufacturerApi
1350,Method,exists,ManufacturerApi
1351,Method,update,ManufacturerApi
1352,Method,delete,ManufacturerApi
1353,Method,manufacturerList,ManufacturerApi
1354,Method,getAll,ProductRelationshipApi
1355,Method,authenticate,AuthenticateUserApi
1356,Method,refreshAndGetAuthenticationToken,AuthenticateUserApi
1357,Method,passwordResetRequest,ResetUserPasswordApi
1358,Method,passwordReset,ResetUserPasswordApi
1359,Method,get,UserApi
1360,Method,create,UserApi
1361,Method,update,UserApi
1362,Method,password,UserApi
1363,Method,list,UserApi
1364,Method,updateEnabled,UserApi
1365,Method,delete,UserApi
1366,Method,exists,UserApi
1367,Method,getAuthUser,UserApi
1368,Method,list,ContentAdministrationApi
1369,Method,folder,ContentAdministrationApi
1370,Method,upload,ContentAdministrationApi
1371,Method,download,ContentAdministrationApi
1372,Method,rename,ContentAdministrationApi
1373,Method,remove,ContentAdministrationApi
1374,Method,convertToImageFile,ContentAdministrationApi
1375,Method,convertToFolder,ContentAdministrationApi
1376,Method,decodeContentPath,ContentAdministrationApi
1377,Method,pages,ContentApi
1378,Method,pagesSummary,ContentApi
1379,Method,boxes,ContentApi
1380,Method,page,ContentApi
1381,Method,pageByName,ContentApi
1382,Method,content,ContentApi
1383,Method,contents,ContentApi
1384,Method,getBoxByCode,ContentApi
1385,Method,addFolder,ContentApi
1386,Method,images,ContentApi
1387,Method,upload,ContentApi
1388,Method,uploadMultipleFiles,ContentApi
1389,Method,savePage,ContentApi
1390,Method,updatePage,ContentApi
1391,Method,deleteContent,ContentApi
1392,Method,deleteFile,ContentApi
1393,Method,getLanguages,ReferencesApi
1394,Method,getCountry,ReferencesApi
1395,Method,getZones,ReferencesApi
1396,Method,getCurrency,ReferencesApi
1397,Method,measures,ReferencesApi
1398,Method,paymentModules,PaymentApi
1399,Method,integrationModule,PaymentApi
1400,Method,marketPlace,MarketPlaceApi
1401,Method,create,TaxRatesApi
1402,Method,exists,TaxRatesApi
1403,Method,update,TaxRatesApi
1404,Method,list,TaxRatesApi
1405,Method,get,TaxRatesApi
1406,Method,delete,TaxRatesApi
1407,Method,create,TaxClassApi
1408,Method,exists,TaxClassApi
1409,Method,update,TaxClassApi
1410,Method,list,TaxClassApi
1411,Method,get,TaxClassApi
1412,Method,delete,TaxClassApi
1413,Method,store,MerchantStoreApi
1414,Method,storeFull,MerchantStoreApi
1415,Method,list,MerchantStoreApi
1416,Method,get,MerchantStoreApi
1417,Method,supportedLanguages,MerchantStoreApi
1418,Method,create,MerchantStoreApi
1419,Method,update,MerchantStoreApi
1420,Method,getUserFromRequest,MerchantStoreApi
1421,Method,validateUserPermission,MerchantStoreApi
1422,Method,getStoreMarketing,MerchantStoreApi
1423,Method,children,MerchantStoreApi
1424,Method,saveStoreMarketing,MerchantStoreApi
1425,Method,addLogo,MerchantStoreApi
1426,Method,createInputContentFile,MerchantStoreApi
1427,Method,deleteStoreLogo,MerchantStoreApi
1428,Method,exists,MerchantStoreApi
1429,Method,delete,MerchantStoreApi
1430,Method,createMerchantStoreCriteria,MerchantStoreApi
1431,Method,shippingOrigin,ShippingConfigurationApi
1432,Method,saveShippingOrigin,ShippingConfigurationApi
1433,Method,listPackages,ShippingConfigurationApi
1434,Method,getPackage,ShippingConfigurationApi
1435,Method,createPackage,ShippingConfigurationApi
1436,Method,updatePackage,ShippingConfigurationApi
1437,Method,deletePackage,ShippingConfigurationApi
1438,Method,paymentModules,ShippingConfigurationApi
1439,Method,integrationModule,ShippingConfigurationApi
1440,Method,expedition,ShippingExpeditionApi
1441,Method,saveExpedition,ShippingExpeditionApi
1442,Method,get,CategoryApi
1443,Method,exists,CategoryApi
1444,Method,list,CategoryApi
1445,Method,create,CategoryApi
1446,Method,update,CategoryApi
1447,Method,updateVisible,CategoryApi
1448,Method,move,CategoryApi
1449,Method,delete,CategoryApi
1450,Method,payment,OrderTotalApi
1451,Method,calculatePayment,OrderTotalApi
1452,Method,shipping,OrderShippingApi
1453,Method,list,OrderApi
1454,Method,get,OrderApi
1455,Method,getOrder,OrderApi
1456,Method,checkout,OrderApi
1457,Method,updateOrderCustomer,OrderApi
1458,Method,list,OrderStatusHistoryApi
1459,Method,create,OrderStatusHistoryApi
1460,Method,init,OrderPaymentApi
1461,Method,nextTransaction,OrderPaymentApi
1462,Method,listTransactions,OrderPaymentApi
1463,Method,listCapturableOrders,OrderPaymentApi
1464,Method,capturePayment,OrderPaymentApi
1465,Method,refundPayment,OrderPaymentApi
1466,Method,authorizePayment,OrderPaymentApi
1467,Method,search,SearchApi
1468,Method,autocomplete,SearchApi
1469,Method,getConfig,PublicConfigsApi
1470,Method,create,OptinApi
1471,Method,contact,ContactApi
1472,Method,create,CustomerReviewApi
1473,Method,getAll,CustomerReviewApi
1474,Method,update,CustomerReviewApi
1475,Method,delete,CustomerReviewApi
1476,Method,create,CustomerApi
1477,Method,update,CustomerApi
1478,Method,updateAddress,CustomerApi
1479,Method,delete,CustomerApi
1480,Method,list,CustomerApi
1481,Method,createCustomerCriteria,CustomerApi
1482,Method,get,CustomerApi
1483,Method,getAuthUser,CustomerApi
1484,Method,updateAuthUserAddress,CustomerApi
1485,Method,register,AuthenticateCustomerApi
1486,Method,authenticate,AuthenticateCustomerApi
1487,Method,refreshToken,AuthenticateCustomerApi
1488,Method,resetPassword,AuthenticateCustomerApi
1489,Method,changePassword,AuthenticateCustomerApi
1490,Method,create,CustomerNewsletterApi
1491,Method,update,CustomerNewsletterApi
1492,Method,delete,CustomerNewsletterApi
1493,Method,getCatalogs,CatalogApi
1494,Method,exists,CatalogApi
1495,Method,createCatalog,CatalogApi
1496,Method,updateCatalog,CatalogApi
1497,Method,getCatalog,CatalogApi
1498,Method,deleteCatalog,CatalogApi
1499,Method,addCatalogEntry,CatalogApi
1500,Method,removeCatalogEntry,CatalogApi
1501,Method,getCatalogEntry,CatalogApi
1502,Method,catalogFilter,CatalogApi
1503,Method,catalogEntryFilter,CatalogApi
1504,Method,loadUserByUsername,UserServicesImpl
1505,Method,createDefaultAdmin,UserServicesImpl
1506,Method,displayDashboard,AdminController
1507,Method,displayStoreLanding,AdminController
1508,Method,displayAccountsConfguration,ConfigurationController
1509,Method,saveConfigurations,ConfigurationController
1510,Method,displayEmailSettings,ConfigurationController
1511,Method,saveEmailSettings,ConfigurationController
1512,Method,setConfigurationMenu,ConfigurationController
1513,Method,setEmailConfigurationMenu,ConfigurationController
1514,Method,displaySysyemConfgurations,SystemConfigurationController
1515,Method,saveSystemConfigurations,SystemConfigurationController
1516,Method,setMenu,SystemConfigurationController
1517,Method,displayAccounts,CacheController
1518,Method,clearCache,CacheController
1519,Method,setMenu,CacheController
1520,Method,displayPermissions,SecurityController
1521,Method,displayGroups,SecurityController
1522,Method,setMenu,SecurityController
1523,Method,displayLogin,LoginController
1524,Method,displayDenied,LoginController
1525,Method,unauthorized,LoginController
1526,Method,displayGroup,GroupsController
1527,Method,delete,GroupsController
1528,Method,save,GroupsController
1529,Method,displayGroups,GroupsController
1530,Method,pageGroups,GroupsController
1531,Method,setMenu,GroupsController
1532,Method,displayUsers,UserController
1533,Method,pageUsers,UserController
1534,Method,displayChangePassword,UserController
1535,Method,changePassword,UserController
1536,Method,displayUserCreate,UserController
1537,Method,displayUserEdit,UserController
1538,Method,populateUserObjects,UserController
1539,Method,displayUser,UserController
1540,Method,checkUserCode,UserController
1541,Method,saveUser,UserController
1542,Method,removeUser,UserController
1543,Method,setMenu,UserController
1544,Method,resetPassword,UserController
1545,Method,resetPasswordSecurityQtn,UserController
1546,Method,displayPermissions,PermissionController
1547,Method,pagePermissions,PermissionController
1548,Method,setMenu,PermissionController
1549,Method,boxPositions,ContentBoxesController
1550,Method,listContentBoxes,ContentBoxesController
1551,Method,createBox,ContentBoxesController
1552,Method,getContentDetails,ContentBoxesController
1553,Method,saveContent,ContentBoxesController
1554,Method,setMenu,ContentBoxesController
1555,Method,displayFileBrowser,ContentImageController
1556,Method,getContentImages,ContentImageController
1557,Method,pageImages,ContentImageController
1558,Method,displayContentImagesCreate,ContentImageController
1559,Method,saveContentImages,ContentImageController
1560,Method,removeImage,ContentImageController
1561,Method,setMenu,ContentImageController
1562,Method,getContentImages,StaticContentController
1563,Method,pageStaticContent,StaticContentController
1564,Method,saveFiles,StaticContentController
1565,Method,removeFile,StaticContentController
1566,Method,setMenu,StaticContentController
1567,Method,listContentPages,ContentPagesController
1568,Method,createPage,ContentPagesController
1569,Method,getContentDetails,ContentPagesController
1570,Method,removeContent,ContentPagesController
1571,Method,pageStaticContent,ContentPagesController
1572,Method,saveContent,ContentPagesController
1573,Method,checkContentCode,ContentPagesController
1574,Method,setMenu,ContentPagesController
1575,Method,displayProductAttributes,ProductAttributeController
1576,Method,pageAttributes,ProductAttributeController
1577,Method,displayAttributeEdit,ProductAttributeController
1578,Method,displayAttributeCreate,ProductAttributeController
1579,Method,displayAttribute,ProductAttributeController
1580,Method,saveAttribute,ProductAttributeController
1581,Method,deleteProductPrice,ProductAttributeController
1582,Method,checkAttributeType,ProductAttributeController
1583,Method,setMenu,ProductAttributeController
1584,Method,displayRelatedItems,RelatedItemsController
1585,Method,pageRelatedItems,RelatedItemsController
1586,Method,addItem,RelatedItemsController
1587,Method,removeItem,RelatedItemsController
1588,Method,setMenu,RelatedItemsController
1589,Method,displayProductReviews,ProductReviewController
1590,Method,pageProductReviews,ProductReviewController
1591,Method,deleteProductReview,ProductReviewController
1592,Method,setMenu,ProductReviewController
1593,Method,displayFeaturedItems,FeaturedItemsController
1594,Method,pageProducts,FeaturedItemsController
1595,Method,addItem,FeaturedItemsController
1596,Method,removeItem,FeaturedItemsController
1597,Method,setMenu,FeaturedItemsController
1598,Method,displayProductGroups,CustomProductGroupsController
1599,Method,pageCustomGroups,CustomProductGroupsController
1600,Method,saveCustomProductGroup,CustomProductGroupsController
1601,Method,removeCustomProductGroup,CustomProductGroupsController
1602,Method,activateProductGroup,CustomProductGroupsController
1603,Method,displayCustomProductGroup,CustomProductGroupsController
1604,Method,pageProducts,CustomProductGroupsController
1605,Method,addItem,CustomProductGroupsController
1606,Method,removeItem,CustomProductGroupsController
1607,Method,setMenu,CustomProductGroupsController
1608,Method,displayProducts,ProductsController
1609,Method,pageProducts,ProductsController
1610,Method,deleteProduct,ProductsController
1611,Method,setMenu,ProductsController
1612,Method,getDigitalProduct,DigitalProductController
1613,Method,saveFile,DigitalProductController
1614,Method,removeFile,DigitalProductController
1615,Method,setMenu,DigitalProductController
1616,Method,getManufacturers,ManufacturerController
1617,Method,createManufacturer,ManufacturerController
1618,Method,editManufacturer,ManufacturerController
1619,Method,displayManufacturer,ManufacturerController
1620,Method,saveManufacturer,ManufacturerController
1621,Method,pageManufacturers,ManufacturerController
1622,Method,deleteManufacturer,ManufacturerController
1623,Method,checkCode,ManufacturerController
1624,Method,setMenu,ManufacturerController
1625,Method,displayProductEdit,ProductController
1626,Method,displayProductCreate,ProductController
1627,Method,displayProduct,ProductController
1628,Method,saveProduct,ProductController
1629,Method,duplicateProduct,ProductController
1630,Method,removeImage,ProductController
1631,Method,displayAddProductToCategories,ProductController
1632,Method,pageProductCategories,ProductController
1633,Method,deleteProductFromCategory,ProductController
1634,Method,addProductToCategory,ProductController
1635,Method,setMenu,ProductController
1636,Method,displayOptions,OptionsValueController
1637,Method,displayOptionEdit,OptionsValueController
1638,Method,displayOption,OptionsValueController
1639,Method,saveOption,OptionsValueController
1640,Method,pageOptions,OptionsValueController
1641,Method,deleteOptionValue,OptionsValueController
1642,Method,removeImage,OptionsValueController
1643,Method,setMenu,OptionsValueController
1644,Method,getProductPrices,ProductPriceController
1645,Method,pagePrices,ProductPriceController
1646,Method,editProductPrice,ProductPriceController
1647,Method,displayCreateProductPrice,ProductPriceController
1648,Method,displayProductPrice,ProductPriceController
1649,Method,saveProductPrice,ProductPriceController
1650,Method,deleteProductPrice,ProductPriceController
1651,Method,setMenu,ProductPriceController
1652,Method,displayOptions,OptionsController
1653,Method,displayOptionEdit,OptionsController
1654,Method,displayOption,OptionsController
1655,Method,saveOption,OptionsController
1656,Method,pageOptions,OptionsController
1657,Method,setMenu,OptionsController
1658,Method,deleteOption,OptionsController
1659,Method,displayProductImages,ProductImagesController
1660,Method,displayProductImagesUrl,ProductImagesController
1661,Method,pageProductImages,ProductImagesController
1662,Method,pageProductImagesUrl,ProductImagesController
1663,Method,saveProductImages,ProductImagesController
1664,Method,saveProductImagesUrl,ProductImagesController
1665,Method,deleteImage,ProductImagesController
1666,Method,setDefaultImage,ProductImagesController
1667,Method,setMenu,ProductImagesController
1668,Method,displayKeywords,ProductKeywordsController
1669,Method,addKeyword,ProductKeywordsController
1670,Method,removeKeyword,ProductKeywordsController
1671,Method,pageKeywords,ProductKeywordsController
1672,Method,setMenu,ProductKeywordsController
1673,Method,displayCategoryEdit,CategoryController
1674,Method,displayCategoryCreate,CategoryController
1675,Method,displayCategory,CategoryController
1676,Method,saveCategory,CategoryController
1677,Method,displayCategories,CategoryController
1678,Method,pageCategories,CategoryController
1679,Method,displayCategoryHierarchy,CategoryController
1680,Method,deleteCategory,CategoryController
1681,Method,moveCategory,CategoryController
1682,Method,isValid,CategoryController
1683,Method,getResponseAjax,CategoryController
1684,Method,checkCategoryCode,CategoryController
1685,Method,setMenu,CategoryController
1686,Method,displayTaxRates,TaxRatesController
1687,Method,pageTaxRates,TaxRatesController
1688,Method,saveTaxRate,TaxRatesController
1689,Method,updateTaxRate,TaxRatesController
1690,Method,validateTaxRate,TaxRatesController
1691,Method,removeTaxRate,TaxRatesController
1692,Method,editTaxRate,TaxRatesController
1693,Method,setMenu,TaxRatesController
1694,Method,displayTaxConfiguration,TaxConfigurationController
1695,Method,saveTaxConfiguration,TaxConfigurationController
1696,Method,setMenu,TaxConfigurationController
1697,Method,displayTaxClasses,TaxClassController
1698,Method,pageTaxClasses,TaxClassController
1699,Method,saveTaxClass,TaxClassController
1700,Method,updateTaxClass,TaxClassController
1701,Method,removeTaxClass,TaxClassController
1702,Method,editTaxClass,TaxClassController
1703,Method,setMenu,TaxClassController
1704,Method,getPaymentMethods,PaymentsController
1705,Method,displayPaymentMethod,PaymentsController
1706,Method,savePaymentMethod,PaymentsController
1707,Method,deletePaymentMethod,PaymentsController
1708,Method,setMenu,PaymentsController
1709,Method,captureOrder,OrderActionsControler
1710,Method,refundOrder,OrderActionsControler
1711,Method,printInvoice,OrderActionsControler
1712,Method,listTransactions,OrderActionsControler
1713,Method,sendInvoice,OrderActionsControler
1714,Method,updateStatus,OrderActionsControler
1715,Method,sendDownloadEmail,OrderActionsControler
1716,Method,displayOrders,OrdersController
1717,Method,pageOrders,OrdersController
1718,Method,setMenu,OrdersController
1719,Method,displayOrderEdit,OrderControler
1720,Method,displayOrder,OrderControler
1721,Method,saveOrder,OrderControler
1722,Method,setMenu,OrderControler
1723,Method,displayShippingPackaging,ShippingPackagingController
1724,Method,saveShippingPackaging,ShippingPackagingController
1725,Method,setMenu,ShippingPackagingController
1726,Method,getWeightBasedShippingMethod,CustomShippingMethodsController
1727,Method,addCustomRegion,CustomShippingMethodsController
1728,Method,addCountryToCustomRegion,CustomShippingMethodsController
1729,Method,saveShippingMethod,CustomShippingMethodsController
1730,Method,deleteCountry,CustomShippingMethodsController
1731,Method,deletePrice,CustomShippingMethodsController
1732,Method,deleteShippingMethod,CustomShippingMethodsController
1733,Method,checkRegionCode,CustomShippingMethodsController
1734,Method,pageCustomShipping,CustomShippingMethodsController
1735,Method,editCustomShipping,CustomShippingMethodsController
1736,Method,pageCustomShippingDetails,CustomShippingMethodsController
1737,Method,addPrice,CustomShippingMethodsController
1738,Method,deleteRegion,CustomShippingMethodsController
1739,Method,populateModel,CustomShippingMethodsController
1740,Method,setMenu,CustomShippingMethodsController
1741,Method,displayShippingConfigs,ShippingConfigsController
1742,Method,saveShippingConfiguration,ShippingConfigsController
1743,Method,pageCountries,ShippingConfigsController
1744,Method,updateCountry,ShippingConfigsController
1745,Method,setMenu,ShippingConfigsController
1746,Method,displayShippingMethods,ShippingMethodsController
1747,Method,displayShippingMethod,ShippingMethodsController
1748,Method,saveShippingMethod,ShippingMethodsController
1749,Method,saveCustomWeightBasedShippingMethod,ShippingMethodsController
1750,Method,deleteShippingMethod,ShippingMethodsController
1751,Method,setMenu,ShippingMethodsController
1752,Method,displayShippingOrigin,ShippingOriginController
1753,Method,saveShippingOrigin,ShippingOriginController
1754,Method,deleteShippingOrigin,ShippingOriginController
1755,Method,setMenu,ShippingOriginController
1756,Method,displayShippingOptions,ShippingOptionsController
1757,Method,saveShippingOptions,ShippingOptionsController
1758,Method,setMenu,ShippingOptionsController
1759,Method,displayStoreLanding,StoreLandingController
1760,Method,saveStoreLanding,StoreLandingController
1761,Method,setMenu,StoreLandingController
1762,Method,displayStores,MerchantStoreController
1763,Method,pageStores,MerchantStoreController
1764,Method,displayMerchantStoreCreate,MerchantStoreController
1765,Method,displayMerchantStore,MerchantStoreController
1766,Method,saveMerchantStore,MerchantStoreController
1767,Method,checkStoreCode,MerchantStoreController
1768,Method,removeMerchantStore,MerchantStoreController
1769,Method,setMenu,MerchantStoreController
1770,Method,displayStoreBranding,StoreBrandingController
1771,Method,saveStoreBranding,StoreBrandingController
1772,Method,saveTemplate,StoreBrandingController
1773,Method,removeImage,StoreBrandingController
1774,Method,setMenu,StoreBrandingController
1775,Method,displayOptions,CustomerOptionsSetController
1776,Method,saveOptionSet,CustomerOptionsSetController
1777,Method,pageOptionsSet,CustomerOptionsSetController
1778,Method,setMenu,CustomerOptionsSetController
1779,Method,deleteOptionSet,CustomerOptionsSetController
1780,Method,updateOrder,CustomerOptionsSetController
1781,Method,displayOptionValues,CustomerOptionsValueController
1782,Method,displayOptionValueEdit,CustomerOptionsValueController
1783,Method,displayOptionValueCreate,CustomerOptionsValueController
1784,Method,displayOption,CustomerOptionsValueController
1785,Method,saveOption,CustomerOptionsValueController
1786,Method,pageOptions,CustomerOptionsValueController
1787,Method,deleteOptionValue,CustomerOptionsValueController
1788,Method,setMenu,CustomerOptionsValueController
1789,Method,displayOptions,CustomerOptionsController
1790,Method,displayOptionEdit,CustomerOptionsController
1791,Method,displayOptionCreate,CustomerOptionsController
1792,Method,displayOption,CustomerOptionsController
1793,Method,saveOption,CustomerOptionsController
1794,Method,pageOptions,CustomerOptionsController
1795,Method,setMenu,CustomerOptionsController
1796,Method,deleteOption,CustomerOptionsController
1797,Method,displayCustomer,CustomerController
1798,Method,getCustomerOptions,CustomerController
1799,Method,saveCustomer,CustomerController
1800,Method,saveCustomerAttributes,CustomerController
1801,Method,displayCustomers,CustomerController
1802,Method,pageCustomers,CustomerController
1803,Method,resetPassword,CustomerController
1804,Method,setCredentials,CustomerController
1805,Method,setMenu,CustomerController
1806,Method,getAllowedZonesCodes,ShippingDistancePreProcessorImpl
1807,Method,setAllowedZonesCodes,ShippingDistancePreProcessorImpl
1808,Method,prePostProcessShippingQuotes,ShippingDistancePreProcessorImpl
1809,Method,getModuleCode,ShippingDistancePreProcessorImpl
1810,Method,send,EmailComponent
1811,Method,setEmailConfig,EmailComponent
1812,Method,send,SESEmailSenderImpl
1813,Method,prepareHtml,SESEmailSenderImpl
1814,Method,setEmailConfig,SESEmailSenderImpl
1815,Method,send,DefaultEmailSenderImpl
1816,Method,getFreemarkerMailConfiguration,DefaultEmailSenderImpl
1817,Method,setFreemarkerMailConfiguration,DefaultEmailSenderImpl
1818,Method,getMailSender,DefaultEmailSenderImpl
1819,Method,setMailSender,DefaultEmailSenderImpl
1820,Method,getEmailConfig,DefaultEmailSenderImpl
1821,Method,setEmailConfig,DefaultEmailSenderImpl
1822,Method,process,IndexShoppingCartProcessor
1823,Method,getProductImage,GCPProductContentFileManager
1824,Method,getImages,GCPProductContentFileManager
1825,Method,addProductImage,GCPProductContentFileManager
1826,Method,removeProductImage,GCPProductContentFileManager
1827,Method,removeProductImages,GCPProductContentFileManager
1828,Method,removeImages,GCPProductContentFileManager
1829,Method,bucketName,GCPProductContentFileManager
1830,Method,bucketExists,GCPProductContentFileManager
1831,Method,createBucket,GCPProductContentFileManager
1832,Method,filePath,GCPProductContentFileManager
1833,Method,getRootName,GCPCacheManagerImpl
1834,Method,getBucketName,GCPCacheManagerImpl
1835,Method,getLocation,GCPCacheManagerImpl
1836,Method,setBucketName,GCPCacheManagerImpl
1837,Method,getFile,GCPStaticContentAssetsManagerImpl
1838,Method,getFileNames,GCPStaticContentAssetsManagerImpl
1839,Method,getFiles,GCPStaticContentAssetsManagerImpl
1840,Method,addFile,GCPStaticContentAssetsManagerImpl
1841,Method,addFiles,GCPStaticContentAssetsManagerImpl
1842,Method,removeFile,GCPStaticContentAssetsManagerImpl
1843,Method,removeFiles,GCPStaticContentAssetsManagerImpl
1844,Method,getCmsManager,GCPStaticContentAssetsManagerImpl
1845,Method,setCmsManager,GCPStaticContentAssetsManagerImpl
1846,Method,addFolder,GCPStaticContentAssetsManagerImpl
1847,Method,removeFolder,GCPStaticContentAssetsManagerImpl
1848,Method,listFolders,GCPStaticContentAssetsManagerImpl
1849,Method,process,IndexOrderProcessor
1850,Method,getName,PromoCodeCalculatorModule
1851,Method,setName,PromoCodeCalculatorModule
1852,Method,getCode,PromoCodeCalculatorModule
1853,Method,setCode,PromoCodeCalculatorModule
1854,Method,caculateProductPiceVariation,PromoCodeCalculatorModule
1855,Method,getPricingService,ManufacturerShippingCodeOrderTotalModuleImpl
1856,Method,setPricingService,ManufacturerShippingCodeOrderTotalModuleImpl
1857,Method,caculateProductPiceVariation,ManufacturerShippingCodeOrderTotalModuleImpl
1858,Method,getName,ManufacturerShippingCodeOrderTotalModuleImpl
1859,Method,setName,ManufacturerShippingCodeOrderTotalModuleImpl
1860,Method,getCode,ManufacturerShippingCodeOrderTotalModuleImpl
1861,Method,setCode,ManufacturerShippingCodeOrderTotalModuleImpl
1862,Method,putInCache,CacheUtils
1863,Method,getFromCache,CacheUtils
1864,Method,getCacheKeys,CacheUtils
1865,Method,shutDownCache,CacheUtils
1866,Method,removeFromCache,CacheUtils
1867,Method,removeAllFromCache,CacheUtils
1868,Method,getProperties,CoreConfiguration
1869,Method,setProperties,CoreConfiguration
1870,Method,getProperty,CoreConfiguration
1871,Method,getPrice,ProductPriceUtils
1872,Method,getFinalProductPrice,ProductPriceUtils
1873,Method,getFinalPrice,ProductPriceUtils
1874,Method,getAdminFormatedAmount,ProductPriceUtils
1875,Method,getStoreFormatedAmountWithCurrency,ProductPriceUtils
1876,Method,getFormatedAmountWithCurrency,ProductPriceUtils
1877,Method,getAdminFormatedAmountWithCurrency,ProductPriceUtils
1878,Method,getAmount,ProductPriceUtils
1879,Method,getOrderProductTotalPrice,ProductPriceUtils
1880,Method,hasDiscount,ProductPriceUtils
1881,Method,matchPositiveInteger,ProductPriceUtils
1882,Method,calculateFinalPrice,ProductPriceUtils
1883,Method,finalPrice,ProductPriceUtils
1884,Method,discountPrice,ProductPriceUtils
1885,Method,getKieFileSystem,DroolsBeanFactory
1886,Method,getKieContainer,DroolsBeanFactory
1887,Method,getKieRepository,DroolsBeanFactory
1888,Method,getKieSession,DroolsBeanFactory
1889,Method,getDrlFromExcel,DroolsBeanFactory
1890,Method,getByCode,CountryServiceImpl
1891,Method,addCountryDescription,CountryServiceImpl
1892,Method,getCountriesMap,CountryServiceImpl
1893,Method,getCountries,CountryServiceImpl
1894,Method,listCountryZones,CountryServiceImpl
1895,Method,getByCode,LanguageServiceImpl
1896,Method,toLocale,LanguageServiceImpl
1897,Method,toLanguage,LanguageServiceImpl
1898,Method,getLanguagesMap,LanguageServiceImpl
1899,Method,getLanguages,LanguageServiceImpl
1900,Method,defaultLanguage,LanguageServiceImpl
1901,Method,isEmpty,InitializationDatabaseImpl
1902,Method,populate,InitializationDatabaseImpl
1903,Method,createSecurityGroups,InitializationDatabaseImpl
1904,Method,createCurrencies,InitializationDatabaseImpl
1905,Method,createCountries,InitializationDatabaseImpl
1906,Method,createZones,InitializationDatabaseImpl
1907,Method,addZonesToDb,InitializationDatabaseImpl
1908,Method,createLanguages,InitializationDatabaseImpl
1909,Method,createMerchant,InitializationDatabaseImpl
1910,Method,createModules,InitializationDatabaseImpl
1911,Method,createSubReferences,InitializationDatabaseImpl
1912,Method,loadIntegrationModules,IntegrationModulesLoader
1913,Method,loadModule,IntegrationModulesLoader
1914,Method,loadIndividualZones,ZonesLoader
1915,Method,loadFileContent,ZonesLoader
1916,Method,loadZones,ZonesLoader
1917,Method,mapZone,ZonesLoader
1918,Method,geZoneFiles,ZonesLoader
1919,Method,getByCode,CurrencyServiceImpl
1920,Method,getByCode,ZoneServiceImpl
1921,Method,addDescription,ZoneServiceImpl
1922,Method,getZones,ZoneServiceImpl
1923,Method,listGroup,GroupServiceImpl
1924,Method,listGroupByIds,GroupServiceImpl
1925,Method,findByName,GroupServiceImpl
1926,Method,listGroupByNames,GroupServiceImpl
1927,Method,getByName,PermissionServiceImpl
1928,Method,getById,PermissionServiceImpl
1929,Method,deletePermission,PermissionServiceImpl
1930,Method,getPermissions,PermissionServiceImpl
1931,Method,listByCriteria,PermissionServiceImpl
1932,Method,removePermission,PermissionServiceImpl
1933,Method,listPermission,PermissionServiceImpl
1934,Method,calculate,ShoppingCartCalculationServiceImpl
1935,Method,getShoppingCartService,ShoppingCartCalculationServiceImpl
1936,Method,updateCartModel,ShoppingCartCalculationServiceImpl
1937,Method,getShoppingCart,ShoppingCartServiceImpl
1938,Method,saveOrUpdate,ShoppingCartServiceImpl
1939,Method,getById,ShoppingCartServiceImpl
1940,Method,getByCode,ShoppingCartServiceImpl
1941,Method,deleteCart,ShoppingCartServiceImpl
1942,Method,getPopulatedShoppingCart,ShoppingCartServiceImpl
1943,Method,populateShoppingCartItem,ShoppingCartServiceImpl
1944,Method,getPopulatedItem,ShoppingCartServiceImpl
1945,Method,createShippingProduct,ShoppingCartServiceImpl
1946,Method,removeShoppingCart,ShoppingCartServiceImpl
1947,Method,mergeShoppingCarts,ShoppingCartServiceImpl
1948,Method,getShoppingCartItems,ShoppingCartServiceImpl
1949,Method,deleteShoppingCartItem,ShoppingCartServiceImpl
1950,Method,listByType,ContentServiceImpl
1951,Method,delete,ContentServiceImpl
1952,Method,getByLanguage,ContentServiceImpl
1953,Method,listNameByType,ContentServiceImpl
1954,Method,getByCode,ContentServiceImpl
1955,Method,getById,ContentServiceImpl
1956,Method,saveOrUpdate,ContentServiceImpl
1957,Method,addContentFile,ContentServiceImpl
1958,Method,addLogo,ContentServiceImpl
1959,Method,addOptionImage,ContentServiceImpl
1960,Method,addImage,ContentServiceImpl
1961,Method,addFile,ContentServiceImpl
1962,Method,addContentFiles,ContentServiceImpl
1963,Method,removeFile,ContentServiceImpl
1964,Method,removeFiles,ContentServiceImpl
1965,Method,getContentFile,ContentServiceImpl
1966,Method,getContentFiles,ContentServiceImpl
1967,Method,getContentFilesNames,ContentServiceImpl
1968,Method,getBySeUrl,ContentServiceImpl
1969,Method,getByCodeLike,ContentServiceImpl
1970,Method,addFolder,ContentServiceImpl
1971,Method,listFolders,ContentServiceImpl
1972,Method,removeFolder,ContentServiceImpl
1973,Method,isValidLinuxDirectory,ContentServiceImpl
1974,Method,renameFile,ContentServiceImpl
1975,Method,listByStore,TaxRateServiceImpl
1976,Method,getByCode,TaxRateServiceImpl
1977,Method,listByCountryZoneAndTaxClass,TaxRateServiceImpl
1978,Method,listByCountryStateProvinceAndTaxClass,TaxRateServiceImpl
1979,Method,delete,TaxRateServiceImpl
1980,Method,saveOrUpdate,TaxRateServiceImpl
1981,Method,getById,TaxRateServiceImpl
1982,Method,getTaxConfiguration,TaxServiceImpl
1983,Method,saveTaxConfiguration,TaxServiceImpl
1984,Method,calculateTax,TaxServiceImpl
1985,Method,listByStore,TaxClassServiceImpl
1986,Method,getByCode,TaxClassServiceImpl
1987,Method,delete,TaxClassServiceImpl
1988,Method,getById,TaxClassServiceImpl
1989,Method,exists,TaxClassServiceImpl
1990,Method,saveOrUpdate,TaxClassServiceImpl
1991,Method,getPaymentMethods,PaymentServiceImpl
1992,Method,getAcceptedPaymentMethods,PaymentServiceImpl
1993,Method,getPaymentMethodByType,PaymentServiceImpl
1994,Method,getPaymentMethodByCode,PaymentServiceImpl
1995,Method,getPaymentConfiguration,PaymentServiceImpl
1996,Method,getPaymentModulesConfigured,PaymentServiceImpl
1997,Method,savePaymentModuleConfiguration,PaymentServiceImpl
1998,Method,removePaymentModuleConfiguration,PaymentServiceImpl
1999,Method,processPayment,PaymentServiceImpl
2000,Method,getPaymentModule,PaymentServiceImpl
2001,Method,processCapturePayment,PaymentServiceImpl
2002,Method,processRefund,PaymentServiceImpl
2003,Method,validateCreditCard,PaymentServiceImpl
2004,Method,validateCreditCardDate,PaymentServiceImpl
2005,Method,validateCreditCardNumber,PaymentServiceImpl
2006,Method,luhnValidate,PaymentServiceImpl
2007,Method,initTransaction,PaymentServiceImpl
2008,Method,create,TransactionServiceImpl
2009,Method,listTransactions,TransactionServiceImpl
2010,Method,lastTransaction,TransactionServiceImpl
2011,Method,getCapturableTransaction,TransactionServiceImpl
2012,Method,getRefundableTransaction,TransactionServiceImpl
2013,Method,getShippingConfiguration,ShippingServiceImpl
2014,Method,getCustomShippingConfiguration,ShippingServiceImpl
2015,Method,saveShippingConfiguration,ShippingServiceImpl
2016,Method,saveCustomShippingConfiguration,ShippingServiceImpl
2017,Method,getShippingMethods,ShippingServiceImpl
2018,Method,saveShippingQuoteModuleConfiguration,ShippingServiceImpl
2019,Method,removeShippingQuoteModuleConfiguration,ShippingServiceImpl
2020,Method,removeCustomShippingQuoteModuleConfiguration,ShippingServiceImpl
2021,Method,getShippingModulesConfigured,ShippingServiceImpl
2022,Method,getShippingSummary,ShippingServiceImpl
2023,Method,getShippingQuote,ShippingServiceImpl
2024,Method,getSupportedCountries,ShippingServiceImpl
2025,Method,getShipToCountryList,ShippingServiceImpl
2026,Method,setSupportedCountries,ShippingServiceImpl
2027,Method,calculateOrderTotal,ShippingServiceImpl
2028,Method,getPackagesDetails,ShippingServiceImpl
2029,Method,requiresShipping,ShippingServiceImpl
2030,Method,getShippingMetaData,ShippingServiceImpl
2031,Method,hasTaxOnShipping,ShippingServiceImpl
2032,Method,findByOrder,ShippingQuoteServiceImpl
2033,Method,getShippingSummary,ShippingQuoteServiceImpl
2034,Method,getByStore,ShippingOriginServiceImpl
2035,Method,addOrderStatusHistory,OrderServiceImpl
2036,Method,processOrder,OrderServiceImpl
2037,Method,process,OrderServiceImpl
2038,Method,caculateOrder,OrderServiceImpl
2039,Method,caculateOrderTotal,OrderServiceImpl
2040,Method,caculateShoppingCart,OrderServiceImpl
2041,Method,calculateShoppingCartTotal,OrderServiceImpl
2042,Method,delete,OrderServiceImpl
2043,Method,generateInvoice,OrderServiceImpl
2044,Method,getOrder,OrderServiceImpl
2045,Method,listByStore,OrderServiceImpl
2046,Method,getOrders,OrderServiceImpl
2047,Method,saveOrUpdate,OrderServiceImpl
2048,Method,hasDownloadFiles,OrderServiceImpl
2049,Method,getCapturableOrders,OrderServiceImpl
2050,Method,getByOrderId,OrderProductDownloadServiceImpl
2051,Method,findOrderTotalVariation,OrderTotalServiceImpl
2052,Method,saveOrUpdate,MerchantStoreServiceImpl
2053,Method,getByCode,MerchantStoreServiceImpl
2054,Method,existByCode,MerchantStoreServiceImpl
2055,Method,getByCriteria,MerchantStoreServiceImpl
2056,Method,listChildren,MerchantStoreServiceImpl
2057,Method,listAll,MerchantStoreServiceImpl
2058,Method,findAllStoreCodeNameEmail,MerchantStoreServiceImpl
2059,Method,listAllRetailers,MerchantStoreServiceImpl
2060,Method,findAllStoreNames,MerchantStoreServiceImpl
2061,Method,getParent,MerchantStoreServiceImpl
2062,Method,listByGroup,MerchantStoreServiceImpl
2063,Method,isStoreInGroup,MerchantStoreServiceImpl
2064,Method,initService,SearchServiceImpl
2065,Method,index,SearchServiceImpl
2066,Method,deleteIndex,SearchServiceImpl
2067,Method,searchForKeywords,SearchServiceImpl
2068,Method,search,SearchServiceImpl
2069,Method,getByKey,SystemConfigurationServiceImpl
2070,Method,getMerchantConfiguration,MerchantConfigurationServiceImpl
2071,Method,listByStore,MerchantConfigurationServiceImpl
2072,Method,listByType,MerchantConfigurationServiceImpl
2073,Method,saveOrUpdate,MerchantConfigurationServiceImpl
2074,Method,delete,MerchantConfigurationServiceImpl
2075,Method,getMerchantConfig,MerchantConfigurationServiceImpl
2076,Method,saveMerchantConfig,MerchantConfigurationServiceImpl
2077,Method,sendHtmlEmail,EmailServiceImpl
2078,Method,getEmailConfiguration,EmailServiceImpl
2079,Method,saveEmailConfiguration,EmailServiceImpl
2080,Method,getByCode,ModuleConfigurationServiceImpl
2081,Method,getIntegrationModules,ModuleConfigurationServiceImpl
2082,Method,createOrUpdateModule,ModuleConfigurationServiceImpl
2083,Method,getOptinByCode,OptinServiceImpl
2084,Method,getOptinByMerchantAndType,OptinServiceImpl
2085,Method,getByName,CustomerServiceImpl
2086,Method,getById,CustomerServiceImpl
2087,Method,getByNick,CustomerServiceImpl
2088,Method,getListByStore,CustomerServiceImpl
2089,Method,getCustomerAddress,CustomerServiceImpl
2090,Method,saveOrUpdate,CustomerServiceImpl
2091,Method,delete,CustomerServiceImpl
2092,Method,listByStore,CustomerOptionServiceImpl
2093,Method,saveOrUpdate,CustomerOptionServiceImpl
2094,Method,delete,CustomerOptionServiceImpl
2095,Method,getByCode,CustomerOptionServiceImpl
2096,Method,listByStore,CustomerOptionValueServiceImpl
2097,Method,saveOrUpdate,CustomerOptionValueServiceImpl
2098,Method,delete,CustomerOptionValueServiceImpl
2099,Method,getByCode,CustomerOptionValueServiceImpl
2100,Method,saveOrUpdate,CustomerAttributeServiceImpl
2101,Method,delete,CustomerAttributeServiceImpl
2102,Method,getByCustomerOptionId,CustomerAttributeServiceImpl
2103,Method,getByCustomer,CustomerAttributeServiceImpl
2104,Method,getByCustomerOptionValueId,CustomerAttributeServiceImpl
2105,Method,getByOptionId,CustomerAttributeServiceImpl
2106,Method,listByOption,CustomerOptionSetServiceImpl
2107,Method,delete,CustomerOptionSetServiceImpl
2108,Method,listByStore,CustomerOptionSetServiceImpl
2109,Method,saveOrUpdate,CustomerOptionSetServiceImpl
2110,Method,listByOptionValue,CustomerOptionSetServiceImpl
2111,Method,saveOrUpdate,CustomerReviewServiceImpl
2112,Method,update,CustomerReviewServiceImpl
2113,Method,create,CustomerReviewServiceImpl
2114,Method,getByCustomer,CustomerReviewServiceImpl
2115,Method,getByReviewedCustomer,CustomerReviewServiceImpl
2116,Method,getByReviewerAndReviewed,CustomerReviewServiceImpl
2117,Method,optinCumtomer,CustomerOptinServiceImpl
2118,Method,optoutCumtomer,CustomerOptinServiceImpl
2119,Method,findByEmailAddress,CustomerOptinServiceImpl
2120,Method,calculateProductPrice,PricingServiceImpl
2121,Method,calculatePriceQuantity,PricingServiceImpl
2122,Method,getDisplayAmount,PricingServiceImpl
2123,Method,getStringAmount,PricingServiceImpl
2124,Method,getAmount,PricingServiceImpl
2125,Method,addProductDescription,ProductServiceImpl
2126,Method,getProducts,ProductServiceImpl
2127,Method,getProductsByIds,ProductServiceImpl
2128,Method,getById,ProductServiceImpl
2129,Method,getProductWithOnlyMerchantStoreById,ProductServiceImpl
2130,Method,getProductDescription,ProductServiceImpl
2131,Method,getBySeUrl,ProductServiceImpl
2132,Method,getProductForLocale,ProductServiceImpl
2133,Method,getProductsForLocale,ProductServiceImpl
2134,Method,listByStore,ProductServiceImpl
2135,Method,listByTaxClass,ProductServiceImpl
2136,Method,getByCode,ProductServiceImpl
2137,Method,delete,ProductServiceImpl
2138,Method,create,ProductServiceImpl
2139,Method,update,ProductServiceImpl
2140,Method,saveOrUpdate,ProductServiceImpl
2141,Method,findOne,ProductServiceImpl
2142,Method,addProductFile,DigitalProductServiceImpl
2143,Method,getByProduct,DigitalProductServiceImpl
2144,Method,delete,DigitalProductServiceImpl
2145,Method,saveOrUpdate,DigitalProductServiceImpl
2146,Method,listByStore,ProductOptionValueServiceImpl
2147,Method,listByStoreNoReadOnly,ProductOptionValueServiceImpl
2148,Method,getByName,ProductOptionValueServiceImpl
2149,Method,saveOrUpdate,ProductOptionValueServiceImpl
2150,Method,delete,ProductOptionValueServiceImpl
2151,Method,getByCode,ProductOptionValueServiceImpl
2152,Method,getById,ProductOptionValueServiceImpl
2153,Method,getByMerchant,ProductOptionValueServiceImpl
2154,Method,listByStore,ProductOptionSetServiceImpl
2155,Method,getById,ProductOptionSetServiceImpl
2156,Method,getCode,ProductOptionSetServiceImpl
2157,Method,getByProductType,ProductOptionSetServiceImpl
2158,Method,listByStore,ProductOptionServiceImpl
2159,Method,listReadOnly,ProductOptionServiceImpl
2160,Method,getByName,ProductOptionServiceImpl
2161,Method,saveOrUpdate,ProductOptionServiceImpl
2162,Method,delete,ProductOptionServiceImpl
2163,Method,getByCode,ProductOptionServiceImpl
2164,Method,getById,ProductOptionServiceImpl
2165,Method,getByMerchant,ProductOptionServiceImpl
2166,Method,getById,ProductAttributeServiceImpl
2167,Method,getByOptionId,ProductAttributeServiceImpl
2168,Method,getByAttributeIds,ProductAttributeServiceImpl
2169,Method,getByOptionValueId,ProductAttributeServiceImpl
2170,Method,getByProductId,ProductAttributeServiceImpl
2171,Method,saveOrUpdate,ProductAttributeServiceImpl
2172,Method,delete,ProductAttributeServiceImpl
2173,Method,getProductAttributesByCategoryLineage,ProductAttributeServiceImpl
2174,Method,saveOrUpdate,ProductAvailabilityServiceImpl
2175,Method,getByStore,ProductAvailabilityServiceImpl
2176,Method,getByOwner,ProductAvailabilityServiceImpl
2177,Method,listByProduct,ProductAvailabilityServiceImpl
2178,Method,count,ProductAvailabilityServiceImpl
2179,Method,getById,ProductAvailabilityServiceImpl
2180,Method,getByInventoryId,ProductAvailabilityServiceImpl
2181,Method,delete,ManufacturerServiceImpl
2182,Method,getCountManufAttachedProducts,ManufacturerServiceImpl
2183,Method,listByStore,ManufacturerServiceImpl
2184,Method,listByProductsByCategoriesId,ManufacturerServiceImpl
2185,Method,addManufacturerDescription,ManufacturerServiceImpl
2186,Method,saveOrUpdate,ManufacturerServiceImpl
2187,Method,getByCode,ManufacturerServiceImpl
2188,Method,getById,ManufacturerServiceImpl
2189,Method,listByProductsInCategory,ManufacturerServiceImpl
2190,Method,count,ManufacturerServiceImpl
2191,Method,getByCustomer,ProductReviewServiceImpl
2192,Method,getByProduct,ProductReviewServiceImpl
2193,Method,getByProductAndCustomer,ProductReviewServiceImpl
2194,Method,saveOrUpdate,ProductReviewServiceImpl
2195,Method,update,ProductReviewServiceImpl
2196,Method,create,ProductReviewServiceImpl
2197,Method,getByProductNoCustomers,ProductReviewServiceImpl
2198,Method,saveOrUpdate,ProductRelationshipServiceImpl
2199,Method,addGroup,ProductRelationshipServiceImpl
2200,Method,getGroups,ProductRelationshipServiceImpl
2201,Method,deleteGroup,ProductRelationshipServiceImpl
2202,Method,deactivateGroup,ProductRelationshipServiceImpl
2203,Method,activateGroup,ProductRelationshipServiceImpl
2204,Method,deleteRelationship,ProductRelationshipServiceImpl
2205,Method,listByProduct,ProductRelationshipServiceImpl
2206,Method,getByType,ProductRelationshipServiceImpl
2207,Method,getByGroup,ProductRelationshipServiceImpl
2208,Method,getGroupDefinition,ProductRelationshipServiceImpl
2209,Method,addDescription,ProductPriceServiceImpl
2210,Method,saveOrUpdate,ProductPriceServiceImpl
2211,Method,delete,ProductPriceServiceImpl
2212,Method,getByCode,ProductTypeServiceImpl
2213,Method,update,ProductTypeServiceImpl
2214,Method,getProductType,ProductTypeServiceImpl
2215,Method,getByMerchant,ProductTypeServiceImpl
2216,Method,getById,ProductTypeServiceImpl
2217,Method,saveOrUpdate,ProductTypeServiceImpl
2218,Method,listProductTypes,ProductTypeServiceImpl
2219,Method,getById,ProductImageServiceImpl
2220,Method,addProductImages,ProductImageServiceImpl
2221,Method,addProductImage,ProductImageServiceImpl
2222,Method,saveOrUpdate,ProductImageServiceImpl
2223,Method,addProductImageDescription,ProductImageServiceImpl
2224,Method,getProductImage,ProductImageServiceImpl
2225,Method,getProductImages,ProductImageServiceImpl
2226,Method,removeProductImage,ProductImageServiceImpl
2227,Method,create,CategoryServiceImpl
2228,Method,countProductsByCategories,CategoryServiceImpl
2229,Method,listByCodes,CategoryServiceImpl
2230,Method,listByIds,CategoryServiceImpl
2231,Method,getOneByLanguage,CategoryServiceImpl
2232,Method,saveOrUpdate,CategoryServiceImpl
2233,Method,getListByLineage,CategoryServiceImpl
2234,Method,listBySeUrl,CategoryServiceImpl
2235,Method,getBySeUrl,CategoryServiceImpl
2236,Method,getByCode,CategoryServiceImpl
2237,Method,getById,CategoryServiceImpl
2238,Method,listByParent,CategoryServiceImpl
2239,Method,listByStoreAndParent,CategoryServiceImpl
2240,Method,addCategoryDescription,CategoryServiceImpl
2241,Method,delete,CategoryServiceImpl
2242,Method,getDescription,CategoryServiceImpl
2243,Method,addChild,CategoryServiceImpl
2244,Method,getListByDepth,CategoryServiceImpl
2245,Method,getListByDepthFilterByFeatured,CategoryServiceImpl
2246,Method,getByName,CategoryServiceImpl
2247,Method,listByStore,CategoryServiceImpl
2248,Method,findById,CategoryServiceImpl
2249,Method,count,CategoryServiceImpl
2250,Method,saveOrUddate,CatalogServiceImpl
2251,Method,getCatalogs,CatalogServiceImpl
2252,Method,delete,CatalogServiceImpl
2253,Method,getById,CatalogServiceImpl
2254,Method,getByCode,CatalogServiceImpl
2255,Method,existByCode,CatalogServiceImpl
2256,Method,add,CatalogEntryServiceImpl
2257,Method,list,CatalogEntryServiceImpl
2258,Method,remove,CatalogEntryServiceImpl
2259,Method,getMessage,ShoppingCartData
2260,Method,setMessage,ShoppingCartData
2261,Method,getCode,ShoppingCartData
2262,Method,setCode,ShoppingCartData
2263,Method,getQuantity,ShoppingCartData
2264,Method,setQuantity,ShoppingCartData
2265,Method,getTotal,ShoppingCartData
2266,Method,setTotal,ShoppingCartData
2267,Method,getShoppingCartItems,ShoppingCartData
2268,Method,setShoppingCartItems,ShoppingCartData
2269,Method,getSubTotal,ShoppingCartData
2270,Method,setSubTotal,ShoppingCartData
2271,Method,getTotals,ShoppingCartData
2272,Method,setTotals,ShoppingCartData
2273,Method,getUnavailables,ShoppingCartData
2274,Method,setUnavailables,ShoppingCartData
2275,Method,getOrderId,ShoppingCartData
2276,Method,setOrderId,ShoppingCartData
