61,Uses,42
62,Uses,44
63,Uses,40
64,Uses,40
65,Uses,41
65,Uses,40
66,Uses,45
66,Uses,43
66,Uses,41
67,Uses,42
67,Uses,40
69,Uses,46
70,Uses,46
70,Uses,13
70,Uses,12
70,Uses,24
70,Uses,48
71,Uses,13
71,Uses,12
71,Uses,24
71,Uses,49
72,Uses,55
72,Uses,53
1,References,14
2,References,27
9,References,20
10,References,15
10,References,20
10,References,24
10,References,15
11,Extends,16
12,References,11
12,References,9
12,References,10
15,References,24
15,References,20
16,References,9
16,References,16
17,References,18
17,References,17
18,References,18
20,References,18
20,References,20
21,References,8
21,Extends,25
22,References,13
22,Extends,25
23,References,24
23,References,23
23,References,24
24,References,20
24,References,12
24,References,24
26,References,19
26,Extends,25
33,References,8
34,References,20
34,References,20
34,References,20
34,References,20
34,References,20
34,References,20
34,References,20
34,References,20
34,References,20
34,References,20
34,References,20
34,References,20
34,References,20
34,References,20
34,References,20
34,References,19
34,References,20
40,References,43
41,References,43
48,References,12
49,References,50
53,References,13
53,References,19
53,References,24
53,References,8
59,References,58
