24,Calls,59
27,Calls,31
28,Calls,31
29,Calls,31
30,Calls,31
34,Calls,80
35,Calls,37
36,Calls,37
37,Calls,76
37,Calls,75
37,Calls,89
37,Calls,81
38,Calls,88
39,Calls,56
39,Calls,87
39,Calls,61
40,Calls,83
40,Calls,61
44,Calls,86
45,Calls,79
46,Calls,16
46,Calls,85
46,Calls,77
47,Calls,85
47,Calls,78
48,Calls,69
49,Calls,70
52,Calls,60
52,Calls,64
52,Calls,62
53,Calls,53
54,Calls,9
55,Calls,15
56,Calls,15
59,Calls,53
60,Calls,54
61,Calls,53
62,Calls,54
63,Calls,53
64,Calls,54
65,Calls,67
67,Calls,16
67,Calls,66
68,Calls,16
68,Calls,73
69,Calls,16
72,Calls,73
72,Calls,74
73,Calls,74
76,Calls,10
77,Calls,32
77,Calls,32
78,Calls,32
78,Calls,32
80,Calls,12
83,Calls,12
84,Calls,67
84,Calls,77
85,Calls,55
87,Calls,13
88,Calls,14
9,Persists,4
10,Persists,7
11,Persists,7
12,Persists,7
13,Persists,7
15,Persists,8
16,Persists,5
31,Uses,3
34,Uses,7
37,Uses,7
39,Uses,8
39,Uses,7
40,Uses,7
42,Uses,7
43,Uses,1
43,Uses,7
44,Uses,7
44,Uses,1
46,Uses,1
46,Uses,7
47,Uses,1
47,Uses,7
49,Uses,0
49,Uses,5
51,Uses,2
52,Uses,2
54,Uses,4
55,Uses,8
56,Uses,8
57,Uses,8
58,Uses,8
66,Uses,5
67,Uses,5
68,Uses,5
69,Uses,5
70,Uses,5
71,Uses,5
72,Uses,5
73,Uses,5
74,Uses,5
75,Uses,7
76,Uses,7
77,Uses,7
78,Uses,7
79,Uses,7
80,Uses,7
81,Uses,7
81,Uses,8
82,Uses,7
83,Uses,7
84,Uses,7
85,Uses,8
86,Uses,8
87,Uses,7
89,Uses,7
4,Extends,6
5,References,7
5,Extends,6
7,References,5
7,References,8
7,Extends,6
8,References,7
8,Extends,6
42,Calls,90
44,Calls,91
45,Calls,91
47,Calls,91
49,Calls,92
54,Calls,93
55,Calls,94
57,Calls,95
58,Calls,96
66,Calls,97
70,Calls,97
75,Calls,91
76,Calls,91
77,Calls,98
78,Calls,98
79,Calls,99
81,Calls,91
89,Calls,91
89,Calls,98
90,Persists,7
91,Persists,7
91,Persists,7
91,Persists,7
91,Persists,7
91,Persists,7
91,Persists,7
91,Persists,7
92,Persists,5
93,Persists,4
94,Persists,8
95,Persists,8
96,Persists,8
97,Persists,5
97,Persists,5
98,Persists,7
98,Persists,7
98,Persists,7
99,Persists,7
