0,Entity,UserForm
1,Entity,PostForm
2,Entity,SettingsForm
3,Entity,Message
4,Entity,Setting
5,Entity,User
6,Entity,BaseModel
7,Entity,Post
8,Entity,Tag
9,Method,findByKey,SettingRepository
10,Method,findByPermalinkAndPostStatus,PostRepository
11,Method,findAllByPostType,PostRepository
12,Method,findAllByPostTypeAndPostStatus,PostRepository
13,Method,findByTag,PostRepository
14,Method,countPostsByTags,PostRepository
15,Method,findByName,TagRepository
16,Method,findByEmail,UserRepository
17,Method,highlight,PygmentsService
18,Method,isLogin,ViewHelper
19,Method,getResponseTime,ViewHelper
20,Method,getStartTime,ViewHelper
21,Method,setStartTime,ViewHelper
22,Method,getFormattedDate,ViewHelper
23,Method,getMonthAndDay,ViewHelper
24,Method,metaTitle,ViewHelper
25,Method,getApplicationEnv,ViewHelper
26,Method,setApplicationEnv,ViewHelper
27,Method,addSuccessAttribute,MessageHelper
28,Method,addErrorAttribute,MessageHelper
29,Method,addInfoAttribute,MessageHelper
30,Method,addWarningAttribute,MessageHelper
31,Method,addAttribute,MessageHelper
32,Method,renderToHtml,FlexmarkMarkdownService
33,Method,renderToHtml,PegDownMarkdownService
34,Method,archive,PostController
35,Method,show,PostController
36,Method,page,PostController
37,Method,showPost,PostController
38,Method,index,TagController
39,Method,showTag,TagController
40,Method,index,HomeController
41,Method,signin,UserController
42,Method,index,PostController
43,Method,newPost,PostController
44,Method,editPost,PostController
45,Method,deletePost,PostController
46,Method,create,PostController
47,Method,update,PostController
48,Method,profile,UserController
49,Method,update,UserController
50,Method,index,AdminController
51,Method,settings,AdminController
52,Method,updateSettings,AdminController
53,Method,get,CacheSettingService
54,Method,put,CacheSettingService
55,Method,findOrCreateByName,TagService
56,Method,getTag,TagService
57,Method,deleteTag,TagService
58,Method,getAllTags,TagService
59,Method,getSiteName,AppSetting
60,Method,setSiteName,AppSetting
61,Method,getPageSize,AppSetting
62,Method,setPageSize,AppSetting
63,Method,getSiteSlogan,AppSetting
64,Method,setSiteSlogan,AppSetting
65,Method,initialize,UserService
66,Method,createUser,UserService
67,Method,getSuperUser,UserService
68,Method,loadUserByUsername,UserService
69,Method,currentUser,UserService
70,Method,changePassword,UserService
71,Method,signin,UserService
72,Method,authenticate,UserService
73,Method,createSpringUser,UserService
74,Method,createAuthority,UserService
75,Method,getPost,PostService
76,Method,getPublishedPostByPermalink,PostService
77,Method,createPost,PostService
78,Method,updatePost,PostService
79,Method,deletePost,PostService
80,Method,getArchivePosts,PostService
81,Method,getPostTags,PostService
82,Method,extractPostMeta,PostService
83,Method,getAllPublishedPostsByPage,PostService
84,Method,createAboutPage,PostService
85,Method,parseTagNames,PostService
86,Method,getTagNames,PostService
87,Method,findPostsByTag,PostService
88,Method,countPostsByTags,PostService
89,Method,incrementViews,PostService
90,Method,findAll,PostRepository
91,Method,findOne,PostRepository
92,Method,findOne,UserRepository
93,Method,save,SettingRepository
94,Method,save,TagRepository
95,Method,delete,TagRepository
96,Method,findAll,TagRepository
97,Method,save,UserRepository
98,Method,save,PostRepository
99,Method,delete,PostRepository
