0,Entity,TomcatApplication
1,Entity,HexPasswordEncoder
2,Entity,JWTAuthenticationToken
3,Entity,SaltedTokenPasswordEncoder
4,Entity,PasswordEncoderDecoderWrapper
5,Entity,RESTRequestParameterProcessingFilter
6,Entity,AesGcmPasswordEncoder
7,Entity,JWTAuthenticationProvider
8,Entity,SaltToken
9,Entity,JWTRequestParameterProcessingFilter
10,Entity,LyricsInfo
11,Entity,PlayQueueInfo
12,Entity,ArtistInfo
13,Entity,UploadInfo
14,Entity,SimilarArtist
15,Entity,NowPlayingInfo
16,Entity,MediaFileEntry
17,Entity,RESTFilter
18,Entity,ParameterDecodingFilter
19,Entity,BootstrapVerificationFilter
20,Entity,RequestEncodingFilter
21,Entity,MetricsFilter
22,Entity,ResponseHeaderFilter
23,Entity,LastFmCache
24,Entity,ConfigurationPropertiesService
25,Entity,SonosServiceRegistration
26,Entity,AlbumList
27,Entity,SonosSoapFault
28,Entity,CustomContentDirectory
29,Entity,UpnpContentProcessor
30,Entity,NATPMPRouter
31,Entity,MSMediaReceiverRegistrarService
32,Entity,LastFMScrobbler
33,Entity,ListenBrainzScrobbler
34,Entity,FieldNames
35,Entity,MetaDataParser
36,Entity,MetaData
37,Entity,AudioPlayer
38,Entity,PlayerTest
39,Entity,LambdaUtils
40,Entity,Util
41,Entity,FileUtil
42,Entity,StringUtil
43,Entity,XMLUtil
44,Entity,ArtistBio
45,Entity,PodcastChannel
46,Entity,MediaFile
47,Entity,PlayStatus
48,Entity,PodcastEpisode
49,Entity,InternetRadio
50,Entity,MediaLibraryStatistics
51,Entity,MusicIndex
52,Entity,TransferStatus
53,Entity,SearchCriteria
54,Entity,Version
55,Entity,Player
56,Entity,SearchResult
57,Entity,Genres
58,Entity,UserCredential
59,Entity,PlayQueue
60,Entity,MusicFolderContent
61,Entity,Transcoding
62,Entity,AlbumNotes
63,Entity,SavedPlayQueue
64,Entity,VideoTranscodingSettings
65,Entity,RandomSearchCriteria
66,Entity,User
67,Entity,Playlist
68,Entity,MediaFileWithUrlInfo
69,Entity,Bookmark
70,Entity,InternetRadioSource
71,Entity,UserSettings
72,Entity,LastFmCoverArt
73,Entity,Artist
74,Entity,Avatar
75,Entity,Share
76,Entity,MediaFileComparator
77,Entity,Album
78,Entity,MusicFolder
79,Entity,ParamSearchResult
80,Entity,Genre
81,Entity,Theme
82,Entity,DbmsVersionPrecondition
83,Entity,CustomPropertySourceConfigurer
84,Entity,KnownLengthInputStreamResource
85,Entity,LoggingFileOverrideListener
86,Entity,HsqlDatabase
87,Entity,WebApp
88,Entity,ServletDef
89,Entity,ServletMappingDef
90,Entity,PersonalSettingsCommand
91,Entity,EnumHolder
92,Entity,DatabaseSettingsCommand
93,Entity,UserSettingsCommand
94,Entity,PodcastSettingsCommand
95,Entity,CredentialsManagementCommand
96,Entity,AdvancedSettingsCommand
97,Entity,SearchCommand
98,Entity,GeneralSettingsCommand
99,Entity,PlayerSettingsCommand
100,Entity,MusicFolderSettingsCommand
101,Entity,AbstractChartController
102,Entity,ControllerUtils
103,Entity,JAXBWriter
104,Entity,ParamTag
105,Entity,FormatBytesTag
106,Entity,EscapeJavaScriptTag
107,Entity,UrlTag
108,Entity,UserSettingsValidator
109,Entity,CredentialsManagementValidators
110,Entity,MonitoredOutputStream
111,Entity,MonitoredDiskFileItemFactory
112,Entity,MonitoredDiskFileItem
113,Entity,InputStreamReaderThread
114,Entity,PipeStreams
115,Entity,TranscodeInputStream
116,Entity,PlayQueueInputStream
117,Entity,ShoutCastOutputStream
118,Entity,AbstractDao
119,Method,configureMetricsActivation,MetricsManager
120,Method,metricsActivatedByConfiguration,MetricsManager
121,Method,timer,MetricsManager
122,Method,condition,MetricsManager
123,Method,mapUserFromContext,CustomUserDetailsContextMapper
124,Method,mapUserToContext,CustomUserDetailsContextMapper
125,Method,mapPassword,CustomUserDetailsContextMapper
126,Method,matches,CsrfSecurityRequestMatcher
127,Method,additionalAuthenticationChecks,MultipleCredsMatchingAuthenticationProvider
128,Method,setSecurityService,MultipleCredsMatchingAuthenticationProvider
129,Method,setUserDetailsService,MultipleCredsMatchingAuthenticationProvider
130,Method,setPasswordEncoder,MultipleCredsMatchingAuthenticationProvider
131,Method,getArtistInfo,ArtistWSController
132,Method,getTopSongs,ArtistWSController
133,Method,getSimilarArtists,ArtistWSController
134,Method,setTags,TagWSController
135,Method,setMediaFileService,TagWSController
136,Method,setMetaDataParserFactory,TagWSController
137,Method,getPlayQueue,PlayQueueWSController
138,Method,start,PlayQueueWSController
139,Method,stop,PlayQueueWSController
140,Method,toggleStartStop,PlayQueueWSController
141,Method,skip,PlayQueueWSController
142,Method,reloadSearchCriteria,PlayQueueWSController
143,Method,savePlayQueue,PlayQueueWSController
144,Method,loadSavedPlayQueue,PlayQueueWSController
145,Method,playMediaFile,PlayQueueWSController
146,Method,playInternetRadio,PlayQueueWSController
147,Method,playPlaylist,PlayQueueWSController
148,Method,playTopSong,PlayQueueWSController
149,Method,playPodcastChannel,PlayQueueWSController
150,Method,playPodcastEpisode,PlayQueueWSController
151,Method,playNewestPodcastEpisode,PlayQueueWSController
152,Method,playStarred,PlayQueueWSController
153,Method,playShuffle,PlayQueueWSController
154,Method,playRandom,PlayQueueWSController
155,Method,playSimilar,PlayQueueWSController
156,Method,add,PlayQueueWSController
157,Method,addPlaylist,PlayQueueWSController
158,Method,clear,PlayQueueWSController
159,Method,shuffle,PlayQueueWSController
160,Method,remove,PlayQueueWSController
161,Method,rearrange,PlayQueueWSController
162,Method,up,PlayQueueWSController
163,Method,down,PlayQueueWSController
164,Method,toggleRepeat,PlayQueueWSController
165,Method,undo,PlayQueueWSController
166,Method,sort,PlayQueueWSController
167,Method,setJukeboxGain,PlayQueueWSController
168,Method,setJukeboxPosition,PlayQueueWSController
169,Method,getPlayer,PlayQueueWSController
170,Method,get,MediaFileWSController
171,Method,isVideoOnly,MediaFileWSController
172,Method,getMediaFiles,MediaFileWSController
173,Method,guessArtist,MediaFileWSController
174,Method,guessAlbum,MediaFileWSController
175,Method,guessMusicBrainzReleaseId,MediaFileWSController
176,Method,getChildren,MediaFileWSController
177,Method,getAncestors,MediaFileWSController
178,Method,getSiblingAlbums,MediaFileWSController
179,Method,getLyrics,LyricsWSController
180,Method,parseSearchResult,LyricsWSController
181,Method,executeGetRequest,LyricsWSController
182,Method,getReadablePlaylists,PlaylistWSController
183,Method,getWritablePlaylists,PlaylistWSController
184,Method,createEmptyPlaylist,PlaylistWSController
185,Method,createPlaylistForStarredSongs,PlaylistWSController
186,Method,createPlaylistForPlayQueue,PlaylistWSController
187,Method,deletePlaylist,PlaylistWSController
188,Method,updatePlaylist,PlaylistWSController
189,Method,appendToPlaylist,PlaylistWSController
190,Method,remove,PlaylistWSController
191,Method,up,PlaylistWSController
192,Method,down,PlaylistWSController
193,Method,rearrange,PlaylistWSController
194,Method,getPlaylist,PlaylistWSController
195,Method,getPlaylistEntries,PlaylistWSController
196,Method,setPlaylistService,PlaylistWSController
197,Method,setMediaFileService,PlaylistWSController
198,Method,setMediaFileDao,PlaylistWSController
199,Method,setSettingsService,PlaylistWSController
200,Method,setPlayerService,PlaylistWSController
201,Method,setLocaleResolver,PlaylistWSController
202,Method,searchCoverArt,CoverArtWSController
203,Method,setCoverArtImage,CoverArtWSController
204,Method,saveCoverArt,CoverArtWSController
205,Method,isMediaFile,CoverArtWSController
206,Method,backup,CoverArtWSController
207,Method,setSecurityService,CoverArtWSController
208,Method,setMediaFileService,CoverArtWSController
209,Method,setLastFmService,CoverArtWSController
210,Method,getActivePlays,NowPlayingWSController
211,Method,getInactivePlays,NowPlayingWSController
212,Method,setShowSideBar,UserSettingsWSController
213,Method,setViewAsList,UserSettingsWSController
214,Method,setSettingsService,UserSettingsWSController
215,Method,star,StarWSController
216,Method,unstar,StarWSController
217,Method,setMediaFileDao,StarWSController
218,Method,init,PodcastService
219,Method,schedule,PodcastService
220,Method,createChannel,PodcastService
221,Method,sanitizeUrl,PodcastService
222,Method,getChannel,PodcastService
223,Method,getAllChannels,PodcastService
224,Method,getEpisodeByUrl,PodcastService
225,Method,getEpisodes,PodcastService
226,Method,getNewestEpisodes,PodcastService
227,Method,filterAllowed,PodcastService
228,Method,getEpisode,PodcastService
229,Method,addMediaFileIdToEpisodes,PodcastService
230,Method,addMediaFileIdToChannels,PodcastService
231,Method,refreshChannel,PodcastService
232,Method,refreshAllChannels,PodcastService
233,Method,refreshChannels,PodcastService
234,Method,doRefreshChannel,PodcastService
235,Method,downloadImage,PodcastService
236,Method,getCoverArtSuffix,PodcastService
237,Method,getChannelImageUrl,PodcastService
238,Method,getErrorMessage,PodcastService
239,Method,downloadEpisode,PodcastService
240,Method,refreshEpisodes,PodcastService
241,Method,parseDate,PodcastService
242,Method,formatDuration,PodcastService
243,Method,getITunesElement,PodcastService
244,Method,getITunesAttribute,PodcastService
245,Method,doDownloadEpisode,PodcastService
246,Method,isEpisodeDeleted,PodcastService
247,Method,updateTags,PodcastService
248,Method,deleteObsoleteEpisodes,PodcastService
249,Method,getFile,PodcastService
250,Method,getChannelDirectory,PodcastService
251,Method,deleteChannel,PodcastService
252,Method,deleteEpisode,PodcastService
253,Method,setPodcastDao,PodcastService
254,Method,setSettingsService,PodcastService
255,Method,setSecurityService,PodcastService
256,Method,setMediaFileService,PodcastService
257,Method,setMetaDataParserFactory,PodcastService
258,Method,getBaseUrl,NetworkService
259,Method,calculateProxyUri,NetworkService
260,Method,isValidXForwardedHost,NetworkService
261,Method,calculateNonProxyUri,NetworkService
262,Method,loadUserByUsername,SecurityService
263,Method,updateCredentials,SecurityService
264,Method,createCredential,SecurityService
265,Method,deleteCredential,SecurityService
266,Method,getCredentials,SecurityService
267,Method,getDecodableCredsForApps,SecurityService
268,Method,checkDefaultAdminCredsPresent,SecurityService
269,Method,checkOpenCredsPresent,SecurityService
270,Method,checkLegacyCredsPresent,SecurityService
271,Method,checkCredentialsStoredInLegacyTables,SecurityService
272,Method,purgeCredentialsStoredInLegacyTables,SecurityService
273,Method,migrateLegacyCredsToNonLegacy,SecurityService
274,Method,getPreferredPasswordEncoder,SecurityService
275,Method,getGrantedAuthorities,SecurityService
276,Method,getCurrentUser,SecurityService
277,Method,getCurrentUsername,SecurityService
278,Method,getUserByName,SecurityService
279,Method,getUserByEmail,SecurityService
280,Method,getAllUsers,SecurityService
281,Method,isAdmin,SecurityService
282,Method,createUser,SecurityService
283,Method,deleteUser,SecurityService
284,Method,updateUser,SecurityService
285,Method,updateUserByteCounts,SecurityService
286,Method,isReadAllowed,SecurityService
287,Method,isWriteAllowed,SecurityService
288,Method,checkUploadAllowed,SecurityService
289,Method,isInMusicFolder,SecurityService
290,Method,getMusicFolderForFile,SecurityService
291,Method,isInPodcastFolder,SecurityService
292,Method,getRootFolderForFile,SecurityService
293,Method,isFolderAccessAllowed,SecurityService
294,Method,isFileInFolder,SecurityService
295,Method,setSettingsService,SecurityService
296,Method,setUserDao,SecurityService
297,Method,createStreamStatus,StatusService
298,Method,removeStreamStatus,StatusService
299,Method,getAllStreamStatuses,StatusService
300,Method,getStreamStatusesForPlayer,StatusService
301,Method,getInactiveStreamStatusForPlayer,StatusService
302,Method,createDownloadStatus,StatusService
303,Method,removeDownloadStatus,StatusService
304,Method,getAllDownloadStatuses,StatusService
305,Method,createUploadStatus,StatusService
306,Method,removeUploadStatus,StatusService
307,Method,getAllUploadStatuses,StatusService
308,Method,cleanupRemotePlays,StatusService
309,Method,addRemotePlay,StatusService
310,Method,addActiveLocalPlay,StatusService
311,Method,removeActiveLocalPlay,StatusService
312,Method,getPlayStatus,StatusService
313,Method,createStatus,StatusService
314,Method,broadcast,StatusService
315,Method,getActivePlays,StatusService
316,Method,getInactivePlays,StatusService
317,Method,setMediaFileService,StatusService
318,Method,setSettingsService,StatusService
319,Method,setMessagingTemplate,StatusService
320,Method,getBookmarkForUserAndMediaFile,BookmarkService
321,Method,createOrUpdateBookmark,BookmarkService
322,Method,deleteBookmark,BookmarkService
323,Method,getBookmarks,BookmarkService
324,Method,migrateKeys,SettingsService
325,Method,getAirsonicHome,SettingsService
326,Method,getFileSystemAppName,SettingsService
327,Method,getDefaultJDBCUrl,SettingsService
328,Method,getUPnpPort,SettingsService
329,Method,getLogFile,SettingsService
330,Method,init,SettingsService
331,Method,logServerInfo,SettingsService
332,Method,save,SettingsService
333,Method,ensureDirectoryPresent,SettingsService
334,Method,getPropertyFile,SettingsService
335,Method,getInt,SettingsService
336,Method,setInt,SettingsService
337,Method,getLong,SettingsService
338,Method,setLong,SettingsService
339,Method,getBoolean,SettingsService
340,Method,setBoolean,SettingsService
341,Method,getString,SettingsService
342,Method,setString,SettingsService
343,Method,getIndexString,SettingsService
344,Method,getProperty,SettingsService
345,Method,setIndexString,SettingsService
346,Method,getIgnoredArticles,SettingsService
347,Method,getIgnoredArticlesAsArray,SettingsService
348,Method,setIgnoredArticles,SettingsService
349,Method,getShortcuts,SettingsService
350,Method,getShortcutsAsArray,SettingsService
351,Method,setShortcuts,SettingsService
352,Method,getPlaylistFolder,SettingsService
353,Method,setPlaylistFolder,SettingsService
354,Method,getMusicFileTypes,SettingsService
355,Method,setMusicFileTypes,SettingsService
356,Method,getMusicFileTypesSet,SettingsService
357,Method,getVideoFileTypes,SettingsService
358,Method,setVideoFileTypes,SettingsService
359,Method,getVideoFileTypesSet,SettingsService
360,Method,getCoverArtFileTypes,SettingsService
361,Method,setCoverArtFileTypes,SettingsService
362,Method,getCoverArtFileTypesSet,SettingsService
363,Method,getCoverArtConcurrency,SettingsService
364,Method,getWelcomeTitle,SettingsService
365,Method,setWelcomeTitle,SettingsService
366,Method,getWelcomeSubtitle,SettingsService
367,Method,setWelcomeSubtitle,SettingsService
368,Method,getWelcomeMessage,SettingsService
369,Method,setWelcomeMessage,SettingsService
370,Method,getLoginMessage,SettingsService
371,Method,setLoginMessage,SettingsService
372,Method,getIndexCreationInterval,SettingsService
373,Method,setIndexCreationInterval,SettingsService
374,Method,getIndexCreationHour,SettingsService
375,Method,setIndexCreationHour,SettingsService
376,Method,isFastCacheEnabled,SettingsService
377,Method,setFastCacheEnabled,SettingsService
378,Method,isIgnoreFileTimestamps,SettingsService
379,Method,setIgnoreFileTimestamps,SettingsService
380,Method,getPodcastUpdateInterval,SettingsService
381,Method,setPodcastUpdateInterval,SettingsService
382,Method,getPodcastEpisodeRetentionCount,SettingsService
383,Method,setPodcastEpisodeRetentionCount,SettingsService
384,Method,getPodcastEpisodeDownloadCount,SettingsService
385,Method,setPodcastEpisodeDownloadCount,SettingsService
386,Method,getPodcastFolder,SettingsService
387,Method,setPodcastFolder,SettingsService
388,Method,getDownloadBitrateLimit,SettingsService
389,Method,getDownloadBitrateLimiter,SettingsService
390,Method,adjustBitrateLimit,SettingsService
391,Method,setDownloadBitrateLimit,SettingsService
392,Method,getUploadBitrateLimit,SettingsService
393,Method,getUploadBitrateLimiter,SettingsService
394,Method,setUploadBitrateLimit,SettingsService
395,Method,getDownsamplingCommand,SettingsService
396,Method,setDownsamplingCommand,SettingsService
397,Method,getHlsCommand,SettingsService
398,Method,setHlsCommand,SettingsService
399,Method,getJukeboxCommand,SettingsService
400,Method,getVideoImageCommand,SettingsService
401,Method,isLdapEnabled,SettingsService
402,Method,setLdapEnabled,SettingsService
403,Method,getLdapUrl,SettingsService
404,Method,setLdapUrl,SettingsService
405,Method,getLdapSearchFilter,SettingsService
406,Method,setLdapSearchFilter,SettingsService
407,Method,getLdapManagerDn,SettingsService
408,Method,setLdapManagerDn,SettingsService
409,Method,getLdapManagerPassword,SettingsService
410,Method,setLdapManagerPassword,SettingsService
411,Method,isLdapAutoShadowing,SettingsService
412,Method,setLdapAutoShadowing,SettingsService
413,Method,isGettingStartedEnabled,SettingsService
414,Method,setGettingStartedEnabled,SettingsService
415,Method,getSettingsChanged,SettingsService
416,Method,isOrganizeByFolderStructure,SettingsService
417,Method,setOrganizeByFolderStructure,SettingsService
418,Method,isSortAlbumsByYear,SettingsService
419,Method,setSortAlbumsByYear,SettingsService
420,Method,getIgnoreSymLinks,SettingsService
421,Method,setIgnoreSymLinks,SettingsService
422,Method,getExcludePatternString,SettingsService
423,Method,setExcludePatternString,SettingsService
424,Method,compileExcludePattern,SettingsService
425,Method,getExcludePattern,SettingsService
426,Method,isDevelopmentMode,SettingsService
427,Method,getRememberMeKey,SettingsService
428,Method,getLocale,SettingsService
429,Method,setLocale,SettingsService
430,Method,getThemeId,SettingsService
431,Method,setThemeId,SettingsService
432,Method,getAvailableThemes,SettingsService
433,Method,getAvailableLocales,SettingsService
434,Method,getBrand,SettingsService
435,Method,getAllMusicFolders,SettingsService
436,Method,getMusicFoldersForUser,SettingsService
437,Method,getSelectedMusicFolder,SettingsService
438,Method,setMusicFoldersForUser,SettingsService
439,Method,getMusicFolderById,SettingsService
440,Method,createMusicFolder,SettingsService
441,Method,deleteMusicFolder,SettingsService
442,Method,updateMusicFolder,SettingsService
443,Method,clearMusicFolderCache,SettingsService
444,Method,getAllInternetRadios,SettingsService
445,Method,createInternetRadio,SettingsService
446,Method,deleteInternetRadio,SettingsService
447,Method,updateInternetRadio,SettingsService
448,Method,getUserSettings,SettingsService
449,Method,createDefaultUserSettings,SettingsService
450,Method,updateUserSettings,SettingsService
451,Method,getAllSystemAvatars,SettingsService
452,Method,getSystemAvatar,SettingsService
453,Method,getCustomAvatar,SettingsService
454,Method,setCustomAvatar,SettingsService
455,Method,isDlnaEnabled,SettingsService
456,Method,setDlnaEnabled,SettingsService
457,Method,getDlnaServerName,SettingsService
458,Method,setDlnaServerName,SettingsService
459,Method,getDlnaBaseLANURL,SettingsService
460,Method,setDlnaBaseLANURL,SettingsService
461,Method,isSonosEnabled,SettingsService
462,Method,setSonosEnabled,SettingsService
463,Method,getSonosServiceName,SettingsService
464,Method,setSonosServiceName,SettingsService
465,Method,getSonosServiceId,SettingsService
466,Method,setProperty,SettingsService
467,Method,splitLowerString,SettingsService
468,Method,setInternetRadioDao,SettingsService
469,Method,setMusicFolderDao,SettingsService
470,Method,setUserDao,SettingsService
471,Method,setAvatarDao,SettingsService
472,Method,getSmtpServer,SettingsService
473,Method,setSmtpServer,SettingsService
474,Method,getSmtpPort,SettingsService
475,Method,setSmtpPort,SettingsService
476,Method,getSmtpEncryption,SettingsService
477,Method,setSmtpEncryption,SettingsService
478,Method,getSmtpUser,SettingsService
479,Method,setSmtpUser,SettingsService
480,Method,getSmtpPassword,SettingsService
481,Method,setSmtpPassword,SettingsService
482,Method,getSmtpFrom,SettingsService
483,Method,setSmtpFrom,SettingsService
484,Method,isCaptchaEnabled,SettingsService
485,Method,setCaptchaEnabled,SettingsService
486,Method,getRecaptchaSiteKey,SettingsService
487,Method,setRecaptchaSiteKey,SettingsService
488,Method,getRecaptchaSecretKey,SettingsService
489,Method,setRecaptchaSecretKey,SettingsService
490,Method,getDatabaseConfigType,SettingsService
491,Method,setDatabaseConfigType,SettingsService
492,Method,getDatabaseConfigEmbedDriver,SettingsService
493,Method,setDatabaseConfigEmbedDriver,SettingsService
494,Method,getDatabaseConfigEmbedUrl,SettingsService
495,Method,setDatabaseConfigEmbedUrl,SettingsService
496,Method,getDatabaseConfigEmbedUsername,SettingsService
497,Method,setDatabaseConfigEmbedUsername,SettingsService
498,Method,getDatabaseConfigEmbedPassword,SettingsService
499,Method,setDatabaseConfigEmbedPassword,SettingsService
500,Method,getDatabaseConfigJNDIName,SettingsService
501,Method,setDatabaseConfigJNDIName,SettingsService
502,Method,getDatabaseMysqlVarcharMaxlength,SettingsService
503,Method,setDatabaseMysqlVarcharMaxlength,SettingsService
504,Method,getDatabaseUsertableQuote,SettingsService
505,Method,setDatabaseUsertableQuote,SettingsService
506,Method,getJWTKey,SettingsService
507,Method,setJWTKey,SettingsService
508,Method,getEncryptionPassword,SettingsService
509,Method,setEncryptionPassword,SettingsService
510,Method,getEncryptionSalt,SettingsService
511,Method,setEncryptionSalt,SettingsService
512,Method,getDecodablePasswordEncoder,SettingsService
513,Method,setDecodablePasswordEncoder,SettingsService
514,Method,getNonDecodablePasswordEncoder,SettingsService
515,Method,setNonDecodablePasswordEncoder,SettingsService
516,Method,getPreferNonDecodablePasswords,SettingsService
517,Method,setPreferNonDecodablePasswords,SettingsService
518,Method,setEnvironment,SettingsService
519,Method,resetDatabaseToDefault,SettingsService
520,Method,getPlaylistExportFormat,SettingsService
521,Method,getAllPlaylists,PlaylistService
522,Method,getReadablePlaylistsForUser,PlaylistService
523,Method,getWritablePlaylistsForUser,PlaylistService
524,Method,getPlaylist,PlaylistService
525,Method,getPlaylistUsers,PlaylistService
526,Method,getFilesInPlaylist,PlaylistService
527,Method,setFilesInPlaylist,PlaylistService
528,Method,createPlaylist,PlaylistService
529,Method,addPlaylistUser,PlaylistService
530,Method,deletePlaylistUser,PlaylistService
531,Method,isReadAllowed,PlaylistService
532,Method,isWriteAllowed,PlaylistService
533,Method,deletePlaylist,PlaylistService
534,Method,updatePlaylist,PlaylistService
535,Method,importPlaylist,PlaylistService
536,Method,getExportPlaylistExtension,PlaylistService
537,Method,exportPlaylist,PlaylistService
538,Method,getImportHandler,PlaylistService
539,Method,getExportHandler,PlaylistService
540,Method,importPlaylists,PlaylistService
541,Method,doImportPlaylists,PlaylistService
542,Method,importPlaylistIfUpdated,PlaylistService
543,Method,updateJukebox,JukeboxLegacySubsonicService
544,Method,play,JukeboxLegacySubsonicService
545,Method,stateChanged,JukeboxLegacySubsonicService
546,Method,getGain,JukeboxLegacySubsonicService
547,Method,getPosition,JukeboxLegacySubsonicService
548,Method,getPlayer,JukeboxLegacySubsonicService
549,Method,onSongStart,JukeboxLegacySubsonicService
550,Method,onSongEnd,JukeboxLegacySubsonicService
551,Method,scrobble,JukeboxLegacySubsonicService
552,Method,setGain,JukeboxLegacySubsonicService
553,Method,setTranscodingService,JukeboxLegacySubsonicService
554,Method,setAudioScrobblerService,JukeboxLegacySubsonicService
555,Method,setStatusService,JukeboxLegacySubsonicService
556,Method,setSettingsService,JukeboxLegacySubsonicService
557,Method,setSecurityService,JukeboxLegacySubsonicService
558,Method,setMediaFileService,JukeboxLegacySubsonicService
559,Method,getAllShares,ShareService
560,Method,getSharesForUser,ShareService
561,Method,getShareById,ShareService
562,Method,getShareByName,ShareService
563,Method,getSharedFiles,ShareService
564,Method,createShare,ShareService
565,Method,updateShare,ShareService
566,Method,deleteShare,ShareService
567,Method,getShareUrl,ShareService
568,Method,setSecurityService,ShareService
569,Method,setShareDao,ShareService
570,Method,setMediaFileService,ShareService
571,Method,setJwtSecurityService,ShareService
572,Method,generateKey,JWTSecurityService
573,Method,getAlgorithm,JWTSecurityService
574,Method,createToken,JWTSecurityService
575,Method,addJWTToken,JWTSecurityService
576,Method,verify,JWTSecurityService
577,Method,retrieveAudioPlayerForAirsonicPlayer,JukeboxJavaService
578,Method,initAudioPlayer,JukeboxJavaService
579,Method,getPosition,JukeboxJavaService
580,Method,setPosition,JukeboxJavaService
581,Method,getGain,JukeboxJavaService
582,Method,setGain,JukeboxJavaService
583,Method,onSongStart,JukeboxJavaService
584,Method,onSongEnd,JukeboxJavaService
585,Method,scrobble,JukeboxJavaService
586,Method,getMixer,JukeboxJavaService
587,Method,play,JukeboxJavaService
588,Method,start,JukeboxJavaService
589,Method,stop,JukeboxJavaService
590,Method,skip,JukeboxJavaService
591,Method,setGain,JukeboxService
592,Method,setPosition,JukeboxService
593,Method,getGain,JukeboxService
594,Method,updateJukebox,JukeboxService
595,Method,getPosition,JukeboxService
596,Method,play,JukeboxService
597,Method,start,JukeboxService
598,Method,stop,JukeboxService
599,Method,skip,JukeboxService
600,Method,canControl,JukeboxService
601,Method,decode,AudioScrobblerService
602,Method,register,AudioScrobblerService
603,Method,setSettingsService,AudioScrobblerService
604,Method,setSecurityService,AudioScrobblerService
605,Method,getLocalVersion,VersionService
606,Method,getLatestFinalVersion,VersionService
607,Method,getLatestBetaVersion,VersionService
608,Method,getLocalBuildDate,VersionService
609,Method,getLocalBuildNumber,VersionService
610,Method,isNewFinalVersionAvailable,VersionService
611,Method,isNewBetaVersionAvailable,VersionService
612,Method,refreshLatestVersion,VersionService
613,Method,readLatestVersion,VersionService
614,Method,getHighestRatedAlbums,RatingService
615,Method,setRatingForUser,RatingService
616,Method,getAverageRating,RatingService
617,Method,getRatingForUser,RatingService
618,Method,getRatedAlbumCount,RatingService
619,Method,setRatingDao,RatingService
620,Method,setSecurityService,RatingService
621,Method,setMediaFileService,RatingService
622,Method,init,PlayerService
623,Method,getPlayer,PlayerService
624,Method,populatePlayer,PlayerService
625,Method,updatePlayer,PlayerService
626,Method,getPlayerById,PlayerService
627,Method,isPlayerConnected,PlayerService
628,Method,getNonRestPlayerByIpAddressAndUsername,PlayerService
629,Method,getPlayerIdFromCookie,PlayerService
630,Method,getPlayersForUserAndClientId,PlayerService
631,Method,getAllPlayers,PlayerService
632,Method,removePlayerById,PlayerService
633,Method,clonePlayer,PlayerService
634,Method,createPlayer,PlayerService
635,Method,getGuestPlayer,PlayerService
636,Method,setStatusService,PlayerService
637,Method,setSecurityService,PlayerService
638,Method,setPlayerDao,PlayerService
639,Method,setTranscodingService,PlayerService
640,Method,start,PlayQueueService
641,Method,stop,PlayQueueService
642,Method,toggleStartStop,PlayQueueService
643,Method,skip,PlayQueueService
644,Method,reloadSearchCriteria,PlayQueueService
645,Method,savePlayQueue,PlayQueueService
646,Method,loadSavedPlayQueue,PlayQueueService
647,Method,playMediaFile,PlayQueueService
648,Method,playInternetRadio,PlayQueueService
649,Method,playPlaylist,PlayQueueService
650,Method,playTopSong,PlayQueueService
651,Method,playPodcastChannel,PlayQueueService
652,Method,playPodcastEpisode,PlayQueueService
653,Method,playNewestPodcastEpisode,PlayQueueService
654,Method,playStarred,PlayQueueService
655,Method,playShuffle,PlayQueueService
656,Method,playRandom,PlayQueueService
657,Method,playSimilar,PlayQueueService
658,Method,doPlay,PlayQueueService
659,Method,add,PlayQueueService
660,Method,addRandomCriteria,PlayQueueService
661,Method,addPlaylist,PlayQueueService
662,Method,reset,PlayQueueService
663,Method,clear,PlayQueueService
664,Method,shuffle,PlayQueueService
665,Method,remove,PlayQueueService
666,Method,rearrange,PlayQueueService
667,Method,up,PlayQueueService
668,Method,down,PlayQueueService
669,Method,toggleRepeat,PlayQueueService
670,Method,undo,PlayQueueService
671,Method,sort,PlayQueueService
672,Method,setJukeboxGain,PlayQueueService
673,Method,setJukeboxPosition,PlayQueueService
674,Method,broadcastPlayQueue,PlayQueueService
675,Method,postBroadcast,PlayQueueService
676,Method,getPlayQueueInfo,PlayQueueService
677,Method,convertMediaFileList,PlayQueueService
678,Method,convertInternetRadio,PlayQueueService
679,Method,init,UPnPService
680,Method,ensureServiceStarted,UPnPService
681,Method,ensureServiceStopped,UPnPService
682,Method,startService,UPnPService
683,Method,createService,UPnPService
684,Method,setMediaServerEnabled,UPnPService
685,Method,createMediaServerDevice,UPnPService
686,Method,getSonosControllerHosts,UPnPService
687,Method,getUpnpService,UPnPService
688,Method,setSettingsService,UPnPService
689,Method,setCustomContentDirectory,UPnPService
690,Method,setMusicServiceEnabled,SonosService
691,Method,getLastUpdate,SonosService
692,Method,getMetadata,SonosService
693,Method,getExtendedMetadata,SonosService
694,Method,search,SonosService
695,Method,getSessionId,SonosService
696,Method,getMediaMetadata,SonosService
697,Method,getMediaURI,SonosService
698,Method,createContainer,SonosService
699,Method,deleteContainer,SonosService
700,Method,renameContainer,SonosService
701,Method,addToContainer,SonosService
702,Method,addItemToPlaylist,SonosService
703,Method,reorderContainer,SonosService
704,Method,removeFromContainer,SonosService
705,Method,parsePlaylistIndices,SonosService
706,Method,createItem,SonosService
707,Method,deleteItem,SonosService
708,Method,getRequest,SonosService
709,Method,getUsername,SonosService
710,Method,setSonosHelper,SonosService
711,Method,rateItem,SonosService
712,Method,getStreamingMetadata,SonosService
713,Method,getExtendedMetadataText,SonosService
714,Method,getDeviceLinkCode,SonosService
715,Method,reportAccountAction,SonosService
716,Method,setPlayedSeconds,SonosService
717,Method,reportPlaySeconds,SonosService
718,Method,getDeviceAuthToken,SonosService
719,Method,reportStatus,SonosService
720,Method,getScrollIndices,SonosService
721,Method,reportPlayStatus,SonosService
722,Method,getContentKey,SonosService
723,Method,setMediaFileService,SonosService
724,Method,setSettingsService,SonosService
725,Method,setUpnpService,SonosService
726,Method,setPlaylistService,SonosService
727,Method,getIndexedArtists,MusicIndexService
728,Method,getMusicFolderContent,MusicIndexService
729,Method,getSingleSongs,MusicIndexService
730,Method,getShortcuts,MusicIndexService
731,Method,sortArtists,MusicIndexService
732,Method,createIndexFromExpression,MusicIndexService
733,Method,createIndexesFromExpression,MusicIndexService
734,Method,createSortableArtists,MusicIndexService
735,Method,createCollator,MusicIndexService
736,Method,createSortableName,MusicIndexService
737,Method,getIndex,MusicIndexService
738,Method,setSettingsService,MusicIndexService
739,Method,setMediaFileService,MusicIndexService
740,Method,getAllTranscodings,TranscodingService
741,Method,getTranscodingsForPlayer,TranscodingService
742,Method,setTranscodingsForPlayer,TranscodingService
743,Method,createTranscoding,TranscodingService
744,Method,deleteTranscoding,TranscodingService
745,Method,updateTranscoding,TranscodingService
746,Method,isTranscodingRequired,TranscodingService
747,Method,getSuffix,TranscodingService
748,Method,getParameters,TranscodingService
749,Method,getTranscodedInputStream,TranscodingService
750,Method,getTranscodeScheme,TranscodingService
751,Method,createTranscodedInputStream,TranscodingService
752,Method,createTranscodeInputStream,TranscodingService
753,Method,getTranscoding,TranscodingService
754,Method,createDownsampledInputStream,TranscodingService
755,Method,isDownsamplingSupported,TranscodingService
756,Method,isTranscodingInstalled,TranscodingService
757,Method,isTranscodingStepInstalled,TranscodingService
758,Method,getExpectedLength,TranscodingService
759,Method,isRangeAllowed,TranscodingService
760,Method,getTranscodeDirectory,TranscodingService
761,Method,setTranscodingDao,TranscodingService
762,Method,setSettingsService,TranscodingService
763,Method,setPlayerService,TranscodingService
764,Method,clearInternetRadioSourceCache,InternetRadioService
765,Method,getInternetRadioSources,InternetRadioService
766,Method,retrieveInternetRadioSources,InternetRadioService
767,Method,retrievePlaylist,InternetRadioService
768,Method,connectToURLWithRedirects,InternetRadioService
769,Method,connectToURL,InternetRadioService
770,Method,init,LastFmService
771,Method,getSimilarArtists,LastFmService
772,Method,getSimilarSongs,LastFmService
773,Method,getArtistBio,LastFmService
774,Method,getTopSongs,LastFmService
775,Method,getAlbumNotes,LastFmService
776,Method,searchCoverArt,LastFmService
777,Method,convert,LastFmService
778,Method,getCanonicalArtistName,LastFmService
779,Method,getRedirectedArtist,LastFmService
780,Method,processWikiText,LastFmService
781,Method,getArtistName,LastFmService
782,Method,setMediaFileDao,LastFmService
783,Method,setMediaFileService,LastFmService
784,Method,setArtistDao,LastFmService
785,Method,getMediaFile,MediaFileService
786,Method,getParentOf,MediaFileService
787,Method,checkLastModified,MediaFileService
788,Method,getChildrenOf,MediaFileService
789,Method,isRoot,MediaFileService
790,Method,getGenres,MediaFileService
791,Method,getMostFrequentlyPlayedAlbums,MediaFileService
792,Method,getMostRecentlyPlayedAlbums,MediaFileService
793,Method,getNewestAlbums,MediaFileService
794,Method,getStarredAlbums,MediaFileService
795,Method,getAlphabeticalAlbums,MediaFileService
796,Method,getAlbumsByYear,MediaFileService
797,Method,getAlbumsByGenre,MediaFileService
798,Method,getRandomSongsForParent,MediaFileService
799,Method,getRandomSongs,MediaFileService
800,Method,removeVideoFiles,MediaFileService
801,Method,getMediaFileStarredDate,MediaFileService
802,Method,populateStarredDate,MediaFileService
803,Method,updateChildren,MediaFileService
804,Method,includeMediaFile,MediaFileService
805,Method,isAudioFile,MediaFileService
806,Method,isVideoFile,MediaFileService
807,Method,isExcluded,MediaFileService
808,Method,createMediaFile,MediaFileService
809,Method,getMediaType,MediaFileService
810,Method,refreshMediaFile,MediaFileService
811,Method,setMemoryCacheEnabled,MediaFileService
812,Method,getMemoryCacheEnabled,MediaFileService
813,Method,getCoverArt,MediaFileService
814,Method,findCoverArt,MediaFileService
815,Method,setSecurityService,MediaFileService
816,Method,setSettingsService,MediaFileService
817,Method,setMediaFileDao,MediaFileService
818,Method,getDescendantsOf,MediaFileService
819,Method,setMetaDataParserFactory,MediaFileService
820,Method,updateMediaFile,MediaFileService
821,Method,incrementPlayCount,MediaFileService
822,Method,toMediaFileEntryList,MediaFileService
823,Method,getAlbumCount,MediaFileService
824,Method,getPlayedAlbumCount,MediaFileService
825,Method,getStarredAlbumCount,MediaFileService
826,Method,setAlbumDao,MediaFileService
827,Method,setParser,MediaFileService
828,Method,forRoot,SonosHelper
829,Method,forShuffle,SonosHelper
830,Method,forShuffleMusicFolder,SonosHelper
831,Method,forShuffleArtist,SonosHelper
832,Method,forShuffleAlbumList,SonosHelper
833,Method,forRadioArtist,SonosHelper
834,Method,forLibrary,SonosHelper
835,Method,forMusicFolder,SonosHelper
836,Method,forDirectoryContent,SonosHelper
837,Method,forDirectory,SonosHelper
838,Method,forPlaylists,SonosHelper
839,Method,forAlbumLists,SonosHelper
840,Method,forPodcastChannels,SonosHelper
841,Method,forPodcastChannel,SonosHelper
842,Method,forAlbumList,SonosHelper
843,Method,createAlbumList,SonosHelper
844,Method,forDecades,SonosHelper
845,Method,forGenres,SonosHelper
846,Method,forDecade,SonosHelper
847,Method,forGenre,SonosHelper
848,Method,forPlaylist,SonosHelper
849,Method,forStarred,SonosHelper
850,Method,forStarredArtists,SonosHelper
851,Method,forStarredAlbums,SonosHelper
852,Method,forStarredSongs,SonosHelper
853,Method,forSearchCategories,SonosHelper
854,Method,forSearch,SonosHelper
855,Method,forSimilarArtists,SonosHelper
856,Method,forMediaFiles,SonosHelper
857,Method,forMediaFile,SonosHelper
858,Method,forSong,SonosHelper
859,Method,star,SonosHelper
860,Method,unstar,SonosHelper
861,Method,getCoverArtUrl,SonosHelper
862,Method,createSubList,SonosHelper
863,Method,filterMusic,SonosHelper
864,Method,setPlaylistService,SonosHelper
865,Method,setPlayerService,SonosHelper
866,Method,setTranscodingService,SonosHelper
867,Method,getMediaURI,SonosHelper
868,Method,createPlayerIfNecessary,SonosHelper
869,Method,setMediaFileService,SonosHelper
870,Method,setSettingsService,SonosHelper
871,Method,setMusicIndexService,SonosHelper
872,Method,setMediaFileDao,SonosHelper
873,Method,setSearchService,SonosHelper
874,Method,setRatingService,SonosHelper
875,Method,setLastFmService,SonosHelper
876,Method,setPodcastService,SonosHelper
877,Method,handleMessage,SonosFaultInterceptor
878,Method,canHandle,DefaultPlaylistImportHandler
879,Method,handle,DefaultPlaylistImportHandler
880,Method,getOrder,DefaultPlaylistImportHandler
881,Method,canHandle,DefaultPlaylistExportHandler
882,Method,handle,DefaultPlaylistExportHandler
883,Method,createChameleonGenericPlaylistFromDBId,DefaultPlaylistExportHandler
884,Method,getOrder,DefaultPlaylistExportHandler
885,Method,canHandle,XspfPlaylistImportHandler
886,Method,handle,XspfPlaylistImportHandler
887,Method,getOrder,XspfPlaylistImportHandler
888,Method,canHandle,XspfPlaylistExportHandler
889,Method,handle,XspfPlaylistExportHandler
890,Method,createXsfpPlaylistFromDBId,XspfPlaylistExportHandler
891,Method,getOrder,XspfPlaylistExportHandler
892,Method,browseRoot,GenreUpnpProcessor
893,Method,createContainer,GenreUpnpProcessor
894,Method,getAllItems,GenreUpnpProcessor
895,Method,getItemById,GenreUpnpProcessor
896,Method,getChildren,GenreUpnpProcessor
897,Method,addChild,GenreUpnpProcessor
898,Method,browseObjectMetadata,MediaFileUpnpProcessor
899,Method,createContainer,MediaFileUpnpProcessor
900,Method,getAllItems,MediaFileUpnpProcessor
901,Method,getItemById,MediaFileUpnpProcessor
902,Method,getChildren,MediaFileUpnpProcessor
903,Method,addItem,MediaFileUpnpProcessor
904,Method,addChild,MediaFileUpnpProcessor
905,Method,createItem,MediaFileUpnpProcessor
906,Method,getMediaFileService,MediaFileUpnpProcessor
907,Method,getMediaFileDao,MediaFileUpnpProcessor
908,Method,setMediaFileDao,MediaFileUpnpProcessor
909,Method,browseRoot,AlbumUpnpProcessor
910,Method,createContainer,AlbumUpnpProcessor
911,Method,getAllItems,AlbumUpnpProcessor
912,Method,getItemById,AlbumUpnpProcessor
913,Method,getChildren,AlbumUpnpProcessor
914,Method,getAllItemsSize,AlbumUpnpProcessor
915,Method,addChild,AlbumUpnpProcessor
916,Method,getAlbumArtURI,AlbumUpnpProcessor
917,Method,getAlbumArtists,AlbumUpnpProcessor
918,Method,getAlbumDao,AlbumUpnpProcessor
919,Method,setAlbumDao,AlbumUpnpProcessor
920,Method,getMediaFileDao,AlbumUpnpProcessor
921,Method,browse,DispatchingContentDirectory
922,Method,search,DispatchingContentDirectory
923,Method,findProcessor,DispatchingContentDirectory
924,Method,createItem,DispatchingContentDirectory
925,Method,getAlbumArtUrl,DispatchingContentDirectory
926,Method,getPlaylistProcessor,DispatchingContentDirectory
927,Method,setPlaylistProcessor,DispatchingContentDirectory
928,Method,getMediaFileProcessor,DispatchingContentDirectory
929,Method,setMediaFileProcessor,DispatchingContentDirectory
930,Method,getAlbumProcessor,DispatchingContentDirectory
931,Method,setAlbumProcessor,DispatchingContentDirectory
932,Method,getRecentAlbumProcessor,DispatchingContentDirectory
933,Method,setRecentAlbumProcessor,DispatchingContentDirectory
934,Method,getArtistProcessor,DispatchingContentDirectory
935,Method,setArtistProcessor,DispatchingContentDirectory
936,Method,getGenreProcessor,DispatchingContentDirectory
937,Method,setGenreProcessor,DispatchingContentDirectory
938,Method,getRootProcessor,DispatchingContentDirectory
939,Method,setRootProcessor,DispatchingContentDirectory
940,Method,getMediaFileService,DispatchingContentDirectory
941,Method,setMediaFileService,DispatchingContentDirectory
942,Method,getSettingsService,DispatchingContentDirectory
943,Method,getPlaylistService,DispatchingContentDirectory
944,Method,setPlaylistService,DispatchingContentDirectory
945,Method,getJwtSecurityService,DispatchingContentDirectory
946,Method,getMusicIndexService,DispatchingContentDirectory
947,Method,setMusicIndexService,DispatchingContentDirectory
948,Method,getSearchService,DispatchingContentDirectory
949,Method,setSearchService,DispatchingContentDirectory
950,Method,browse,FolderBasedContentDirectory
951,Method,browseRootMetadata,FolderBasedContentDirectory
952,Method,browsePlaylistRootMetadata,FolderBasedContentDirectory
953,Method,browsePlaylistRoot,FolderBasedContentDirectory
954,Method,browsePlaylistMetadata,FolderBasedContentDirectory
955,Method,browsePlaylist,FolderBasedContentDirectory
956,Method,browseRoot,FolderBasedContentDirectory
957,Method,browseMediaFileMetadata,FolderBasedContentDirectory
958,Method,browseMediaFile,FolderBasedContentDirectory
959,Method,addContainerOrItem,FolderBasedContentDirectory
960,Method,createItem,FolderBasedContentDirectory
961,Method,createContainer,FolderBasedContentDirectory
962,Method,createAlbumContainer,FolderBasedContentDirectory
963,Method,createPlaylistRootContainer,FolderBasedContentDirectory
964,Method,createPlaylistContainer,FolderBasedContentDirectory
965,Method,getAlbumArtUrl,FolderBasedContentDirectory
966,Method,setMediaFileService,FolderBasedContentDirectory
967,Method,setPlaylistService,FolderBasedContentDirectory
968,Method,createContainer,PlaylistUpnpProcessor
969,Method,getAllItems,PlaylistUpnpProcessor
970,Method,getItemById,PlaylistUpnpProcessor
971,Method,getChildren,PlaylistUpnpProcessor
972,Method,addChild,PlaylistUpnpProcessor
973,Method,getPlaylistService,PlaylistUpnpProcessor
974,Method,setPlaylistService,PlaylistUpnpProcessor
975,Method,createRootContainer,RootUpnpProcessor
976,Method,createContainer,RootUpnpProcessor
977,Method,getAllItems,RootUpnpProcessor
978,Method,getItemById,RootUpnpProcessor
979,Method,getChildren,RootUpnpProcessor
980,Method,addChild,RootUpnpProcessor
981,Method,browseRoot,RecentAlbumUpnpProcessor
982,Method,getAllItems,RecentAlbumUpnpProcessor
983,Method,getAllItemsSize,RecentAlbumUpnpProcessor
984,Method,createContainer,ArtistUpnpProcessor
985,Method,getAllItems,ArtistUpnpProcessor
986,Method,getItemById,ArtistUpnpProcessor
987,Method,getChildren,ArtistUpnpProcessor
988,Method,addChild,ArtistUpnpProcessor
989,Method,getArtistDao,ArtistUpnpProcessor
990,Method,setArtistDao,ArtistUpnpProcessor
991,Method,getAlbumProcessor,ArtistUpnpProcessor
992,Method,index,IndexManager
993,Method,startIndexing,IndexManager
994,Method,createIndexWriter,IndexManager
995,Method,expunge,IndexManager
996,Method,stopIndexing,IndexManager
997,Method,getStatistics,IndexManager
998,Method,getSearcher,IndexManager
999,Method,release,IndexManager
1000,Method,deleteOldIndexFiles,IndexManager
1001,Method,initializeIndexDirectory,IndexManager
1002,Method,addTokenFilterForUnderscoreRemovalAroundToken,AnalyzerFactory
1003,Method,addTokenFilterForTokenToDomainValue,AnalyzerFactory
1004,Method,createDefaultAnalyzerBuilder,AnalyzerFactory
1005,Method,createArtistAnalyzerBuilder,AnalyzerFactory
1006,Method,createKeywordAnalyzerBuilder,AnalyzerFactory
1007,Method,createGenreAnalyzerBuilder,AnalyzerFactory
1008,Method,getAnalyzer,AnalyzerFactory
1009,Method,getQueryAnalyzer,AnalyzerFactory
1010,Method,search,SearchServiceImpl
1011,Method,createRandomDocsList,SearchServiceImpl
1012,Method,getRandomSongs,SearchServiceImpl
1013,Method,getRandomAlbums,SearchServiceImpl
1014,Method,getRandomAlbumsId3,SearchServiceImpl
1015,Method,searchByName,SearchServiceImpl
1016,Method,getRawMetaData,FFmpegParser
1017,Method,setMetaData,FFmpegParser
1018,Method,isEditingSupported,FFmpegParser
1019,Method,getSettingsService,FFmpegParser
1020,Method,isApplicable,FFmpegParser
1021,Method,setTranscodingService,FFmpegParser
1022,Method,setSettingsService,FFmpegParser
1023,Method,getRawMetaData,JaudiotaggerParser
1024,Method,getTagField,JaudiotaggerParser
1025,Method,getID3V1Genres,JaudiotaggerParser
1026,Method,mapGenre,JaudiotaggerParser
1027,Method,parseIntegerPattern,JaudiotaggerParser
1028,Method,setMetaData,JaudiotaggerParser
1029,Method,isEditingSupported,JaudiotaggerParser
1030,Method,getSettingsService,JaudiotaggerParser
1031,Method,isApplicable,JaudiotaggerParser
1032,Method,isImageAvailable,JaudiotaggerParser
1033,Method,getArtwork,JaudiotaggerParser
1034,Method,getRawMetaData,DefaultMetaDataParser
1035,Method,setMetaData,DefaultMetaDataParser
1036,Method,isEditingSupported,DefaultMetaDataParser
1037,Method,getSettingsService,DefaultMetaDataParser
1038,Method,isApplicable,DefaultMetaDataParser
1039,Method,getParser,MetaDataParserFactory
1040,Method,createAudioPlayer,AudioPlayerFactory
1041,Method,createJavaPlayer,JavaPlayerFactory
1042,Method,onStartup,RegisterPrecompiledJSPInitializer
1043,Method,registerPrecompiledJSPs,RegisterPrecompiledJSPInitializer
1044,Method,parseXmlFragment,RegisterPrecompiledJSPInitializer
1045,Method,resolveException,LoggingExceptionResolver
1046,Method,getOrder,LoggingExceptionResolver
1047,Method,createMessageSource,CustomThemeSource
1048,Method,setBasenamePrefix,CustomThemeSource
1049,Method,setSettingsService,CustomThemeSource
1050,Method,resolveThemeName,CustomThemeResolver
1051,Method,doResolveThemeName,CustomThemeResolver
1052,Method,themeExists,CustomThemeResolver
1053,Method,setThemeName,CustomThemeResolver
1054,Method,setSecurityService,CustomThemeResolver
1055,Method,setSettingsService,CustomThemeResolver
1056,Method,doGet,PlaylistsController
1057,Method,handleRequestInternal,VideoPlayerController
1058,Method,notFound,NotFoundController
1059,Method,handleRequest,StreamController
1060,Method,scrobble,StreamController
1061,Method,getShoutcastDetails,StreamController
1062,Method,createVideoTranscodingSettings,StreamController
1063,Method,getRequestedVideoSize,StreamController
1064,Method,getSuitableVideoSize,StreamController
1065,Method,even,StreamController
1066,Method,handlePost,ImportPlaylistController
1067,Method,handleGet,ImportPlaylistController
1068,Method,get,RatingJspController
1069,Method,initBinder,UserSettingsController
1070,Method,displayForm,UserSettingsController
1071,Method,getUser,UserSettingsController
1072,Method,getAllowedMusicFolderIds,UserSettingsController
1073,Method,doSubmitAction,UserSettingsController
1074,Method,getUserIndex,UserSettingsController
1075,Method,deleteUser,UserSettingsController
1076,Method,createUser,UserSettingsController
1077,Method,updateUser,UserSettingsController
1078,Method,login,LoginController
1079,Method,doGet,ShareSettingsController
1080,Method,doPost,ShareSettingsController
1081,Method,handleParameters,ShareSettingsController
1082,Method,getShareInfos,ShareSettingsController
1083,Method,getParameter,ShareSettingsController
1084,Method,parseExpireIn,ShareSettingsController
1085,Method,handleRequestInternal,ChangeCoverArtController
1086,Method,handleGet,DLNASettingsController
1087,Method,handlePost,DLNASettingsController
1088,Method,handleParameters,DLNASettingsController
1089,Method,setSettingsService,DLNASettingsController
1090,Method,setUpnpService,DLNASettingsController
1091,Method,handleRequestInternal,StarredController
1092,Method,displayForm,MusicFolderSettingsController
1093,Method,formBackingObject,MusicFolderSettingsController
1094,Method,expunge,MusicFolderSettingsController
1095,Method,wrap,MusicFolderSettingsController
1096,Method,onSubmit,MusicFolderSettingsController
1097,Method,handleRequestInternal,ExternalPlayerController
1098,Method,getSongs,ExternalPlayerController
1099,Method,addUrlInfo,ExternalPlayerController
1100,Method,formBackingObject,PodcastSettingsController
1101,Method,doSubmitAction,PodcastSettingsController
1102,Method,handleRequestInternal,PodcastReceiverAdminController
1103,Method,init,CoverArtController
1104,Method,getLastModified,CoverArtController
1105,Method,handleRequest,CoverArtController
1106,Method,createCoverArtRequest,CoverArtController
1107,Method,createAlbumCoverArtRequest,CoverArtController
1108,Method,createArtistCoverArtRequest,CoverArtController
1109,Method,createPlaylistCoverArtRequest,CoverArtController
1110,Method,createPodcastCoverArtRequest,CoverArtController
1111,Method,createMediaFileCoverArtRequest,CoverArtController
1112,Method,sendImage,CoverArtController
1113,Method,sendFallback,CoverArtController
1114,Method,sendUnscaled,CoverArtController
1115,Method,getCachedImage,CoverArtController
1116,Method,getImageInputStream,CoverArtController
1117,Method,getImageInputStreamWithType,CoverArtController
1118,Method,getImageInputStreamForVideo,CoverArtController
1119,Method,getImageCacheDirectory,CoverArtController
1120,Method,scale,CoverArtController
1121,Method,handleRequestInternal,PodcastController
1122,Method,handleRequestInternal,SettingsController
1123,Method,handleRequestInternal,MainController
1124,Method,handleRequestInternal,RightController
1125,Method,handleRequest,StatusChartController
1126,Method,handleRequestInternal,PlaylistController
1127,Method,handleRequestInternal,AllmusicController
1128,Method,index,IndexController
1129,Method,createShare,ShareManagementController
1130,Method,getDescription,ShareManagementController
1131,Method,getMediaFiles,ShareManagementController
1132,Method,handleRequestInternal,HomeController
1133,Method,getHighestRated,HomeController
1134,Method,getMostFrequent,HomeController
1135,Method,getMostRecent,HomeController
1136,Method,getNewest,HomeController
1137,Method,getStarred,HomeController
1138,Method,getRandom,HomeController
1139,Method,getAlphabetical,HomeController
1140,Method,getByYear,HomeController
1141,Method,createDecades,HomeController
1142,Method,getByGenre,HomeController
1143,Method,createAlbum,HomeController
1144,Method,handleRequest,M3UController
1145,Method,createClientSidePlaylist,M3UController
1146,Method,createServerSidePlaylist,M3UController
1147,Method,getSuffix,M3UController
1148,Method,getLastModified,LeftController
1149,Method,handleRequestInternal,LeftController
1150,Method,saveSelectedMusicFolder,LeftController
1151,Method,handleRequestInternal,StatusController
1152,Method,doGet,InternetRadioSettingsController
1153,Method,doPost,InternetRadioSettingsController
1154,Method,handleParameters,InternetRadioSettingsController
1155,Method,getParameter,InternetRadioSettingsController
1156,Method,handleRequest,UserChartController
1157,Method,createDataset,UserChartController
1158,Method,createChart,UserChartController
1159,Method,handleRequestInternal,UploadController
1160,Method,unzip,UploadController
1161,Method,copyEntry,UploadController
1162,Method,displayForm,SearchController
1163,Method,formBackingObject,SearchController
1164,Method,onSubmit,SearchController
1165,Method,get,CoverArtJspController
1166,Method,handleRequestInternal,SetRatingController
1167,Method,handleRequestInternal,TopController
1168,Method,getLastModified,AvatarController
1169,Method,handleRequest,AvatarController
1170,Method,getAvatar,AvatarController
1171,Method,handleRequest,HLSController
1172,Method,parseBitRates,HLSController
1173,Method,parseBitRate,HLSController
1174,Method,generateVariantPlaylist,HLSController
1175,Method,generateNormalPlaylist,HLSController
1176,Method,createStreamUrl,HLSController
1177,Method,getContextPath,HLSController
1178,Method,handleRequestInternal,LyricsController
1179,Method,accessDenied,AccessDeniedController
1180,Method,handleRequest,DownloadController
1181,Method,computeCrc,DownloadController
1182,Method,zipSize,DownloadController
1183,Method,prepareResponse,DownloadController
1184,Method,handleRequestInternal,AvatarUploadController
1185,Method,createAvatar,AvatarUploadController
1186,Method,handleRequestInternal,PodcastChannelController
1187,Method,handleRequestInternal,PodcastChannelsController
1188,Method,handleRequestInternal,EditTagsController
1189,Method,createSong,EditTagsController
1190,Method,handleRequestInternal,PlayQueueController
1191,Method,getPlayer,PlayQueueController
1192,Method,handleRandomPlayQueue,RandomPlayQueueController
1193,Method,getMusicFolders,RandomPlayQueueController
1194,Method,doGet,SonosSettingsController
1195,Method,doPost,SonosSettingsController
1196,Method,handleParameters,SonosSettingsController
1197,Method,setSettingsService,SonosSettingsController
1198,Method,setSonosService,SonosSettingsController
1199,Method,exportPlaylist,ExportPlayListController
1200,Method,handleRequest,ProxyController
1201,Method,doGet,TranscodingSettingsController
1202,Method,doPost,TranscodingSettingsController
1203,Method,handleParameters,TranscodingSettingsController
1204,Method,getParameter,TranscodingSettingsController
1205,Method,formBackingObject,AdvancedSettingsController
1206,Method,doSubmitAction,AdvancedSettingsController
1207,Method,formBackingObject,PersonalSettingsController
1208,Method,displayForm,PersonalSettingsController
1209,Method,doSubmitAction,PersonalSettingsController
1210,Method,getAvatarId,PersonalSettingsController
1211,Method,getAvatarScheme,PersonalSettingsController
1212,Method,getSystemAvatarId,PersonalSettingsController
1213,Method,handleRequestInternal,MoreController
1214,Method,displayForm,CredentialsManagementController
1215,Method,createNewCreds,CredentialsManagementController
1216,Method,updateCreds,CredentialsManagementController
1217,Method,adminControls,CredentialsManagementController
1218,Method,recover,RecoverController
1219,Method,getUserByUsernameOrEmail,RecoverController
1220,Method,emailPassword,RecoverController
1221,Method,handleMissingRequestParam,SubsonicRESTController
1222,Method,ping,SubsonicRESTController
1223,Method,getLicense,SubsonicRESTController
1224,Method,getMusicFolders,SubsonicRESTController
1225,Method,getIndexes,SubsonicRESTController
1226,Method,getGenres,SubsonicRESTController
1227,Method,getSongsByGenre,SubsonicRESTController
1228,Method,getArtists,SubsonicRESTController
1229,Method,getSimilarSongs,SubsonicRESTController
1230,Method,getSimilarSongs2,SubsonicRESTController
1231,Method,getTopSongs,SubsonicRESTController
1232,Method,getArtistInfo,SubsonicRESTController
1233,Method,getArtistInfo2,SubsonicRESTController
1234,Method,createJaxbArtist,SubsonicRESTController
1235,Method,getArtist,SubsonicRESTController
1236,Method,createJaxbAlbum,SubsonicRESTController
1237,Method,createJaxbPlaylist,SubsonicRESTController
1238,Method,getAlbum,SubsonicRESTController
1239,Method,getSong,SubsonicRESTController
1240,Method,getMusicDirectory,SubsonicRESTController
1241,Method,search,SubsonicRESTController
1242,Method,search2,SubsonicRESTController
1243,Method,search3,SubsonicRESTController
1244,Method,getPlaylists,SubsonicRESTController
1245,Method,getPlaylist,SubsonicRESTController
1246,Method,jukeboxControl,SubsonicRESTController
1247,Method,createPlaylist,SubsonicRESTController
1248,Method,updatePlaylist,SubsonicRESTController
1249,Method,deletePlaylist,SubsonicRESTController
1250,Method,getAlbumList,SubsonicRESTController
1251,Method,getAlbumList2,SubsonicRESTController
1252,Method,getRandomSongs,SubsonicRESTController
1253,Method,getVideos,SubsonicRESTController
1254,Method,getNowPlaying,SubsonicRESTController
1255,Method,createJaxbChild,SubsonicRESTController
1256,Method,findCoverArt,SubsonicRESTController
1257,Method,getRelativePath,SubsonicRESTController
1258,Method,download,SubsonicRESTController
1259,Method,apiException,SubsonicRESTController
1260,Method,stream,SubsonicRESTController
1261,Method,hls,SubsonicRESTController
1262,Method,scrobble,SubsonicRESTController
1263,Method,star,SubsonicRESTController
1264,Method,unstar,SubsonicRESTController
1265,Method,starOrUnstar,SubsonicRESTController
1266,Method,getStarred,SubsonicRESTController
1267,Method,getStarred2,SubsonicRESTController
1268,Method,getPodcasts,SubsonicRESTController
1269,Method,getNewestPodcasts,SubsonicRESTController
1270,Method,createJaxbPodcastEpisode,SubsonicRESTController
1271,Method,refreshPodcasts,SubsonicRESTController
1272,Method,createPodcastChannel,SubsonicRESTController
1273,Method,deletePodcastChannel,SubsonicRESTController
1274,Method,deletePodcastEpisode,SubsonicRESTController
1275,Method,downloadPodcastEpisode,SubsonicRESTController
1276,Method,getInternetRadioStations,SubsonicRESTController
1277,Method,getBookmarks,SubsonicRESTController
1278,Method,createBookmark,SubsonicRESTController
1279,Method,deleteBookmark,SubsonicRESTController
1280,Method,getPlayQueue,SubsonicRESTController
1281,Method,savePlayQueue,SubsonicRESTController
1282,Method,getShares,SubsonicRESTController
1283,Method,createShare,SubsonicRESTController
1284,Method,deleteShare,SubsonicRESTController
1285,Method,updateShare,SubsonicRESTController
1286,Method,createJaxbShare,SubsonicRESTController
1287,Method,getCoverArt,SubsonicRESTController
1288,Method,getAvatar,SubsonicRESTController
1289,Method,changePassword,SubsonicRESTController
1290,Method,getUser,SubsonicRESTController
1291,Method,getUsers,SubsonicRESTController
1292,Method,createJaxbUser,SubsonicRESTController
1293,Method,createUser,SubsonicRESTController
1294,Method,updateUser,SubsonicRESTController
1295,Method,hasParameter,SubsonicRESTController
1296,Method,deleteUser,SubsonicRESTController
1297,Method,getChatMessages,SubsonicRESTController
1298,Method,addChatMessage,SubsonicRESTController
1299,Method,getLyrics,SubsonicRESTController
1300,Method,setRating,SubsonicRESTController
1301,Method,getAlbumInfo,SubsonicRESTController
1302,Method,getAlbumInfo2,SubsonicRESTController
1303,Method,getAlbumInfoInternal,SubsonicRESTController
1304,Method,getVideoInfo,SubsonicRESTController
1305,Method,getCaptions,SubsonicRESTController
1306,Method,startScan,SubsonicRESTController
1307,Method,getScanStatus,SubsonicRESTController
1308,Method,wrapRequest,SubsonicRESTController
1309,Method,mapId,SubsonicRESTController
1310,Method,createResponse,SubsonicRESTController
1311,Method,writeEmptyResponse,SubsonicRESTController
1312,Method,error,SubsonicRESTController
1313,Method,createPlayerIfNecessary,SubsonicRESTController
1314,Method,gettingStarted,GettingStartedController
1315,Method,handleRequestInternal,NowPlayingController
1316,Method,displayForm,GeneralSettingsController
1317,Method,formBackingObject,GeneralSettingsController
1318,Method,doSubmitAction,GeneralSettingsController
1319,Method,handleRequestInternal,SetMusicFileInfoController
1320,Method,displayForm,DatabaseSettingsController
1321,Method,formBackingObject,DatabaseSettingsController
1322,Method,onSubmit,DatabaseSettingsController
1323,Method,handleRequestInternal,HelpController
1324,Method,getLatestLogEntries,HelpController
1325,Method,resolveLocale,LocaleResolver
1326,Method,localeExists,LocaleResolver
1327,Method,setLocale,LocaleResolver
1328,Method,setSecurityService,LocaleResolver
1329,Method,setSettingsService,LocaleResolver
1330,Method,createPlayQueue,PlayerDaoPlayQueueFactory
1331,Method,getHighestRatedAlbums,RatingDao
1332,Method,setRatingForUser,RatingDao
1333,Method,getAverageRating,RatingDao
1334,Method,getRatingForUser,RatingDao
1335,Method,getRatedAlbumCount,RatingDao
1336,Method,getReadablePlaylistsForUser,PlaylistDao
1337,Method,getWritablePlaylistsForUser,PlaylistDao
1338,Method,getPlaylist,PlaylistDao
1339,Method,getAllPlaylists,PlaylistDao
1340,Method,createPlaylist,PlaylistDao
1341,Method,setFilesInPlaylist,PlaylistDao
1342,Method,getPlaylistUsers,PlaylistDao
1343,Method,addPlaylistUser,PlaylistDao
1344,Method,deletePlaylistUser,PlaylistDao
1345,Method,deletePlaylist,PlaylistDao
1346,Method,updatePlaylist,PlaylistDao
1347,Method,getUserByName,UserDao
1348,Method,getCredentials,UserDao
1349,Method,getCredentialsByEncoder,UserDao
1350,Method,getCredentialCountByEncoder,UserDao
1351,Method,updateCredential,UserDao
1352,Method,createCredential,UserDao
1353,Method,deleteCredential,UserDao
1354,Method,checkCredentialsStoredInLegacyTables,UserDao
1355,Method,purgeCredentialsStoredInLegacyTables,UserDao
1356,Method,getUserByEmail,UserDao
1357,Method,getAllUsers,UserDao
1358,Method,createUser,UserDao
1359,Method,deleteUser,UserDao
1360,Method,updateUser,UserDao
1361,Method,updateUserByteCounts,UserDao
1362,Method,getRolesForUser,UserDao
1363,Method,getUserSettings,UserDao
1364,Method,updateUserSettings,UserDao
1365,Method,readRoles,UserDao
1366,Method,writeRoles,UserDao
1367,Method,getUserTable,UserDao
1368,Method,getAllPlayers,PlayerDao
1369,Method,getPlayersForUserAndClientId,PlayerDao
1370,Method,getPlayerById,PlayerDao
1371,Method,createPlayer,PlayerDao
1372,Method,deletePlayer,PlayerDao
1373,Method,deleteOldPlayers,PlayerDao
1374,Method,updatePlayer,PlayerDao
1375,Method,addPlaylist,PlayerDao
1376,Method,getAlbum,AlbumDao
1377,Method,getAlbumForFile,AlbumDao
1378,Method,getAlbumsForArtist,AlbumDao
1379,Method,createOrUpdateAlbum,AlbumDao
1380,Method,getAlphabeticalAlbums,AlbumDao
1381,Method,getAlbumCount,AlbumDao
1382,Method,getMostFrequentlyPlayedAlbums,AlbumDao
1383,Method,getMostRecentlyPlayedAlbums,AlbumDao
1384,Method,getNewestAlbums,AlbumDao
1385,Method,getStarredAlbums,AlbumDao
1386,Method,getAlbumsByGenre,AlbumDao
1387,Method,getAlbumsByYear,AlbumDao
1388,Method,markNonPresent,AlbumDao
1389,Method,getExpungeCandidates,AlbumDao
1390,Method,expunge,AlbumDao
1391,Method,starAlbum,AlbumDao
1392,Method,unstarAlbum,AlbumDao
1393,Method,getAlbumStarredDate,AlbumDao
1394,Method,getArtist,ArtistDao
1395,Method,createOrUpdateArtist,ArtistDao
1396,Method,getAlphabetialArtists,ArtistDao
1397,Method,getStarredArtists,ArtistDao
1398,Method,markPresent,ArtistDao
1399,Method,markNonPresent,ArtistDao
1400,Method,getExpungeCandidates,ArtistDao
1401,Method,expunge,ArtistDao
1402,Method,starArtist,ArtistDao
1403,Method,unstarArtist,ArtistDao
1404,Method,getArtistStarredDate,ArtistDao
1405,Method,getPlayQueue,PlayQueueDao
1406,Method,savePlayQueue,PlayQueueDao
1407,Method,getMediaFile,MediaFileDao
1408,Method,getChildrenOf,MediaFileDao
1409,Method,getFilesInPlaylist,MediaFileDao
1410,Method,getSongsForAlbum,MediaFileDao
1411,Method,getVideos,MediaFileDao
1412,Method,getArtistByName,MediaFileDao
1413,Method,createOrUpdateMediaFile,MediaFileDao
1414,Method,getMusicFileInfo,MediaFileDao
1415,Method,deleteMediaFile,MediaFileDao
1416,Method,deleteMediaFiles,MediaFileDao
1417,Method,getGenres,MediaFileDao
1418,Method,updateGenres,MediaFileDao
1419,Method,getMostFrequentlyPlayedAlbums,MediaFileDao
1420,Method,getMostRecentlyPlayedAlbums,MediaFileDao
1421,Method,getNewestAlbums,MediaFileDao
1422,Method,getAlphabeticalAlbums,MediaFileDao
1423,Method,getAlbumsByYear,MediaFileDao
1424,Method,getAlbumsByGenre,MediaFileDao
1425,Method,getSongsByGenre,MediaFileDao
1426,Method,getSongsByArtist,MediaFileDao
1427,Method,getSongByArtistAndTitle,MediaFileDao
1428,Method,getStarredAlbums,MediaFileDao
1429,Method,getStarredDirectories,MediaFileDao
1430,Method,getStarredFiles,MediaFileDao
1431,Method,getRandomSongs,MediaFileDao
1432,Method,getAlbumCount,MediaFileDao
1433,Method,getPlayedAlbumCount,MediaFileDao
1434,Method,getStarredAlbumCount,MediaFileDao
1435,Method,starMediaFile,MediaFileDao
1436,Method,unstarMediaFile,MediaFileDao
1437,Method,getMediaFileStarredDate,MediaFileDao
1438,Method,markPresent,MediaFileDao
1439,Method,markNonPresent,MediaFileDao
1440,Method,getArtistExpungeCandidates,MediaFileDao
1441,Method,getAlbumExpungeCandidates,MediaFileDao
1442,Method,getSongExpungeCandidates,MediaFileDao
1443,Method,expunge,MediaFileDao
1444,Method,getInternetRadioById,InternetRadioDao
1445,Method,getAllInternetRadios,InternetRadioDao
1446,Method,createInternetRadio,InternetRadioDao
1447,Method,deleteInternetRadio,InternetRadioDao
1448,Method,updateInternetRadio,InternetRadioDao
1449,Method,getAllSystemAvatars,AvatarDao
1450,Method,getSystemAvatar,AvatarDao
1451,Method,getCustomAvatar,AvatarDao
1452,Method,setCustomAvatar,AvatarDao
1453,Method,createShare,ShareDao
1454,Method,getAllShares,ShareDao
1455,Method,getShareByName,ShareDao
1456,Method,getShareById,ShareDao
1457,Method,updateShare,ShareDao
1458,Method,createSharedFiles,ShareDao
1459,Method,getSharedFiles,ShareDao
1460,Method,deleteShare,ShareDao
1461,Method,getBookmarks,BookmarkDao
1462,Method,createOrUpdateBookmark,BookmarkDao
1463,Method,deleteBookmark,BookmarkDao
1464,Method,getAllMusicFolders,MusicFolderDao
1465,Method,getMusicFolderForPath,MusicFolderDao
1466,Method,createMusicFolder,MusicFolderDao
1467,Method,deleteMusicFolder,MusicFolderDao
1468,Method,updateMusicFolder,MusicFolderDao
1469,Method,getMusicFoldersForUser,MusicFolderDao
1470,Method,setMusicFoldersForUser,MusicFolderDao
1471,Method,setUserDao,MusicFolderDao
1472,Method,createChannel,PodcastDao
1473,Method,getAllChannels,PodcastDao
1474,Method,getChannel,PodcastDao
1475,Method,updateChannel,PodcastDao
1476,Method,deleteChannel,PodcastDao
1477,Method,createEpisode,PodcastDao
1478,Method,getEpisodes,PodcastDao
1479,Method,getNewestEpisodes,PodcastDao
1480,Method,getEpisode,PodcastDao
1481,Method,getEpisodeByUrl,PodcastDao
1482,Method,updateEpisode,PodcastDao
1483,Method,deleteEpisode,PodcastDao
1484,Method,getAllTranscodings,TranscodingDao
1485,Method,getTranscodingsForPlayer,TranscodingDao
1486,Method,setTranscodingsForPlayer,TranscodingDao
1487,Method,createTranscoding,TranscodingDao
1488,Method,deleteTranscoding,TranscodingDao
1489,Method,updateTranscoding,TranscodingDao
1490,Method,checkpoint,MediaFileDao
1491,Method,namedQueryForStrings,RatingDao
1492,Method,update,RatingDao
1493,Method,queryForDouble,RatingDao
1494,Method,queryForInt,RatingDao
1495,Method,namedQueryForInt,RatingDao
1496,Method,query,PlaylistDao
1497,Method,prefix,PlaylistDao
1498,Method,queryOne,PlaylistDao
1499,Method,update,PlaylistDao
1500,Method,questionMarks,PlaylistDao
1501,Method,queryForInt,PlaylistDao
1502,Method,queryForStrings,PlaylistDao
1503,Method,query,UserDao
1504,Method,namedQuery,UserDao
1505,Method,queryForInt,UserDao
1506,Method,update,UserDao
1507,Method,questionMarks,UserDao
1508,Method,namedUpdate,UserDao
1509,Method,queryOne,UserDao
1510,Method,queryForStrings,UserDao
1511,Method,queryForInts,UserDao
1512,Method,query,PlayerDao
1513,Method,queryOne,PlayerDao
1514,Method,queryForInt,PlayerDao
1515,Method,questionMarks,PlayerDao
1516,Method,update,PlayerDao
1517,Method,queryOne,AlbumDao
1518,Method,query,AlbumDao
1519,Method,namedQuery,AlbumDao
1520,Method,update,AlbumDao
1521,Method,questionMarks,AlbumDao
1522,Method,queryForInt,AlbumDao
1523,Method,namedQueryForInt,AlbumDao
1524,Method,prefix,AlbumDao
1525,Method,queryForInts,AlbumDao
1526,Method,queryForInstant,AlbumDao
1527,Method,queryOne,ArtistDao
1528,Method,update,ArtistDao
1529,Method,questionMarks,ArtistDao
1530,Method,queryForInt,ArtistDao
1531,Method,namedQuery,ArtistDao
1532,Method,prefix,ArtistDao
1533,Method,queryForInts,ArtistDao
1534,Method,queryForInstant,ArtistDao
1535,Method,queryOne,PlayQueueDao
1536,Method,queryForInts,PlayQueueDao
1537,Method,update,PlayQueueDao
1538,Method,questionMarks,PlayQueueDao
1539,Method,queryForInt,PlayQueueDao
1540,Method,queryOne,MediaFileDao
1541,Method,query,MediaFileDao
1542,Method,prefix,MediaFileDao
1543,Method,namedQuery,MediaFileDao
1544,Method,namedQueryOne,MediaFileDao
1545,Method,update,MediaFileDao
1546,Method,questionMarks,MediaFileDao
1547,Method,queryForInt,MediaFileDao
1548,Method,batchedUpdate,MediaFileDao
1549,Method,namedQueryForInt,MediaFileDao
1550,Method,queryForInstant,MediaFileDao
1551,Method,queryForInts,MediaFileDao
1552,Method,queryOne,InternetRadioDao
1553,Method,query,InternetRadioDao
1554,Method,update,InternetRadioDao
1555,Method,query,AvatarDao
1556,Method,queryOne,AvatarDao
1557,Method,update,AvatarDao
1558,Method,questionMarks,AvatarDao
1559,Method,questionMarks,ShareDao
1560,Method,update,ShareDao
1561,Method,queryForInt,ShareDao
1562,Method,query,ShareDao
1563,Method,queryOne,ShareDao
1564,Method,namedQuery,ShareDao
1565,Method,query,BookmarkDao
1566,Method,update,BookmarkDao
1567,Method,questionMarks,BookmarkDao
1568,Method,queryForInt,BookmarkDao
1569,Method,query,MusicFolderDao
1570,Method,queryOne,MusicFolderDao
1571,Method,update,MusicFolderDao
1572,Method,queryForInt,MusicFolderDao
1573,Method,prefix,MusicFolderDao
1574,Method,questionMarks,PodcastDao
1575,Method,update,PodcastDao
1576,Method,queryForInt,PodcastDao
1577,Method,query,PodcastDao
1578,Method,queryOne,PodcastDao
1579,Method,query,TranscodingDao
1580,Method,update,TranscodingDao
1581,Method,queryForInt,TranscodingDao
1582,Method,questionMarks,TranscodingDao
