34,Calls,9
35,Calls,10
36,Calls,12
37,Calls,11
38,Calls,13
39,Calls,32
40,Calls,33
41,Calls,31
42,Calls,19
43,Calls,20
43,Calls,21
43,Calls,22
44,Calls,23
44,Calls,24
45,Calls,48
45,Calls,16
45,Calls,17
46,Calls,15
46,Calls,28
47,Calls,14
48,Calls,26
48,Calls,27
52,Calls,41
52,Calls,40
54,Calls,49
54,Calls,49
71,Calls,47
72,Calls,75
73,Calls,67
73,Calls,63
73,Calls,45
74,Calls,46
97,Calls,37
97,Calls,35
98,Calls,39
98,Calls,36
99,Calls,40
100,Calls,38
112,Calls,43
112,Calls,42
112,Calls,37
114,Calls,44
114,Calls,42
114,Calls,37
116,Calls,42
116,Calls,103
116,Calls,105
116,Calls,119
116,Calls,37
117,Calls,119
9,Persists,0
10,Persists,0
11,Persists,5
12,Persists,5
13,Persists,5
14,Persists,3
15,Persists,3
16,Persists,3
17,Persists,3
18,Persists,7
19,Persists,7
20,Persists,7
21,Persists,7
22,Persists,7
23,Persists,7
24,Persists,7
25,Persists,7
26,Persists,8
27,Persists,8
28,Persists,2
29,Persists,2
32,Persists,1
33,Persists,1
34,Uses,0
35,Uses,0
36,Uses,5
37,Uses,5
38,Uses,5
39,Uses,1
40,Uses,1
42,Uses,7
43,Uses,7
44,Uses,7
45,Uses,3
46,Uses,3
47,Uses,3
48,Uses,8
49,Uses,4
50,Uses,4
52,Uses,1
53,Uses,1
54,Uses,6
57,Uses,4
63,Uses,3
64,Uses,3
70,Uses,3
75,Uses,3
84,Uses,0
85,Uses,0
86,Uses,5
87,Uses,5
88,Uses,1
89,Uses,1
90,Uses,0
91,Uses,0
92,Uses,5
93,Uses,5
94,Uses,1
95,Uses,1
102,Uses,7
107,Uses,5
108,Uses,5
119,Uses,7
1,References,5
2,References,1
3,References,2
4,References,6
4,References,6
6,References,1
