0,Entity,NotifierProxyProperties
1,Entity,HipchatNotifier
2,Entity,RemindingNotifier
3,Entity,LetsChatNotifier
4,Entity,AbstractEventNotifier
5,Entity,DingTalkNotifier
6,Entity,TelegramNotifier
7,Entity,LoggingNotifier
8,Entity,OpsGenieNotifier
9,Entity,DiscordNotifier
10,Entity,MicrosoftTeamsNotifier
11,Entity,SlackNotifier
12,Entity,PagerdutyNotifier
13,Entity,HazelcastNotificationTrigger
14,Entity,MailNotifier
15,Entity,AbstractStatusChangeNotifier
16,Entity,CompositeNotifier
17,Entity,NotificationTrigger
18,Entity,ApplicationNameNotificationFilter
19,Entity,FilteringNotifier
20,Entity,AbstractNotificationFilter
21,Entity,InstanceIdNotificationFilter
22,Entity,ExpiringNotificationFilter
23,Entity,NotificationFilterController
24,Entity,Endpoints
25,Entity,BuildVersion
26,Entity,Tags
27,Entity,Endpoint
28,Entity,InstanceId
29,Entity,Info
30,Entity,StatusInfo
31,Entity,Registration
32,Entity,InstanceEvent
33,Entity,InstanceEndpointsDetectedEvent
34,Entity,InstanceStatusChangedEvent
35,Entity,InstanceRegistrationUpdatedEvent
36,Entity,InstanceDeregisteredEvent
37,Entity,InstanceInfoChangedEvent
38,Entity,InstanceRegisteredEvent
39,Entity,Application
40,Entity,Instance
41,Entity,InMemoryEventStore
42,Entity,ConcurrentMapEventStore
43,Entity,OptimisticLockingException
44,Entity,HazelcastEventStore
45,Entity,InstanceEventPublisher
46,Entity,InstanceStatusChangedEventMixin
47,Entity,TagsMixin
48,Entity,EndpointsMixin
49,Entity,InfoMixin
50,Entity,InstanceRegistrationUpdatedEventMixin
51,Entity,InstanceRegisteredEventMixin
52,Entity,StatusInfoMixin
53,Entity,EndpointMixin
54,Entity,InstanceEventMixin
55,Entity,InstanceInfoChangedEventMixin
56,Entity,RegistrationBeanSerializerModifier
57,Entity,InstanceEndpointsDetectedEventMixin
58,Entity,InstanceIdMixin
59,Entity,BuildVersionMixin
60,Entity,InstanceDeregisteredEventMixin
61,Entity,RegistrationDeserializer
62,Entity,AdminServerModule
63,Entity,AdminServerCloudFoundryAutoConfiguration
64,Entity,AdminServerNotifierAutoConfiguration
65,Entity,AdminServerProperties
66,Entity,AdminServerAutoConfiguration
67,Entity,SpringBootAdminServerEnabledCondition
68,Entity,AdminServerHazelcastAutoConfiguration
69,Entity,HttpHeaderFilter
70,Entity,ApplicationsController
71,Entity,InstanceWebProxy
72,Entity,InstancesController
73,Entity,PathUtils
74,Entity,AdminControllerHandlerMapping
75,Entity,InstancesProxyController
76,Entity,InstanceWebClient
77,Entity,BasicAuthHttpHeaderProvider
78,Entity,InstanceExchangeFilterFunctions
79,Entity,CompositeHttpHeadersProvider
80,Entity,CloudFoundryHttpHeaderProvider
81,Entity,LegacyEndpointConverters
82,Entity,LegacyEndpointConverter
83,Entity,CookieStoreCleanupTrigger
84,Entity,InstanceWebClientException
85,Entity,ResolveEndpointException
86,Entity,ResolveInstanceException
87,Entity,InstancesProxyController
88,Entity,ApplicationRegistry
89,Entity,AbstractEventHandler
90,Entity,EndpointDetectionTrigger
91,Entity,IntervalCheck
92,Entity,StatusUpdater
93,Entity,InfoUpdater
94,Entity,InfoUpdateTrigger
95,Entity,InstanceRegistry
96,Entity,StatusUpdateTrigger
97,Entity,CloudFoundryInstanceIdGenerator
98,Entity,EndpointDetector
99,Entity,ApiMediaTypeHandler
100,Entity,HashingInstanceUrlIdGenerator
101,Entity,ChainingStrategy
102,Entity,ProbeEndpointsStrategy
103,Entity,QueryIndexEndpointStrategy
104,Entity,MavenWrapperDownloader
105,Method,findAll,SnapshottingInstanceRepository
106,Method,find,SnapshottingInstanceRepository
107,Method,save,SnapshottingInstanceRepository
108,Method,start,SnapshottingInstanceRepository
109,Method,stop,SnapshottingInstanceRepository
110,Method,rehydrateSnapshot,SnapshottingInstanceRepository
111,Method,updateSnapshot,SnapshottingInstanceRepository
112,Method,save,EventsourcingInstanceRepository
113,Method,findAll,EventsourcingInstanceRepository
114,Method,find,EventsourcingInstanceRepository
115,Method,findByName,EventsourcingInstanceRepository
116,Method,compute,EventsourcingInstanceRepository
117,Method,computeIfPresent,EventsourcingInstanceRepository
117,Method,doOnError,SnapshottingInstanceRepository
118,Method,map,SnapshottingInstanceRepository
