36,Calls,35
37,Calls,36
38,Calls,36
39,Calls,36
65,Calls,66
69,Calls,56
70,Calls,57
71,Calls,58
72,Calls,45
72,Calls,38
73,Calls,46
74,Calls,75
74,Calls,49
76,Calls,53
77,Calls,50
78,Calls,47
79,Calls,87
79,Calls,43
79,Calls,37
80,Calls,40
82,Calls,51
83,Calls,46
84,Calls,87
84,Calls,48
85,Calls,42
85,Calls,39
86,Calls,87
86,Calls,41
88,Calls,32
89,Calls,65
90,Calls,67
90,Calls,91
29,Uses,15
29,Uses,2
33,Uses,15
36,Uses,15
37,Uses,15
38,Uses,15
39,Uses,15
40,Uses,15
41,Uses,15
42,Uses,15
43,Uses,11
43,Uses,15
43,Uses,12
44,Uses,15
45,Uses,11
45,Uses,15
45,Uses,12
49,Uses,11
50,Uses,15
51,Uses,15
54,Uses,15
59,Uses,15
59,Uses,11
60,Uses,15
60,Uses,11
61,Uses,11
61,Uses,15
62,Uses,11
62,Uses,15
62,Uses,12
63,Uses,12
64,Uses,15
65,Uses,14
72,Uses,11
72,Uses,22
72,Uses,23
72,Uses,19
72,Uses,15
73,Uses,11
73,Uses,15
73,Uses,19
73,Uses,23
74,Uses,11
77,Uses,11
79,Uses,26
79,Uses,21
79,Uses,15
80,Uses,15
82,Uses,11
83,Uses,11
83,Uses,15
83,Uses,19
84,Uses,10
84,Uses,21
85,Uses,15
86,Uses,27
86,Uses,21
86,Uses,15
88,Uses,25
89,Persists,14
90,Persists,14
19,Extends,22
15,References,12
15,Extends,13
23,Extends,22
26,Extends,11
