0,References,6
2,References,3
2,Extends,8
3,References,0
6,References,9
6,References,149
8,Extends,107
9,References,9
10,References,6
10,References,11
11,References,109
11,References,6
11,References,109
12,References,10
12,Extends,8
13,References,10
13,Extends,8
14,References,6
15,Extends,8
16,References,27
16,References,68
17,References,27
17,References,68
66,Extends,104
23,References,68
25,References,68
27,Extends,106
31,References,31
33,References,27
33,References,68
33,References,25
33,References,106
83,References,83
36,References,27
36,References,22
36,References,68
36,Extends,149
38,References,45
38,References,43
38,References,44
39,References,39
39,References,42
42,References,42
42,References,45
42,References,43
42,References,44
43,References,43
44,References,44
45,References,45
48,References,48
48,References,48
48,References,48
48,References,48
48,References,48
48,References,48
49,References,63
49,References,106
49,References,56
51,References,54
51,References,56
52,References,108
52,References,104
53,References,56
53,References,63
54,References,109
55,References,61
58,References,108
58,References,104
59,References,59
60,References,108
60,References,108
60,References,103
61,Extends,106
63,References,61
64,References,64
65,References,64
69,References,83
71,References,70
71,References,79
71,References,84
71,References,94
71,References,94
71,References,94
75,References,76
75,References,68
76,References,75
76,References,71
76,References,77
76,References,69
76,Extends,149
77,References,78
77,References,66
77,References,81
77,References,67
77,References,82
77,References,80
77,References,72
78,References,108
85,Extends,105
87,Extends,103
91,Extends,149
96,Extends,106
108,References,103
108,References,103
108,References,105
109,References,109
112,References,111
112,References,111
112,References,111
112,References,111
112,References,111
112,References,111
112,References,111
112,References,111
112,References,111
112,References,111
112,References,140
114,References,133
115,References,140
115,References,131
117,References,118
117,References,32
117,References,32
118,References,118
118,References,118
118,References,108
118,References,118
119,Extends,106
123,References,146
124,References,139
126,References,111
126,References,111
126,References,111
126,References,104
128,References,111
128,References,111
128,References,111
128,References,111
129,References,139
130,References,108
130,References,103
132,References,108
138,References,112
139,References,103
139,References,143
139,References,142
140,References,139
141,References,108
141,References,108
141,References,143
142,References,103
143,References,103
145,Extends,149
147,References,108
147,Extends,149
149,Extends,107
151,References,6
152,References,147
152,References,7
154,References,149
157,References,6
166,References,169
166,References,170
167,References,173
171,References,173
174,References,178
174,Extends,106
176,References,149
176,References,178
176,Extends,145
180,References,182
181,References,182
184,References,107
188,References,149
188,Extends,145
200,References,199
