0,Entity,ScribeSpanConsumer
1,Entity,ScribeInboundHandler
2,Entity,ScribeCollector
3,Entity,NettyScribeServer
4,Entity,Scribe
5,Entity,LogEntry
6,Entity,Collector
7,Entity,InMemoryCollectorMetrics
8,Entity,CollectorComponent
9,Entity,CollectorSampler
10,Entity,LazyInit
11,Entity,ActiveMQSpanConsumer
12,Entity,ActiveMQCollector
13,Entity,RabbitMQCollector
14,Entity,KafkaCollectorWorker
15,Entity,KafkaCollector
16,Entity,MySQLSpanConsumer
17,Entity,MySQLAutocompleteTags
18,Entity,HasPreAggregatedDependencies
19,Entity,SelectDependencies
20,Entity,SelectSpanNames
21,Entity,Schema
22,Entity,DSLContexts
23,Entity,AggregateDependencies
24,Entity,DependencyLinkV2SpanIterator
25,Entity,SelectSpansAndAnnotations
26,Entity,SelectAnnotationServiceNames
27,Entity,DataSourceCall
28,Entity,HasIpv6
29,Entity,HasRemoteServiceName
30,Entity,SelectRemoteServiceNames
31,Entity,PeekingIterator
32,Entity,Pair
33,Entity,MySQLSpanStore
34,Entity,SelectAutocompleteValues
35,Entity,HasErrorCount
36,Entity,MySQLStorage
37,Entity,HasTraceIdHigh
38,Entity,Tables
39,Entity,DefaultCatalog
40,Entity,Keys
41,Entity,Indexes
42,Entity,Zipkin
43,Entity,ZipkinDependencies
44,Entity,ZipkinSpans
45,Entity,ZipkinAnnotations
46,Entity,VersionSpecificTemplates
47,Entity,IndexTemplates
48,Entity,ElasticsearchVersion
49,Entity,ElasticsearchSpanStore
50,Entity,EnsureIndexTemplate
51,Entity,ElasticsearchSpanConsumer
52,Entity,BodyConverters
53,Entity,ElasticsearchAutocompleteTags
54,Entity,ElasticsearchStorage
55,Entity,BulkCallBuilder
56,Entity,IndexNameFormatter
57,Entity,JsonReaders
58,Entity,JsonSerializers
59,Entity,Internal
60,Entity,BulkIndexWriter
61,Entity,HttpCall
62,Entity,SearchResultConverter
63,Entity,SearchCallFactory
64,Entity,Aggregation
65,Entity,SearchRequest
66,Entity,SelectDependencies
67,Entity,SelectSpanNames
68,Entity,Schema
69,Entity,CassandraAutocompleteTags
70,Entity,InsertSpan
71,Entity,CassandraSpanConsumer
72,Entity,SelectTraceIdsFromServiceRemoteService
73,Entity,DefaultSessionFactory
74,Entity,SelectServiceNames
75,Entity,LazySession
76,Entity,CassandraStorage
77,Entity,CassandraSpanStore
78,Entity,SelectFromSpan
79,Entity,InsertTraceByServiceRemoteService
80,Entity,SelectTraceIdsFromServiceSpan
81,Entity,SelectRemoteServiceNames
82,Entity,SelectTraceIdsFromSpan
83,Entity,SelectAutocompleteValues
84,Entity,InsertTraceByServiceSpan
85,Entity,AnnotationCodec
86,Entity,CassandraUtil
87,Entity,EndpointCodec
88,Entity,SessionBuilder
89,Entity,KeyspaceMetadataUtil
90,Entity,Resources
91,Entity,CassandraStorageBuilder
92,Entity,HostAndPort
93,Entity,AccumulateTraceIdTsUuid
94,Entity,InsertEntry
95,Entity,IntersectKeySets
96,Entity,ResultSetFutureCall
97,Entity,DeduplicatingInsert
98,Entity,AccumulateAllResults
99,Entity,IntersectMaps
100,Entity,DistinctSortedStrings
101,Entity,AggregateIntoMap
102,Entity,SpanBytesDecoderDetector
103,Entity,Endpoint
104,Entity,DependencyLink
105,Entity,Annotation
106,Entity,Call
107,Entity,Component
108,Entity,Span
109,Entity,CheckResult
110,Entity,ReadBuffer
111,Entity,ThriftField
112,Entity,V1ThriftSpanWriter
113,Entity,Proto3Fields
114,Entity,Proto3Codec
115,Entity,V1JsonSpanWriter
116,Entity,TracesAdapter
117,Entity,DependencyLinker
118,Entity,SpanNode
119,Entity,AggregateCall
120,Entity,WriteBuffer
121,Entity,DelayLimiter
122,Entity,DateUtil
123,Entity,FilterTraces
124,Entity,V1JsonSpanReader
125,Entity,JsonCodec
126,Entity,Dependencies
127,Entity,HexCodec
128,Entity,ThriftEndpointCodec
129,Entity,V1ThriftSpanReader
130,Entity,V2SpanReader
131,Entity,V1SpanWriter
132,Entity,Trace
133,Entity,Proto3SpanWriter
134,Entity,Proto3ZipkinFields
135,Entity,JsonEscaper
136,Entity,RecyclableBuffers
137,Entity,V2SpanWriter
138,Entity,ThriftCodec
139,Entity,V1Span
140,Entity,V2SpanConverter
141,Entity,V1SpanConverter
142,Entity,V1BinaryAnnotation
143,Entity,V1Annotation
144,Entity,StrictTraceId
145,Entity,ForwardingStorageComponent
146,Entity,QueryRequest
147,Entity,InMemoryStorage
148,Entity,GroupByTraceId
149,Entity,StorageComponent
150,Entity,HttpFailure
151,Entity,ZipkinDispatcher
152,Entity,ZipkinRule
153,Entity,ZipkinConfiguration
154,Entity,ZipkinQueryApiV2
155,Entity,ZipkinGrpcCollector
156,Entity,ZipkinActuatorImporter
157,Entity,ZipkinHttpCollector
158,Entity,CompletableCallback
159,Entity,UnzippingBytesRequestConverter
160,Entity,JsonUtil
161,Entity,MicrometerCollectorMetrics
162,Entity,ZipkinModuleImporter
163,Entity,WrappingExecutorService
164,Entity,InternalZipkinConfiguration
165,Entity,BodyIsExceptionMessage
166,Entity,LazyHttpClientImpl
167,Entity,BasicAuthInterceptor
168,Entity,SslUtil
169,Entity,HttpClientFactory
170,Entity,ZipkinElasticsearchStorageProperties
171,Entity,DynamicCredentialsFileLoader
172,Entity,InitialEndpointSupplier
173,Entity,BasicCredentials
174,Entity,ThrottledCall
175,Entity,MicrometerThrottleMetrics
176,Entity,ThrottledStorageComponent
177,Entity,ZipkinStorageThrottleProperties
178,Entity,LimiterMetrics
179,Entity,ZipkinScribeCollectorConfiguration
180,Entity,ZipkinSelfTracingMySQLStorageConfiguration
181,Entity,ZipkinMySQLStorageConfiguration
182,Entity,ZipkinMySQLStorageProperties
183,Entity,ZipkinMetricsController
184,Entity,ZipkinHealthController
185,Entity,ComponentHealth
186,Entity,ZipkinActiveMQCollectorConfiguration
187,Entity,ZipkinActiveMQCollectorProperties
188,Entity,TracingStorageComponent
189,Entity,TracedCall
190,Entity,SelfTracingProperties
191,Entity,ZipkinSelfTracingConfiguration
192,Entity,ZipkinBanner
193,Entity,ZipkinCassandra3StorageConfiguration
194,Entity,ZipkinCassandra3StorageProperties
195,Entity,ZipkinRabbitMQCollectorConfiguration
196,Entity,ZipkinRabbitMQCollectorProperties
197,Entity,ZipkinKafkaCollectorProperties
198,Entity,ZipkinKafkaCollectorConfiguration
199,Entity,ZipkinUiProperties
200,Entity,ZipkinUiConfiguration
201,Entity,CompressionProperties
202,Entity,ZipkinServer
