doFilterInternal(JwtAuthenticationTokenFilter),Calls,getLoginUser(TokenService)
doFilterInternal(JwtAuthenticationTokenFilter),Calls,verifyToken(TokenService)
doFilterInternal(JwtAuthenticationTokenFilter),Calls,buildDetails(JwtAuthenticationTokenFilter)
getUrl(ServerConfig),Calls,getDomain(ServerConfig)
isRepeatSubmit(SameUrlDataInterceptor),Calls,getCacheObject(RedisCache)
isRepeatSubmit(SameUrlDataInterceptor),Calls,compareParams(SameUrlDataInterceptor)
isRepeatSubmit(SameUrlDataInterceptor),Calls,compareTime(SameUrlDataInterceptor)
isRepeatSubmit(SameUrlDataInterceptor),Calls,setCacheObject(RedisCache)
doAfterReturning(LogAspect),Calls,handleLog(LogAspect)
doAfterThrowing(LogAspect),Calls,handleLog(LogAspect)
handleLog(LogAspect),Calls,getControllerMethodDescription(LogAspect)
getControllerMethodDescription(LogAspect),Calls,setRequestValue(LogAspect)
setRequestValue(LogAspect),Calls,argsArrayToString(LogAspect)
setRequestValue(LogAspect),Calls,excludePropertyPreFilter(LogAspect)
argsArrayToString(LogAspect),Calls,isFilterObject(LogAspect)
argsArrayToString(LogAspect),Calls,excludePropertyPreFilter(LogAspect)
excludePropertyPreFilter(LogAspect),Calls,addExcludes(LogAspect)
isFilterObject(LogAspect),Calls,isAssignableFrom(LogAspect)
isFilterObject(LogAspect),Calls,isAssignableFrom(LogAspect)
doBefore(DataScopeAspect),Calls,clearDataScope(DataScopeAspect)
doBefore(DataScopeAspect),Calls,handleDataScope(DataScopeAspect)
handleDataScope(DataScopeAspect),Calls,dataScopeFilter(DataScopeAspect)
around(DataSourceAspect),Calls,getDataSource(DataSourceAspect)
doBefore(RateLimiterAspect),Calls,getCombineKey(RateLimiterAspect)
destroy(ShutdownManager),Calls,shutdownAsyncManager(ShutdownManager)
validate(SysPasswordService),Calls,getCacheObject(RedisCache)
validate(SysPasswordService),Calls,getCacheKey(SysPasswordService)
validate(SysPasswordService),Calls,matches(SysPasswordService)
validate(SysPasswordService),Calls,setCacheObject(RedisCache)
validate(SysPasswordService),Calls,getCacheKey(SysPasswordService)
validate(SysPasswordService),Calls,clearLoginRecordCache(SysPasswordService)
clearLoginRecordCache(SysPasswordService),Calls,hasKey(RedisCache)
clearLoginRecordCache(SysPasswordService),Calls,getCacheKey(SysPasswordService)
clearLoginRecordCache(SysPasswordService),Calls,deleteObject(RedisCache)
clearLoginRecordCache(SysPasswordService),Calls,getCacheKey(SysPasswordService)
getRolePermission(SysPermissionService),Calls,selectRolePermissionByUserId(SysRoleServiceImpl)
getMenuPermission(SysPermissionService),Calls,selectMenuPermsByRoleId(SysMenuServiceImpl)
getMenuPermission(SysPermissionService),Calls,selectMenuPermsByUserId(SysMenuServiceImpl)
getLoginUser(TokenService),Calls,getToken(TokenService)
getLoginUser(TokenService),Calls,parseToken(TokenService)
getLoginUser(TokenService),Calls,getTokenKey(TokenService)
getLoginUser(TokenService),Calls,getCacheObject(RedisCache)
setLoginUser(TokenService),Calls,refreshToken(TokenService)
delLoginUser(TokenService),Calls,getTokenKey(TokenService)
delLoginUser(TokenService),Calls,deleteObject(RedisCache)
verifyToken(TokenService),Calls,refreshToken(TokenService)
refreshToken(TokenService),Calls,getTokenKey(TokenService)
refreshToken(TokenService),Calls,setCacheObject(RedisCache)
getUsernameFromToken(TokenService),Calls,parseToken(TokenService)
loadUserByUsername(UserDetailsServiceImpl),Calls,selectUserByUserName(SysUserServiceImpl)
loadUserByUsername(UserDetailsServiceImpl),Calls,validate(SysPasswordService)
loadUserByUsername(UserDetailsServiceImpl),Calls,createLoginUser(UserDetailsServiceImpl)
createLoginUser(UserDetailsServiceImpl),Calls,getMenuPermission(SysPermissionService)
hasPermi(PermissionService),Calls,hasPermissions(PermissionService)
lacksPermi(PermissionService),Calls,hasPermi(PermissionService)
hasAnyPermi(PermissionService),Calls,hasPermissions(PermissionService)
lacksRole(PermissionService),Calls,hasRole(PermissionService)
hasAnyRoles(PermissionService),Calls,hasRole(PermissionService)
register(SysRegisterService),Calls,selectCaptchaEnabled(SysConfigServiceImpl)
register(SysRegisterService),Calls,validateCaptcha(SysRegisterService)
register(SysRegisterService),Calls,checkUserNameUnique(SysUserServiceImpl)
register(SysRegisterService),Calls,registerUser(SysUserServiceImpl)
validateCaptcha(SysRegisterService),Calls,getCacheObject(RedisCache)
validateCaptcha(SysRegisterService),Calls,deleteObject(RedisCache)
login(SysLoginService),Calls,validateCaptcha(SysLoginService)
login(SysLoginService),Calls,loginPreCheck(SysLoginService)
login(SysLoginService),Calls,recordLoginInfo(SysLoginService)
login(SysLoginService),Calls,createToken(TokenService)
validateCaptcha(SysLoginService),Calls,selectCaptchaEnabled(SysConfigServiceImpl)
validateCaptcha(SysLoginService),Calls,getCacheObject(RedisCache)
validateCaptcha(SysLoginService),Calls,deleteObject(RedisCache)
loginPreCheck(SysLoginService),Calls,selectConfigByKey(SysConfigServiceImpl)
recordLoginInfo(SysLoginService),Calls,updateUserProfile(SysUserServiceImpl)
list(SysOperlogController),Calls,startPage(SysOperlogController)
list(SysOperlogController),Calls,selectOperLogList(SysOperLogServiceImpl)
list(SysOperlogController),Calls,getDataTable(SysOperlogController)
export(SysOperlogController),Calls,selectOperLogList(SysOperLogServiceImpl)
remove(SysOperlogController),Calls,toAjax(SysOperlogController)
remove(SysOperlogController),Calls,deleteOperLogByIds(SysOperLogServiceImpl)
clean(SysOperlogController),Calls,cleanOperLog(SysOperLogServiceImpl)
clean(SysOperlogController),Calls,success(SysOperlogController)
list(SysLogininforController),Calls,startPage(SysLogininforController)
list(SysLogininforController),Calls,selectLogininforList(SysLogininforServiceImpl)
list(SysLogininforController),Calls,getDataTable(SysLogininforController)
export(SysLogininforController),Calls,selectLogininforList(SysLogininforServiceImpl)
remove(SysLogininforController),Calls,toAjax(SysLogininforController)
remove(SysLogininforController),Calls,deleteLogininforByIds(SysLogininforServiceImpl)
clean(SysLogininforController),Calls,cleanLogininfor(SysLogininforServiceImpl)
clean(SysLogininforController),Calls,success(SysLogininforController)
unlock(SysLogininforController),Calls,clearLoginRecordCache(SysPasswordService)
unlock(SysLogininforController),Calls,success(SysLogininforController)
list(SysUserOnlineController),Calls,keys(RedisCache)
list(SysUserOnlineController),Calls,getCacheObject(RedisCache)
list(SysUserOnlineController),Calls,selectOnlineByInfo(SysUserOnlineServiceImpl)
list(SysUserOnlineController),Calls,selectOnlineByIpaddr(SysUserOnlineServiceImpl)
list(SysUserOnlineController),Calls,selectOnlineByUserName(SysUserOnlineServiceImpl)
list(SysUserOnlineController),Calls,loginUserToUserOnline(SysUserOnlineServiceImpl)
list(SysUserOnlineController),Calls,getDataTable(SysUserOnlineController)
forceLogout(SysUserOnlineController),Calls,deleteObject(RedisCache)
forceLogout(SysUserOnlineController),Calls,success(SysUserOnlineController)
userList(TestController),Calls,values(UserEntity)
getUser(TestController),Calls,isEmpty(UserEntity)
getUser(TestController),Calls,containsKey(UserEntity)
getUser(TestController),Calls,get(UserEntity)
save(TestController),Calls,put(UserEntity)
update(TestController),Calls,isEmpty(UserEntity)
update(TestController),Calls,containsKey(UserEntity)
update(TestController),Calls,remove(UserEntity)
update(TestController),Calls,put(UserEntity)
delete(TestController),Calls,isEmpty(UserEntity)
delete(TestController),Calls,containsKey(UserEntity)
delete(TestController),Calls,remove(UserEntity)
uploadFile(CommonController),Calls,getUrl(ServerConfig)
uploadFiles(CommonController),Calls,getUrl(ServerConfig)
getCode(CaptchaController),Calls,selectCaptchaEnabled(SysConfigServiceImpl)
getCode(CaptchaController),Calls,equals(CaptchaController)
getCode(CaptchaController),Calls,equals(CaptchaController)
getCode(CaptchaController),Calls,setCacheObject(RedisCache)
list(SysNoticeController),Calls,startPage(SysNoticeController)
list(SysNoticeController),Calls,selectNoticeList(SysNoticeServiceImpl)
list(SysNoticeController),Calls,getDataTable(SysNoticeController)
getInfo(SysNoticeController),Calls,success(SysNoticeController)
getInfo(SysNoticeController),Calls,selectNoticeById(SysNoticeServiceImpl)
add(SysNoticeController),Calls,getUsername(SysNoticeController)
add(SysNoticeController),Calls,toAjax(SysNoticeController)
add(SysNoticeController),Calls,insertNotice(SysNoticeServiceImpl)
edit(SysNoticeController),Calls,getUsername(SysNoticeController)
edit(SysNoticeController),Calls,toAjax(SysNoticeController)
edit(SysNoticeController),Calls,updateNotice(SysNoticeServiceImpl)
remove(SysNoticeController),Calls,toAjax(SysNoticeController)
remove(SysNoticeController),Calls,deleteNoticeByIds(SysNoticeServiceImpl)
list(SysConfigController),Calls,startPage(SysConfigController)
list(SysConfigController),Calls,selectConfigList(SysConfigServiceImpl)
list(SysConfigController),Calls,getDataTable(SysConfigController)
export(SysConfigController),Calls,selectConfigList(SysConfigServiceImpl)
getInfo(SysConfigController),Calls,success(SysConfigController)
getInfo(SysConfigController),Calls,selectConfigById(SysConfigServiceImpl)
getConfigKey(SysConfigController),Calls,success(SysConfigController)
getConfigKey(SysConfigController),Calls,selectConfigByKey(SysConfigServiceImpl)
add(SysConfigController),Calls,checkConfigKeyUnique(SysConfigServiceImpl)
add(SysConfigController),Calls,error(SysConfigController)
add(SysConfigController),Calls,getUsername(SysConfigController)
add(SysConfigController),Calls,toAjax(SysConfigController)
add(SysConfigController),Calls,insertConfig(SysConfigServiceImpl)
edit(SysConfigController),Calls,checkConfigKeyUnique(SysConfigServiceImpl)
edit(SysConfigController),Calls,error(SysConfigController)
edit(SysConfigController),Calls,getUsername(SysConfigController)
edit(SysConfigController),Calls,toAjax(SysConfigController)
edit(SysConfigController),Calls,updateConfig(SysConfigServiceImpl)
remove(SysConfigController),Calls,deleteConfigByIds(SysConfigServiceImpl)
remove(SysConfigController),Calls,success(SysConfigController)
refreshCache(SysConfigController),Calls,resetConfigCache(SysConfigServiceImpl)
refreshCache(SysConfigController),Calls,success(SysConfigController)
list(SysUserController),Calls,startPage(SysUserController)
list(SysUserController),Calls,selectUserList(SysUserServiceImpl)
list(SysUserController),Calls,getDataTable(SysUserController)
export(SysUserController),Calls,selectUserList(SysUserServiceImpl)
importData(SysUserController),Calls,getUsername(SysUserController)
importData(SysUserController),Calls,importUser(SysUserServiceImpl)
importData(SysUserController),Calls,success(SysUserController)
getInfo(SysUserController),Calls,checkUserDataScope(SysUserServiceImpl)
getInfo(SysUserController),Calls,selectUserById(SysUserServiceImpl)
getInfo(SysUserController),Calls,selectPostListByUserId(SysPostServiceImpl)
getInfo(SysUserController),Calls,selectRoleAll(SysRoleServiceImpl)
getInfo(SysUserController),Calls,selectPostAll(SysPostServiceImpl)
add(SysUserController),Calls,checkDeptDataScope(SysDeptServiceImpl)
add(SysUserController),Calls,checkRoleDataScope(SysRoleServiceImpl)
add(SysUserController),Calls,checkUserNameUnique(SysUserServiceImpl)
add(SysUserController),Calls,error(SysUserController)
add(SysUserController),Calls,checkPhoneUnique(SysUserServiceImpl)
add(SysUserController),Calls,error(SysUserController)
add(SysUserController),Calls,checkEmailUnique(SysUserServiceImpl)
add(SysUserController),Calls,error(SysUserController)
add(SysUserController),Calls,getUsername(SysUserController)
add(SysUserController),Calls,toAjax(SysUserController)
add(SysUserController),Calls,insertUser(SysUserServiceImpl)
edit(SysUserController),Calls,checkUserAllowed(SysUserServiceImpl)
edit(SysUserController),Calls,checkUserDataScope(SysUserServiceImpl)
edit(SysUserController),Calls,checkDeptDataScope(SysDeptServiceImpl)
edit(SysUserController),Calls,checkRoleDataScope(SysRoleServiceImpl)
edit(SysUserController),Calls,checkUserNameUnique(SysUserServiceImpl)
edit(SysUserController),Calls,error(SysUserController)
edit(SysUserController),Calls,checkPhoneUnique(SysUserServiceImpl)
edit(SysUserController),Calls,error(SysUserController)
edit(SysUserController),Calls,checkEmailUnique(SysUserServiceImpl)
edit(SysUserController),Calls,error(SysUserController)
edit(SysUserController),Calls,getUsername(SysUserController)
edit(SysUserController),Calls,toAjax(SysUserController)
edit(SysUserController),Calls,updateUser(SysUserServiceImpl)
remove(SysUserController),Calls,getUserId(SysUserController)
remove(SysUserController),Calls,error(SysUserController)
remove(SysUserController),Calls,toAjax(SysUserController)
remove(SysUserController),Calls,deleteUserByIds(SysUserServiceImpl)
resetPwd(SysUserController),Calls,checkUserAllowed(SysUserServiceImpl)
resetPwd(SysUserController),Calls,checkUserDataScope(SysUserServiceImpl)
resetPwd(SysUserController),Calls,getUsername(SysUserController)
resetPwd(SysUserController),Calls,toAjax(SysUserController)
resetPwd(SysUserController),Calls,resetPwd(SysUserServiceImpl)
changeStatus(SysUserController),Calls,checkUserAllowed(SysUserServiceImpl)
changeStatus(SysUserController),Calls,checkUserDataScope(SysUserServiceImpl)
changeStatus(SysUserController),Calls,getUsername(SysUserController)
changeStatus(SysUserController),Calls,toAjax(SysUserController)
changeStatus(SysUserController),Calls,updateUserStatus(SysUserServiceImpl)
authRole(SysUserController),Calls,selectUserById(SysUserServiceImpl)
authRole(SysUserController),Calls,selectRolesByUserId(SysRoleServiceImpl)
insertAuthRole(SysUserController),Calls,checkUserDataScope(SysUserServiceImpl)
insertAuthRole(SysUserController),Calls,checkRoleDataScope(SysRoleServiceImpl)
insertAuthRole(SysUserController),Calls,insertUserAuth(SysUserServiceImpl)
insertAuthRole(SysUserController),Calls,success(SysUserController)
deptTree(SysUserController),Calls,success(SysUserController)
deptTree(SysUserController),Calls,selectDeptTreeList(SysDeptServiceImpl)
list(SysPostController),Calls,startPage(SysPostController)
list(SysPostController),Calls,selectPostList(SysPostServiceImpl)
list(SysPostController),Calls,getDataTable(SysPostController)
export(SysPostController),Calls,selectPostList(SysPostServiceImpl)
getInfo(SysPostController),Calls,success(SysPostController)
getInfo(SysPostController),Calls,selectPostById(SysPostServiceImpl)
add(SysPostController),Calls,checkPostNameUnique(SysPostServiceImpl)
add(SysPostController),Calls,error(SysPostController)
add(SysPostController),Calls,checkPostCodeUnique(SysPostServiceImpl)
add(SysPostController),Calls,error(SysPostController)
add(SysPostController),Calls,getUsername(SysPostController)
add(SysPostController),Calls,toAjax(SysPostController)
add(SysPostController),Calls,insertPost(SysPostServiceImpl)
edit(SysPostController),Calls,checkPostNameUnique(SysPostServiceImpl)
edit(SysPostController),Calls,error(SysPostController)
edit(SysPostController),Calls,checkPostCodeUnique(SysPostServiceImpl)
edit(SysPostController),Calls,error(SysPostController)
edit(SysPostController),Calls,getUsername(SysPostController)
edit(SysPostController),Calls,toAjax(SysPostController)
edit(SysPostController),Calls,updatePost(SysPostServiceImpl)
remove(SysPostController),Calls,toAjax(SysPostController)
remove(SysPostController),Calls,deletePostByIds(SysPostServiceImpl)
optionselect(SysPostController),Calls,selectPostAll(SysPostServiceImpl)
optionselect(SysPostController),Calls,success(SysPostController)
list(SysMenuController),Calls,selectMenuList(SysMenuServiceImpl)
list(SysMenuController),Calls,getUserId(SysMenuController)
list(SysMenuController),Calls,success(SysMenuController)
getInfo(SysMenuController),Calls,success(SysMenuController)
getInfo(SysMenuController),Calls,selectMenuById(SysMenuServiceImpl)
treeselect(SysMenuController),Calls,selectMenuList(SysMenuServiceImpl)
treeselect(SysMenuController),Calls,getUserId(SysMenuController)
treeselect(SysMenuController),Calls,success(SysMenuController)
treeselect(SysMenuController),Calls,buildMenuTreeSelect(SysMenuServiceImpl)
roleMenuTreeselect(SysMenuController),Calls,selectMenuList(SysMenuServiceImpl)
roleMenuTreeselect(SysMenuController),Calls,getUserId(SysMenuController)
roleMenuTreeselect(SysMenuController),Calls,selectMenuListByRoleId(SysMenuServiceImpl)
roleMenuTreeselect(SysMenuController),Calls,buildMenuTreeSelect(SysMenuServiceImpl)
add(SysMenuController),Calls,checkMenuNameUnique(SysMenuServiceImpl)
add(SysMenuController),Calls,error(SysMenuController)
add(SysMenuController),Calls,error(SysMenuController)
add(SysMenuController),Calls,getUsername(SysMenuController)
add(SysMenuController),Calls,toAjax(SysMenuController)
add(SysMenuController),Calls,insertMenu(SysMenuServiceImpl)
edit(SysMenuController),Calls,checkMenuNameUnique(SysMenuServiceImpl)
edit(SysMenuController),Calls,error(SysMenuController)
edit(SysMenuController),Calls,error(SysMenuController)
edit(SysMenuController),Calls,error(SysMenuController)
edit(SysMenuController),Calls,getUsername(SysMenuController)
edit(SysMenuController),Calls,toAjax(SysMenuController)
edit(SysMenuController),Calls,updateMenu(SysMenuServiceImpl)
remove(SysMenuController),Calls,hasChildByMenuId(SysMenuServiceImpl)
remove(SysMenuController),Calls,warn(SysMenuController)
remove(SysMenuController),Calls,checkMenuExistRole(SysMenuServiceImpl)
remove(SysMenuController),Calls,warn(SysMenuController)
remove(SysMenuController),Calls,toAjax(SysMenuController)
remove(SysMenuController),Calls,deleteMenuById(SysMenuServiceImpl)
list(SysRoleController),Calls,startPage(SysRoleController)
list(SysRoleController),Calls,selectRoleList(SysRoleServiceImpl)
list(SysRoleController),Calls,getDataTable(SysRoleController)
export(SysRoleController),Calls,selectRoleList(SysRoleServiceImpl)
getInfo(SysRoleController),Calls,checkRoleDataScope(SysRoleServiceImpl)
getInfo(SysRoleController),Calls,success(SysRoleController)
getInfo(SysRoleController),Calls,selectRoleById(SysRoleServiceImpl)
add(SysRoleController),Calls,checkRoleNameUnique(SysRoleServiceImpl)
add(SysRoleController),Calls,error(SysRoleController)
add(SysRoleController),Calls,checkRoleKeyUnique(SysRoleServiceImpl)
add(SysRoleController),Calls,error(SysRoleController)
add(SysRoleController),Calls,getUsername(SysRoleController)
add(SysRoleController),Calls,toAjax(SysRoleController)
add(SysRoleController),Calls,insertRole(SysRoleServiceImpl)
edit(SysRoleController),Calls,checkRoleAllowed(SysRoleServiceImpl)
edit(SysRoleController),Calls,checkRoleDataScope(SysRoleServiceImpl)
edit(SysRoleController),Calls,checkRoleNameUnique(SysRoleServiceImpl)
edit(SysRoleController),Calls,error(SysRoleController)
edit(SysRoleController),Calls,checkRoleKeyUnique(SysRoleServiceImpl)
edit(SysRoleController),Calls,error(SysRoleController)
edit(SysRoleController),Calls,getUsername(SysRoleController)
edit(SysRoleController),Calls,updateRole(SysRoleServiceImpl)
edit(SysRoleController),Calls,getLoginUser(SysRoleController)
edit(SysRoleController),Calls,selectUserByUserName(SysUserServiceImpl)
edit(SysRoleController),Calls,getMenuPermission(SysPermissionService)
edit(SysRoleController),Calls,setLoginUser(TokenService)
edit(SysRoleController),Calls,success(SysRoleController)
edit(SysRoleController),Calls,error(SysRoleController)
dataScope(SysRoleController),Calls,checkRoleAllowed(SysRoleServiceImpl)
dataScope(SysRoleController),Calls,checkRoleDataScope(SysRoleServiceImpl)
dataScope(SysRoleController),Calls,toAjax(SysRoleController)
dataScope(SysRoleController),Calls,authDataScope(SysRoleServiceImpl)
changeStatus(SysRoleController),Calls,checkRoleAllowed(SysRoleServiceImpl)
changeStatus(SysRoleController),Calls,checkRoleDataScope(SysRoleServiceImpl)
changeStatus(SysRoleController),Calls,getUsername(SysRoleController)
changeStatus(SysRoleController),Calls,toAjax(SysRoleController)
changeStatus(SysRoleController),Calls,updateRoleStatus(SysRoleServiceImpl)
remove(SysRoleController),Calls,toAjax(SysRoleController)
remove(SysRoleController),Calls,deleteRoleByIds(SysRoleServiceImpl)
optionselect(SysRoleController),Calls,success(SysRoleController)
optionselect(SysRoleController),Calls,selectRoleAll(SysRoleServiceImpl)
allocatedList(SysRoleController),Calls,startPage(SysRoleController)
allocatedList(SysRoleController),Calls,selectAllocatedList(SysUserServiceImpl)
allocatedList(SysRoleController),Calls,getDataTable(SysRoleController)
unallocatedList(SysRoleController),Calls,startPage(SysRoleController)
unallocatedList(SysRoleController),Calls,selectUnallocatedList(SysUserServiceImpl)
unallocatedList(SysRoleController),Calls,getDataTable(SysRoleController)
cancelAuthUser(SysRoleController),Calls,toAjax(SysRoleController)
cancelAuthUser(SysRoleController),Calls,deleteAuthUser(SysRoleServiceImpl)
cancelAuthUserAll(SysRoleController),Calls,toAjax(SysRoleController)
cancelAuthUserAll(SysRoleController),Calls,deleteAuthUsers(SysRoleServiceImpl)
selectAuthUserAll(SysRoleController),Calls,checkRoleDataScope(SysRoleServiceImpl)
selectAuthUserAll(SysRoleController),Calls,toAjax(SysRoleController)
selectAuthUserAll(SysRoleController),Calls,insertAuthUsers(SysRoleServiceImpl)
deptTree(SysRoleController),Calls,selectDeptListByRoleId(SysDeptServiceImpl)
deptTree(SysRoleController),Calls,selectDeptTreeList(SysDeptServiceImpl)
register(SysRegisterController),Calls,error(SysRegisterController)
register(SysRegisterController),Calls,register(SysRegisterService)
register(SysRegisterController),Calls,success(SysRegisterController)
register(SysRegisterController),Calls,error(SysRegisterController)
profile(SysProfileController),Calls,getLoginUser(SysProfileController)
profile(SysProfileController),Calls,selectUserRoleGroup(SysUserServiceImpl)
profile(SysProfileController),Calls,selectUserPostGroup(SysUserServiceImpl)
updateProfile(SysProfileController),Calls,getLoginUser(SysProfileController)
updateProfile(SysProfileController),Calls,checkPhoneUnique(SysUserServiceImpl)
updateProfile(SysProfileController),Calls,error(SysProfileController)
updateProfile(SysProfileController),Calls,checkEmailUnique(SysUserServiceImpl)
updateProfile(SysProfileController),Calls,error(SysProfileController)
updateProfile(SysProfileController),Calls,updateUserProfile(SysUserServiceImpl)
updateProfile(SysProfileController),Calls,setLoginUser(TokenService)
updateProfile(SysProfileController),Calls,success(SysProfileController)
updateProfile(SysProfileController),Calls,error(SysProfileController)
updatePwd(SysProfileController),Calls,getLoginUser(SysProfileController)
updatePwd(SysProfileController),Calls,error(SysProfileController)
updatePwd(SysProfileController),Calls,error(SysProfileController)
updatePwd(SysProfileController),Calls,resetUserPwd(SysUserServiceImpl)
updatePwd(SysProfileController),Calls,setLoginUser(TokenService)
updatePwd(SysProfileController),Calls,success(SysProfileController)
updatePwd(SysProfileController),Calls,error(SysProfileController)
avatar(SysProfileController),Calls,getLoginUser(SysProfileController)
avatar(SysProfileController),Calls,updateUserAvatar(SysUserServiceImpl)
avatar(SysProfileController),Calls,setLoginUser(TokenService)
avatar(SysProfileController),Calls,error(SysProfileController)
list(SysDictDataController),Calls,startPage(SysDictDataController)
list(SysDictDataController),Calls,selectDictDataList(SysDictDataServiceImpl)
list(SysDictDataController),Calls,getDataTable(SysDictDataController)
export(SysDictDataController),Calls,selectDictDataList(SysDictDataServiceImpl)
getInfo(SysDictDataController),Calls,success(SysDictDataController)
getInfo(SysDictDataController),Calls,selectDictDataById(SysDictDataServiceImpl)
dictType(SysDictDataController),Calls,selectDictDataByType(SysDictTypeServiceImpl)
dictType(SysDictDataController),Calls,success(SysDictDataController)
add(SysDictDataController),Calls,getUsername(SysDictDataController)
add(SysDictDataController),Calls,toAjax(SysDictDataController)
add(SysDictDataController),Calls,insertDictData(SysDictDataServiceImpl)
edit(SysDictDataController),Calls,getUsername(SysDictDataController)
edit(SysDictDataController),Calls,toAjax(SysDictDataController)
edit(SysDictDataController),Calls,updateDictData(SysDictDataServiceImpl)
remove(SysDictDataController),Calls,deleteDictDataByIds(SysDictDataServiceImpl)
remove(SysDictDataController),Calls,success(SysDictDataController)
list(SysDeptController),Calls,selectDeptList(SysDeptServiceImpl)
list(SysDeptController),Calls,success(SysDeptController)
excludeChild(SysDeptController),Calls,selectDeptList(SysDeptServiceImpl)
excludeChild(SysDeptController),Calls,success(SysDeptController)
getInfo(SysDeptController),Calls,checkDeptDataScope(SysDeptServiceImpl)
getInfo(SysDeptController),Calls,success(SysDeptController)
getInfo(SysDeptController),Calls,selectDeptById(SysDeptServiceImpl)
add(SysDeptController),Calls,checkDeptNameUnique(SysDeptServiceImpl)
add(SysDeptController),Calls,error(SysDeptController)
add(SysDeptController),Calls,getUsername(SysDeptController)
add(SysDeptController),Calls,toAjax(SysDeptController)
add(SysDeptController),Calls,insertDept(SysDeptServiceImpl)
edit(SysDeptController),Calls,checkDeptDataScope(SysDeptServiceImpl)
edit(SysDeptController),Calls,checkDeptNameUnique(SysDeptServiceImpl)
edit(SysDeptController),Calls,error(SysDeptController)
edit(SysDeptController),Calls,error(SysDeptController)
edit(SysDeptController),Calls,selectNormalChildrenDeptById(SysDeptServiceImpl)
edit(SysDeptController),Calls,error(SysDeptController)
edit(SysDeptController),Calls,getUsername(SysDeptController)
edit(SysDeptController),Calls,toAjax(SysDeptController)
edit(SysDeptController),Calls,updateDept(SysDeptServiceImpl)
remove(SysDeptController),Calls,hasChildByDeptId(SysDeptServiceImpl)
remove(SysDeptController),Calls,warn(SysDeptController)
remove(SysDeptController),Calls,checkDeptExistUser(SysDeptServiceImpl)
remove(SysDeptController),Calls,warn(SysDeptController)
remove(SysDeptController),Calls,checkDeptDataScope(SysDeptServiceImpl)
remove(SysDeptController),Calls,toAjax(SysDeptController)
remove(SysDeptController),Calls,deleteDeptById(SysDeptServiceImpl)
list(SysDictTypeController),Calls,startPage(SysDictTypeController)
list(SysDictTypeController),Calls,selectDictTypeList(SysDictTypeServiceImpl)
list(SysDictTypeController),Calls,getDataTable(SysDictTypeController)
export(SysDictTypeController),Calls,selectDictTypeList(SysDictTypeServiceImpl)
getInfo(SysDictTypeController),Calls,success(SysDictTypeController)
getInfo(SysDictTypeController),Calls,selectDictTypeById(SysDictTypeServiceImpl)
add(SysDictTypeController),Calls,checkDictTypeUnique(SysDictTypeServiceImpl)
add(SysDictTypeController),Calls,error(SysDictTypeController)
add(SysDictTypeController),Calls,getUsername(SysDictTypeController)
add(SysDictTypeController),Calls,toAjax(SysDictTypeController)
add(SysDictTypeController),Calls,insertDictType(SysDictTypeServiceImpl)
edit(SysDictTypeController),Calls,checkDictTypeUnique(SysDictTypeServiceImpl)
edit(SysDictTypeController),Calls,error(SysDictTypeController)
edit(SysDictTypeController),Calls,getUsername(SysDictTypeController)
edit(SysDictTypeController),Calls,toAjax(SysDictTypeController)
edit(SysDictTypeController),Calls,updateDictType(SysDictTypeServiceImpl)
remove(SysDictTypeController),Calls,deleteDictTypeByIds(SysDictTypeServiceImpl)
remove(SysDictTypeController),Calls,success(SysDictTypeController)
refreshCache(SysDictTypeController),Calls,resetDictCache(SysDictTypeServiceImpl)
refreshCache(SysDictTypeController),Calls,success(SysDictTypeController)
optionselect(SysDictTypeController),Calls,selectDictTypeAll(SysDictTypeServiceImpl)
optionselect(SysDictTypeController),Calls,success(SysDictTypeController)
index(SysIndexController),Calls,getName(RuoYiConfig)
index(SysIndexController),Calls,getVersion(RuoYiConfig)
login(SysLoginController),Calls,login(SysLoginService)
getInfo(SysLoginController),Calls,getRolePermission(SysPermissionService)
getInfo(SysLoginController),Calls,getMenuPermission(SysPermissionService)
getInfo(SysLoginController),Calls,refreshToken(TokenService)
getRouters(SysLoginController),Calls,selectMenuTreeByUserId(SysMenuServiceImpl)
getRouters(SysLoginController),Calls,buildMenus(SysMenuServiceImpl)
selectDeptTreeList(SysDeptServiceImpl),Calls,buildDeptTreeSelect(SysDeptServiceImpl)
buildDeptTree(SysDeptServiceImpl),Calls,recursionFn(SysDeptServiceImpl)
buildDeptTreeSelect(SysDeptServiceImpl),Calls,buildDeptTree(SysDeptServiceImpl)
updateDept(SysDeptServiceImpl),Calls,updateDeptChildren(SysDeptServiceImpl)
updateDept(SysDeptServiceImpl),Calls,updateParentDeptStatusNormal(SysDeptServiceImpl)
recursionFn(SysDeptServiceImpl),Calls,getChildList(SysDeptServiceImpl)
recursionFn(SysDeptServiceImpl),Calls,hasChild(SysDeptServiceImpl)
recursionFn(SysDeptServiceImpl),Calls,recursionFn(SysDeptServiceImpl)
hasChild(SysDeptServiceImpl),Calls,getChildList(SysDeptServiceImpl)
insertUser(SysUserServiceImpl),Calls,insertUserPost(SysUserServiceImpl)
insertUser(SysUserServiceImpl),Calls,insertUserRole(SysUserServiceImpl)
updateUser(SysUserServiceImpl),Calls,insertUserRole(SysUserServiceImpl)
updateUser(SysUserServiceImpl),Calls,insertUserPost(SysUserServiceImpl)
insertUserAuth(SysUserServiceImpl),Calls,insertUserRole(SysUserServiceImpl)
deleteUserByIds(SysUserServiceImpl),Calls,checkUserAllowed(SysUserServiceImpl)
deleteUserByIds(SysUserServiceImpl),Calls,checkUserDataScope(SysUserServiceImpl)
importUser(SysUserServiceImpl),Calls,checkDeptDataScope(SysDeptServiceImpl)
importUser(SysUserServiceImpl),Calls,selectConfigByKey(SysConfigServiceImpl)
importUser(SysUserServiceImpl),Calls,checkUserAllowed(SysUserServiceImpl)
importUser(SysUserServiceImpl),Calls,checkUserDataScope(SysUserServiceImpl)
importUser(SysUserServiceImpl),Calls,checkDeptDataScope(SysDeptServiceImpl)
deletePostByIds(SysPostServiceImpl),Calls,selectPostById(SysPostServiceImpl)
deletePostByIds(SysPostServiceImpl),Calls,countUserPostById(SysPostServiceImpl)
init(SysDictTypeServiceImpl),Calls,loadingDictCache(SysDictTypeServiceImpl)
deleteDictTypeByIds(SysDictTypeServiceImpl),Calls,selectDictTypeById(SysDictTypeServiceImpl)
resetDictCache(SysDictTypeServiceImpl),Calls,clearDictCache(SysDictTypeServiceImpl)
resetDictCache(SysDictTypeServiceImpl),Calls,loadingDictCache(SysDictTypeServiceImpl)
selectOnlineByIpaddr(SysUserOnlineServiceImpl),Calls,loginUserToUserOnline(SysUserOnlineServiceImpl)
selectOnlineByUserName(SysUserOnlineServiceImpl),Calls,loginUserToUserOnline(SysUserOnlineServiceImpl)
selectOnlineByInfo(SysUserOnlineServiceImpl),Calls,loginUserToUserOnline(SysUserOnlineServiceImpl)
init(SysConfigServiceImpl),Calls,loadingConfigCache(SysConfigServiceImpl)
selectConfigByKey(SysConfigServiceImpl),Calls,getCacheObject(RedisCache)
selectConfigByKey(SysConfigServiceImpl),Calls,getCacheKey(SysConfigServiceImpl)
selectConfigByKey(SysConfigServiceImpl),Calls,setCacheObject(RedisCache)
selectConfigByKey(SysConfigServiceImpl),Calls,getCacheKey(SysConfigServiceImpl)
selectCaptchaEnabled(SysConfigServiceImpl),Calls,selectConfigByKey(SysConfigServiceImpl)
insertConfig(SysConfigServiceImpl),Calls,setCacheObject(RedisCache)
insertConfig(SysConfigServiceImpl),Calls,getCacheKey(SysConfigServiceImpl)
updateConfig(SysConfigServiceImpl),Calls,deleteObject(RedisCache)
updateConfig(SysConfigServiceImpl),Calls,getCacheKey(SysConfigServiceImpl)
updateConfig(SysConfigServiceImpl),Calls,setCacheObject(RedisCache)
updateConfig(SysConfigServiceImpl),Calls,getCacheKey(SysConfigServiceImpl)
deleteConfigByIds(SysConfigServiceImpl),Calls,selectConfigById(SysConfigServiceImpl)
deleteConfigByIds(SysConfigServiceImpl),Calls,deleteObject(RedisCache)
deleteConfigByIds(SysConfigServiceImpl),Calls,getCacheKey(SysConfigServiceImpl)
loadingConfigCache(SysConfigServiceImpl),Calls,setCacheObject(RedisCache)
loadingConfigCache(SysConfigServiceImpl),Calls,getCacheKey(SysConfigServiceImpl)
clearConfigCache(SysConfigServiceImpl),Calls,keys(RedisCache)
clearConfigCache(SysConfigServiceImpl),Calls,deleteObject(RedisCache)
resetConfigCache(SysConfigServiceImpl),Calls,clearConfigCache(SysConfigServiceImpl)
resetConfigCache(SysConfigServiceImpl),Calls,loadingConfigCache(SysConfigServiceImpl)
selectRolesByUserId(SysRoleServiceImpl),Calls,selectRoleAll(SysRoleServiceImpl)
insertRole(SysRoleServiceImpl),Calls,insertRoleMenu(SysRoleServiceImpl)
updateRole(SysRoleServiceImpl),Calls,insertRoleMenu(SysRoleServiceImpl)
authDataScope(SysRoleServiceImpl),Calls,insertRoleDept(SysRoleServiceImpl)
deleteRoleByIds(SysRoleServiceImpl),Calls,checkRoleAllowed(SysRoleServiceImpl)
deleteRoleByIds(SysRoleServiceImpl),Calls,checkRoleDataScope(SysRoleServiceImpl)
deleteRoleByIds(SysRoleServiceImpl),Calls,selectRoleById(SysRoleServiceImpl)
deleteRoleByIds(SysRoleServiceImpl),Calls,countUserRoleByRoleId(SysRoleServiceImpl)
deleteDictDataByIds(SysDictDataServiceImpl),Calls,selectDictDataById(SysDictDataServiceImpl)
selectMenuTreeByUserId(SysMenuServiceImpl),Calls,getChildPerms(SysMenuServiceImpl)
buildMenus(SysMenuServiceImpl),Calls,equals(SysMenuServiceImpl)
buildMenus(SysMenuServiceImpl),Calls,getRouteName(SysMenuServiceImpl)
buildMenus(SysMenuServiceImpl),Calls,getRouterPath(SysMenuServiceImpl)
buildMenus(SysMenuServiceImpl),Calls,getComponent(SysMenuServiceImpl)
buildMenus(SysMenuServiceImpl),Calls,buildMenus(SysMenuServiceImpl)
buildMenus(SysMenuServiceImpl),Calls,isMenuFrame(SysMenuServiceImpl)
buildMenus(SysMenuServiceImpl),Calls,getRouteName(SysMenuServiceImpl)
buildMenus(SysMenuServiceImpl),Calls,isInnerLink(SysMenuServiceImpl)
buildMenus(SysMenuServiceImpl),Calls,innerLinkReplaceEach(SysMenuServiceImpl)
buildMenus(SysMenuServiceImpl),Calls,getRouteName(SysMenuServiceImpl)
buildMenuTree(SysMenuServiceImpl),Calls,recursionFn(SysMenuServiceImpl)
buildMenuTreeSelect(SysMenuServiceImpl),Calls,buildMenuTree(SysMenuServiceImpl)
getRouterPath(SysMenuServiceImpl),Calls,isInnerLink(SysMenuServiceImpl)
getRouterPath(SysMenuServiceImpl),Calls,innerLinkReplaceEach(SysMenuServiceImpl)
getRouterPath(SysMenuServiceImpl),Calls,isMenuFrame(SysMenuServiceImpl)
getComponent(SysMenuServiceImpl),Calls,isMenuFrame(SysMenuServiceImpl)
getComponent(SysMenuServiceImpl),Calls,isInnerLink(SysMenuServiceImpl)
getComponent(SysMenuServiceImpl),Calls,isParentView(SysMenuServiceImpl)
getChildPerms(SysMenuServiceImpl),Calls,recursionFn(SysMenuServiceImpl)
recursionFn(SysMenuServiceImpl),Calls,getChildList(SysMenuServiceImpl)
recursionFn(SysMenuServiceImpl),Calls,hasChild(SysMenuServiceImpl)
recursionFn(SysMenuServiceImpl),Calls,recursionFn(SysMenuServiceImpl)
hasChild(SysMenuServiceImpl),Calls,getChildList(SysMenuServiceImpl)
getActiveProfile(SpringUtils),Calls,getActiveProfiles(SpringUtils)
getImportPath(RuoYiConfig),Calls,getProfile(RuoYiConfig)
getAvatarPath(RuoYiConfig),Calls,getProfile(RuoYiConfig)
getDownloadPath(RuoYiConfig),Calls,getProfile(RuoYiConfig)
getUploadPath(RuoYiConfig),Calls,getProfile(RuoYiConfig)
doFilterInternal(JwtAuthenticationTokenFilter),Uses,LoginUser
preHandle(RepeatSubmitInterceptor),Uses,AjaxResult
isRepeatSubmit(SameUrlDataInterceptor),Uses,RepeatedlyRequestWrapper
handleLog(LogAspect),Uses,LoginUser
handleLog(LogAspect),Uses,SysOperLog
handleLog(LogAspect),Uses,SysUser
getControllerMethodDescription(LogAspect),Uses,SysOperLog
setRequestValue(LogAspect),Uses,SysOperLog
excludePropertyPreFilter(LogAspect),Uses,PropertyPreExcludeFilter
handleDataScope(DataScopeAspect),Uses,LoginUser
handleDataScope(DataScopeAspect),Uses,SysUser
dataScopeFilter(DataScopeAspect),Uses,SysUser
dataScopeFilter(DataScopeAspect),Uses,SysRole
dataScopeFilter(DataScopeAspect),Uses,BaseEntity
clearDataScope(DataScopeAspect),Uses,BaseEntity
doBefore(RateLimiterAspect),Uses,ServiceException
validate(SysPasswordService),Uses,SysUser
validate(SysPasswordService),Uses,UserPasswordRetryLimitExceedException
validate(SysPasswordService),Uses,UserPasswordNotMatchException
matches(SysPasswordService),Uses,SysUser
getRolePermission(SysPermissionService),Uses,SysUser
getMenuPermission(SysPermissionService),Uses,SysUser
getMenuPermission(SysPermissionService),Uses,SysRole
getLoginUser(TokenService),Uses,LoginUser
setLoginUser(TokenService),Uses,LoginUser
verifyToken(TokenService),Uses,LoginUser
refreshToken(TokenService),Uses,LoginUser
setUserAgent(TokenService),Uses,LoginUser
loadUserByUsername(UserDetailsServiceImpl),Uses,SysUser
loadUserByUsername(UserDetailsServiceImpl),Uses,ServiceException
createLoginUser(UserDetailsServiceImpl),Uses,SysUser
createLoginUser(UserDetailsServiceImpl),Uses,LoginUser
hasPermi(PermissionService),Uses,LoginUser
hasAnyPermi(PermissionService),Uses,LoginUser
hasRole(PermissionService),Uses,LoginUser
hasRole(PermissionService),Uses,SysRole
hasAnyRoles(PermissionService),Uses,LoginUser
register(SysRegisterService),Uses,RegisterBody
register(SysRegisterService),Uses,SysUser
validateCaptcha(SysRegisterService),Uses,CaptchaExpireException
validateCaptcha(SysRegisterService),Uses,CaptchaException
login(SysLoginService),Uses,UserPasswordNotMatchException
login(SysLoginService),Uses,ServiceException
login(SysLoginService),Uses,LoginUser
validateCaptcha(SysLoginService),Uses,CaptchaExpireException
validateCaptcha(SysLoginService),Uses,CaptchaException
loginPreCheck(SysLoginService),Uses,UserNotExistsException
loginPreCheck(SysLoginService),Uses,UserPasswordNotMatchException
loginPreCheck(SysLoginService),Uses,BlackListException
recordLoginInfo(SysLoginService),Uses,SysUser
list(SysOperlogController),Uses,SysOperLog
list(SysOperlogController),Uses,TableDataInfo
export(SysOperlogController),Uses,SysOperLog
remove(SysOperlogController),Uses,AjaxResult
clean(SysOperlogController),Uses,AjaxResult
list(SysLogininforController),Uses,SysLogininfor
list(SysLogininforController),Uses,TableDataInfo
export(SysLogininforController),Uses,SysLogininfor
remove(SysLogininforController),Uses,AjaxResult
clean(SysLogininforController),Uses,AjaxResult
unlock(SysLogininforController),Uses,AjaxResult
getInfo(CacheController),Uses,AjaxResult
cache(CacheController),Uses,AjaxResult
getCacheKeys(CacheController),Uses,AjaxResult
getCacheValue(CacheController),Uses,SysCache
getCacheValue(CacheController),Uses,AjaxResult
clearCacheName(CacheController),Uses,AjaxResult
clearCacheKey(CacheController),Uses,AjaxResult
clearCacheAll(CacheController),Uses,AjaxResult
getInfo(ServerController),Uses,Server
getInfo(ServerController),Uses,AjaxResult
list(SysUserOnlineController),Uses,SysUserOnline
list(SysUserOnlineController),Uses,LoginUser
list(SysUserOnlineController),Uses,TableDataInfo
forceLogout(SysUserOnlineController),Uses,AjaxResult
userList(TestController),Uses,UserEntity
getUser(TestController),Uses,UserEntity
save(TestController),Uses,UserEntity
update(TestController),Uses,UserEntity
uploadFile(CommonController),Uses,AjaxResult
uploadFiles(CommonController),Uses,AjaxResult
getCode(CaptchaController),Uses,AjaxResult
list(SysNoticeController),Uses,SysNotice
list(SysNoticeController),Uses,TableDataInfo
getInfo(SysNoticeController),Uses,AjaxResult
add(SysNoticeController),Uses,SysNotice
add(SysNoticeController),Uses,AjaxResult
edit(SysNoticeController),Uses,SysNotice
edit(SysNoticeController),Uses,AjaxResult
remove(SysNoticeController),Uses,AjaxResult
list(SysConfigController),Uses,SysConfig
list(SysConfigController),Uses,TableDataInfo
export(SysConfigController),Uses,SysConfig
getInfo(SysConfigController),Uses,AjaxResult
getConfigKey(SysConfigController),Uses,AjaxResult
add(SysConfigController),Uses,SysConfig
add(SysConfigController),Uses,AjaxResult
edit(SysConfigController),Uses,SysConfig
edit(SysConfigController),Uses,AjaxResult
remove(SysConfigController),Uses,AjaxResult
refreshCache(SysConfigController),Uses,AjaxResult
list(SysUserController),Uses,SysUser
list(SysUserController),Uses,TableDataInfo
export(SysUserController),Uses,SysUser
importData(SysUserController),Uses,SysUser
importData(SysUserController),Uses,AjaxResult
importTemplate(SysUserController),Uses,SysUser
getInfo(SysUserController),Uses,AjaxResult
getInfo(SysUserController),Uses,SysUser
getInfo(SysUserController),Uses,SysRole
add(SysUserController),Uses,SysUser
add(SysUserController),Uses,AjaxResult
edit(SysUserController),Uses,SysUser
edit(SysUserController),Uses,AjaxResult
remove(SysUserController),Uses,AjaxResult
resetPwd(SysUserController),Uses,SysUser
resetPwd(SysUserController),Uses,AjaxResult
changeStatus(SysUserController),Uses,SysUser
changeStatus(SysUserController),Uses,AjaxResult
authRole(SysUserController),Uses,AjaxResult
authRole(SysUserController),Uses,SysUser
authRole(SysUserController),Uses,SysRole
insertAuthRole(SysUserController),Uses,AjaxResult
deptTree(SysUserController),Uses,SysDept
deptTree(SysUserController),Uses,AjaxResult
list(SysPostController),Uses,SysPost
list(SysPostController),Uses,TableDataInfo
export(SysPostController),Uses,SysPost
getInfo(SysPostController),Uses,AjaxResult
add(SysPostController),Uses,SysPost
add(SysPostController),Uses,AjaxResult
edit(SysPostController),Uses,SysPost
edit(SysPostController),Uses,AjaxResult
remove(SysPostController),Uses,AjaxResult
optionselect(SysPostController),Uses,SysPost
optionselect(SysPostController),Uses,AjaxResult
list(SysMenuController),Uses,SysMenu
list(SysMenuController),Uses,AjaxResult
getInfo(SysMenuController),Uses,AjaxResult
treeselect(SysMenuController),Uses,SysMenu
treeselect(SysMenuController),Uses,AjaxResult
roleMenuTreeselect(SysMenuController),Uses,SysMenu
roleMenuTreeselect(SysMenuController),Uses,AjaxResult
add(SysMenuController),Uses,SysMenu
add(SysMenuController),Uses,AjaxResult
edit(SysMenuController),Uses,SysMenu
edit(SysMenuController),Uses,AjaxResult
remove(SysMenuController),Uses,AjaxResult
list(SysRoleController),Uses,SysRole
list(SysRoleController),Uses,TableDataInfo
export(SysRoleController),Uses,SysRole
getInfo(SysRoleController),Uses,AjaxResult
add(SysRoleController),Uses,SysRole
add(SysRoleController),Uses,AjaxResult
edit(SysRoleController),Uses,SysRole
edit(SysRoleController),Uses,LoginUser
edit(SysRoleController),Uses,AjaxResult
dataScope(SysRoleController),Uses,SysRole
dataScope(SysRoleController),Uses,AjaxResult
changeStatus(SysRoleController),Uses,SysRole
changeStatus(SysRoleController),Uses,AjaxResult
remove(SysRoleController),Uses,AjaxResult
optionselect(SysRoleController),Uses,AjaxResult
allocatedList(SysRoleController),Uses,SysUser
allocatedList(SysRoleController),Uses,TableDataInfo
unallocatedList(SysRoleController),Uses,SysUser
unallocatedList(SysRoleController),Uses,TableDataInfo
cancelAuthUser(SysRoleController),Uses,SysUserRole
cancelAuthUser(SysRoleController),Uses,AjaxResult
cancelAuthUserAll(SysRoleController),Uses,AjaxResult
selectAuthUserAll(SysRoleController),Uses,AjaxResult
deptTree(SysRoleController),Uses,AjaxResult
deptTree(SysRoleController),Uses,SysDept
register(SysRegisterController),Uses,RegisterBody
register(SysRegisterController),Uses,AjaxResult
profile(SysProfileController),Uses,LoginUser
profile(SysProfileController),Uses,SysUser
profile(SysProfileController),Uses,AjaxResult
updateProfile(SysProfileController),Uses,SysUser
updateProfile(SysProfileController),Uses,LoginUser
updateProfile(SysProfileController),Uses,AjaxResult
updatePwd(SysProfileController),Uses,LoginUser
updatePwd(SysProfileController),Uses,AjaxResult
avatar(SysProfileController),Uses,LoginUser
avatar(SysProfileController),Uses,AjaxResult
list(SysDictDataController),Uses,SysDictData
list(SysDictDataController),Uses,TableDataInfo
export(SysDictDataController),Uses,SysDictData
getInfo(SysDictDataController),Uses,AjaxResult
dictType(SysDictDataController),Uses,SysDictData
dictType(SysDictDataController),Uses,AjaxResult
add(SysDictDataController),Uses,SysDictData
add(SysDictDataController),Uses,AjaxResult
edit(SysDictDataController),Uses,SysDictData
edit(SysDictDataController),Uses,AjaxResult
remove(SysDictDataController),Uses,AjaxResult
list(SysDeptController),Uses,SysDept
list(SysDeptController),Uses,AjaxResult
excludeChild(SysDeptController),Uses,SysDept
excludeChild(SysDeptController),Uses,AjaxResult
getInfo(SysDeptController),Uses,AjaxResult
add(SysDeptController),Uses,SysDept
add(SysDeptController),Uses,AjaxResult
edit(SysDeptController),Uses,SysDept
edit(SysDeptController),Uses,AjaxResult
remove(SysDeptController),Uses,AjaxResult
list(SysDictTypeController),Uses,SysDictType
list(SysDictTypeController),Uses,TableDataInfo
export(SysDictTypeController),Uses,SysDictType
getInfo(SysDictTypeController),Uses,AjaxResult
add(SysDictTypeController),Uses,SysDictType
add(SysDictTypeController),Uses,AjaxResult
edit(SysDictTypeController),Uses,SysDictType
edit(SysDictTypeController),Uses,AjaxResult
remove(SysDictTypeController),Uses,AjaxResult
refreshCache(SysDictTypeController),Uses,AjaxResult
optionselect(SysDictTypeController),Uses,SysDictType
optionselect(SysDictTypeController),Uses,AjaxResult
login(SysLoginController),Uses,LoginBody
login(SysLoginController),Uses,AjaxResult
getInfo(SysLoginController),Uses,LoginUser
getInfo(SysLoginController),Uses,SysUser
getInfo(SysLoginController),Uses,AjaxResult
getRouters(SysLoginController),Uses,SysMenu
getRouters(SysLoginController),Uses,AjaxResult
selectDeptList(SysDeptServiceImpl),Uses,SysDept
selectDeptTreeList(SysDeptServiceImpl),Uses,SysDept
selectDeptTreeList(SysDeptServiceImpl),Uses,TreeSelect
buildDeptTree(SysDeptServiceImpl),Uses,SysDept
buildDeptTreeSelect(SysDeptServiceImpl),Uses,SysDept
buildDeptTreeSelect(SysDeptServiceImpl),Uses,TreeSelect
selectDeptListByRoleId(SysDeptServiceImpl),Uses,SysRole
selectDeptById(SysDeptServiceImpl),Uses,SysDept
checkDeptNameUnique(SysDeptServiceImpl),Uses,SysDept
checkDeptDataScope(SysDeptServiceImpl),Uses,SysDept
checkDeptDataScope(SysDeptServiceImpl),Uses,ServiceException
insertDept(SysDeptServiceImpl),Uses,SysDept
insertDept(SysDeptServiceImpl),Uses,ServiceException
updateDept(SysDeptServiceImpl),Uses,SysDept
updateParentDeptStatusNormal(SysDeptServiceImpl),Uses,SysDept
updateDeptChildren(SysDeptServiceImpl),Uses,SysDept
recursionFn(SysDeptServiceImpl),Uses,SysDept
getChildList(SysDeptServiceImpl),Uses,SysDept
hasChild(SysDeptServiceImpl),Uses,SysDept
selectUserList(SysUserServiceImpl),Uses,SysUser
selectAllocatedList(SysUserServiceImpl),Uses,SysUser
selectUnallocatedList(SysUserServiceImpl),Uses,SysUser
selectUserByUserName(SysUserServiceImpl),Uses,SysUser
selectUserById(SysUserServiceImpl),Uses,SysUser
selectUserRoleGroup(SysUserServiceImpl),Uses,SysRole
selectUserPostGroup(SysUserServiceImpl),Uses,SysPost
checkUserNameUnique(SysUserServiceImpl),Uses,SysUser
checkPhoneUnique(SysUserServiceImpl),Uses,SysUser
checkEmailUnique(SysUserServiceImpl),Uses,SysUser
checkUserAllowed(SysUserServiceImpl),Uses,SysUser
checkUserAllowed(SysUserServiceImpl),Uses,ServiceException
checkUserDataScope(SysUserServiceImpl),Uses,SysUser
checkUserDataScope(SysUserServiceImpl),Uses,ServiceException
insertUser(SysUserServiceImpl),Uses,SysUser
registerUser(SysUserServiceImpl),Uses,SysUser
updateUser(SysUserServiceImpl),Uses,SysUser
updateUserStatus(SysUserServiceImpl),Uses,SysUser
updateUserProfile(SysUserServiceImpl),Uses,SysUser
resetPwd(SysUserServiceImpl),Uses,SysUser
insertUserRole(SysUserServiceImpl),Uses,SysUserRole
insertUserPost(SysUserServiceImpl),Uses,SysUser
insertUserPost(SysUserServiceImpl),Uses,SysUserPost
deleteUserByIds(SysUserServiceImpl),Uses,SysUser
importUser(SysUserServiceImpl),Uses,SysUser
importUser(SysUserServiceImpl),Uses,ServiceException
selectPostList(SysPostServiceImpl),Uses,SysPost
selectPostAll(SysPostServiceImpl),Uses,SysPost
selectPostById(SysPostServiceImpl),Uses,SysPost
checkPostNameUnique(SysPostServiceImpl),Uses,SysPost
checkPostCodeUnique(SysPostServiceImpl),Uses,SysPost
deletePostByIds(SysPostServiceImpl),Uses,SysPost
deletePostByIds(SysPostServiceImpl),Uses,ServiceException
insertPost(SysPostServiceImpl),Uses,SysPost
updatePost(SysPostServiceImpl),Uses,SysPost
selectDictTypeList(SysDictTypeServiceImpl),Uses,SysDictType
selectDictTypeAll(SysDictTypeServiceImpl),Uses,SysDictType
selectDictDataByType(SysDictTypeServiceImpl),Uses,SysDictData
selectDictTypeById(SysDictTypeServiceImpl),Uses,SysDictType
selectDictTypeByType(SysDictTypeServiceImpl),Uses,SysDictType
deleteDictTypeByIds(SysDictTypeServiceImpl),Uses,SysDictType
deleteDictTypeByIds(SysDictTypeServiceImpl),Uses,ServiceException
loadingDictCache(SysDictTypeServiceImpl),Uses,SysDictData
insertDictType(SysDictTypeServiceImpl),Uses,SysDictType
updateDictType(SysDictTypeServiceImpl),Uses,SysDictType
updateDictType(SysDictTypeServiceImpl),Uses,SysDictData
checkDictTypeUnique(SysDictTypeServiceImpl),Uses,SysDictType
insertOperlog(SysOperLogServiceImpl),Uses,SysOperLog
selectOperLogList(SysOperLogServiceImpl),Uses,SysOperLog
selectOperLogById(SysOperLogServiceImpl),Uses,SysOperLog
selectOnlineByIpaddr(SysUserOnlineServiceImpl),Uses,LoginUser
selectOnlineByIpaddr(SysUserOnlineServiceImpl),Uses,SysUserOnline
selectOnlineByUserName(SysUserOnlineServiceImpl),Uses,LoginUser
selectOnlineByUserName(SysUserOnlineServiceImpl),Uses,SysUserOnline
selectOnlineByInfo(SysUserOnlineServiceImpl),Uses,LoginUser
selectOnlineByInfo(SysUserOnlineServiceImpl),Uses,SysUserOnline
loginUserToUserOnline(SysUserOnlineServiceImpl),Uses,LoginUser
loginUserToUserOnline(SysUserOnlineServiceImpl),Uses,SysUserOnline
insertLogininfor(SysLogininforServiceImpl),Uses,SysLogininfor
selectLogininforList(SysLogininforServiceImpl),Uses,SysLogininfor
selectNoticeById(SysNoticeServiceImpl),Uses,SysNotice
selectNoticeList(SysNoticeServiceImpl),Uses,SysNotice
insertNotice(SysNoticeServiceImpl),Uses,SysNotice
updateNotice(SysNoticeServiceImpl),Uses,SysNotice
selectConfigById(SysConfigServiceImpl),Uses,SysConfig
selectConfigByKey(SysConfigServiceImpl),Uses,SysConfig
selectConfigList(SysConfigServiceImpl),Uses,SysConfig
insertConfig(SysConfigServiceImpl),Uses,SysConfig
updateConfig(SysConfigServiceImpl),Uses,SysConfig
deleteConfigByIds(SysConfigServiceImpl),Uses,SysConfig
deleteConfigByIds(SysConfigServiceImpl),Uses,ServiceException
loadingConfigCache(SysConfigServiceImpl),Uses,SysConfig
checkConfigKeyUnique(SysConfigServiceImpl),Uses,SysConfig
selectRoleList(SysRoleServiceImpl),Uses,SysRole
selectRolesByUserId(SysRoleServiceImpl),Uses,SysRole
selectRolePermissionByUserId(SysRoleServiceImpl),Uses,SysRole
selectRoleAll(SysRoleServiceImpl),Uses,SysRole
selectRoleById(SysRoleServiceImpl),Uses,SysRole
checkRoleNameUnique(SysRoleServiceImpl),Uses,SysRole
checkRoleKeyUnique(SysRoleServiceImpl),Uses,SysRole
checkRoleAllowed(SysRoleServiceImpl),Uses,SysRole
checkRoleAllowed(SysRoleServiceImpl),Uses,ServiceException
checkRoleDataScope(SysRoleServiceImpl),Uses,SysRole
checkRoleDataScope(SysRoleServiceImpl),Uses,ServiceException
insertRole(SysRoleServiceImpl),Uses,SysRole
updateRole(SysRoleServiceImpl),Uses,SysRole
updateRoleStatus(SysRoleServiceImpl),Uses,SysRole
authDataScope(SysRoleServiceImpl),Uses,SysRole
insertRoleMenu(SysRoleServiceImpl),Uses,SysRole
insertRoleMenu(SysRoleServiceImpl),Uses,SysRoleMenu
insertRoleDept(SysRoleServiceImpl),Uses,SysRole
insertRoleDept(SysRoleServiceImpl),Uses,SysRoleDept
deleteRoleByIds(SysRoleServiceImpl),Uses,SysRole
deleteRoleByIds(SysRoleServiceImpl),Uses,ServiceException
deleteAuthUser(SysRoleServiceImpl),Uses,SysUserRole
insertAuthUsers(SysRoleServiceImpl),Uses,SysUserRole
selectDictDataList(SysDictDataServiceImpl),Uses,SysDictData
selectDictDataById(SysDictDataServiceImpl),Uses,SysDictData
deleteDictDataByIds(SysDictDataServiceImpl),Uses,SysDictData
insertDictData(SysDictDataServiceImpl),Uses,SysDictData
updateDictData(SysDictDataServiceImpl),Uses,SysDictData
selectMenuList(SysMenuServiceImpl),Uses,SysMenu
selectMenuTreeByUserId(SysMenuServiceImpl),Uses,SysMenu
selectMenuListByRoleId(SysMenuServiceImpl),Uses,SysRole
buildMenus(SysMenuServiceImpl),Uses,SysMenu
buildMenus(SysMenuServiceImpl),Uses,RouterVo
buildMenus(SysMenuServiceImpl),Uses,MetaVo
buildMenuTree(SysMenuServiceImpl),Uses,SysMenu
buildMenuTreeSelect(SysMenuServiceImpl),Uses,SysMenu
buildMenuTreeSelect(SysMenuServiceImpl),Uses,TreeSelect
selectMenuById(SysMenuServiceImpl),Uses,SysMenu
insertMenu(SysMenuServiceImpl),Uses,SysMenu
updateMenu(SysMenuServiceImpl),Uses,SysMenu
checkMenuNameUnique(SysMenuServiceImpl),Uses,SysMenu
getRouterPath(SysMenuServiceImpl),Uses,SysMenu
getComponent(SysMenuServiceImpl),Uses,SysMenu
isMenuFrame(SysMenuServiceImpl),Uses,SysMenu
isInnerLink(SysMenuServiceImpl),Uses,SysMenu
isParentView(SysMenuServiceImpl),Uses,SysMenu
getChildPerms(SysMenuServiceImpl),Uses,SysMenu
recursionFn(SysMenuServiceImpl),Uses,SysMenu
getChildList(SysMenuServiceImpl),Uses,SysMenu
hasChild(SysMenuServiceImpl),Uses,SysMenu
AsyncManager,References,AsyncManager
Server,References,Cpu
Server,References,Mem
Server,References,Jvm
Server,References,Sys
Server,References,SysFile
SysLogininfor,Extends,BaseEntity
SysPost,Extends,BaseEntity
SysConfig,Extends,BaseEntity
SysNotice,Extends,BaseEntity
SysOperLog,Extends,BaseEntity
RouterVo,References,MetaVo
RouterVo,References,RouterVo
TreeSelect,References,TreeSelect
TreeEntity,Extends,BaseEntity
RegisterBody,Extends,LoginBody
LoginUser,References,SysUser
SysUser,References,SysDept
SysUser,References,SysRole
SysUser,Extends,BaseEntity
SysDept,References,SysDept
SysDept,Extends,BaseEntity
SysMenu,References,SysMenu
SysMenu,Extends,BaseEntity
SysDictData,Extends,BaseEntity
SysRole,Extends,BaseEntity
SysDictType,Extends,BaseEntity
FileNameLengthLimitExceededException,Extends,FileException
FileException,Extends,BaseException
FileSizeLimitExceededException,Extends,FileException
InvalidExtensionException,Extends,FileUploadException
UserException,Extends,BaseException
UserPasswordNotMatchException,Extends,UserException
CaptchaException,Extends,UserException
CaptchaExpireException,Extends,UserException
BlackListException,Extends,UserException
UserNotExistsException,Extends,UserException
UserPasswordRetryLimitExceedException,Extends,UserException
