0,Entity,JeecgOneToMainUtil
1,Entity,JeecgOneGUI
2,Entity,OnlineBaseExtApiFallback
3,Entity,SysBaseAPIFallback
4,Entity,RedisInfo
5,Entity,RedisConnectException
6,Entity,OssFile
7,Entity,QuartzJob
8,Entity,AsyncJob
9,Entity,SampleJob
10,Entity,SampleParamJob
11,Entity,SwaggerInfo
12,Entity,SwaggerOperationParameter
13,Entity,SwaggerModel
14,Entity,SwaggerDefinitionProperties
15,Entity,SwaggerDefinition
16,Entity,SwaggerInfoLicense
17,Entity,SwaggerInfoContact
18,Entity,SwaggerTag
19,Entity,SwaggerOperationResponse
20,Entity,SwaggerOperation
21,Entity,SwaggerSchema
22,Entity,ApiAuthFilter
23,Entity,PathGenerator
24,Entity,AKSKGenerator
25,Entity,OpenApiPermission
26,Entity,OpenApi
27,Entity,OpenApiHeader
28,Entity,OpenApiParam
29,Entity,OpenApiAuth
30,Entity,OpenApiLog
31,Entity,AuthStateRedisCache
32,Entity,PermissionDataUtil
33,Entity,ImportOldUserUtil
34,Entity,RandImageUtil
35,Entity,XssUtils
36,Entity,FindsDepartsChildrenUtil
37,Entity,SecurityUtil
38,Entity,SysUserOnlineVO
39,Entity,SysUserPositionVo
40,Entity,SysUserExportVo
41,Entity,SysDepartExportVo
42,Entity,SysDictPage
43,Entity,SysUserTenantVo
44,Entity,SysDepartUsersVO
45,Entity,SysUserRoleCountVo
46,Entity,SysCommentVO
47,Entity,UserAvatar
48,Entity,SysCommentFileVo
49,Entity,SysUserDepVo
50,Entity,SysUserRoleVO
51,Entity,JdtDepartmentTreeVo
52,Entity,JwDepartmentTreeVo
53,Entity,JwUserDepartVo
54,Entity,SyncInfoVo
55,Entity,JwSysUserDepartVo
56,Entity,DepartInfo
57,Entity,SysDictVo
58,Entity,DepartAndUserInfo
59,Entity,ExportDepartVo
60,Entity,UpdateDepartInfo
61,Entity,AppExportUserVo
62,Entity,TenantDepartAuthInfo
63,Entity,TenantPackAuth
64,Entity,TenantPackUserCount
65,Entity,TenantPackModel
66,Entity,TenantPackUser
67,Entity,UserDepart
68,Entity,UserPosition
69,Entity,OrgCodeRule
70,Entity,OrderNumberRule
71,Entity,CategoryCodeRule
72,Entity,TreeSelectModel
73,Entity,TreeModel
74,Entity,SysDictTree
75,Entity,SysPermissionTree
76,Entity,SysDepartTreeModel
77,Entity,DepartIdModel
78,Entity,ThirdLoginModel
79,Entity,SysUserSysDepartModel
80,Entity,DuplicateCheckVo
81,Entity,AnnouncementSendModel
82,Entity,SysLoginModel
83,Entity,SysUserDepart
84,Entity,SysPackPermission
85,Entity,SysDepartPermission
86,Entity,SysAnnouncementSend
87,Entity,SysDataLog
88,Entity,SysUser
89,Entity,SysTenantPack
90,Entity,SysDataSource
91,Entity,SysDepartRoleUser
92,Entity,SysPosition
93,Entity,SysRolePermission
94,Entity,SysUserPosition
95,Entity,SysUserAgent
96,Entity,SysCategory
97,Entity,SysThirdAccount
98,Entity,SysFillRule
99,Entity,SysPermission
100,Entity,SysDictItem
101,Entity,SysThirdAppConfig
102,Entity,SysComment
103,Entity,SysLog
104,Entity,SysRoleIndex
105,Entity,SysTableWhiteList
106,Entity,SysUserTenant
107,Entity,SysAppVersion
108,Entity,SysDepartRole
109,Entity,SysAnnouncement
110,Entity,SysRole
111,Entity,SysDepartRolePermission
112,Entity,SysGatewayRoute
113,Entity,SysCheckRule
114,Entity,SysTenant
115,Entity,SysTenantPackUser
116,Entity,SysDepart
117,Entity,SysDict
118,Entity,SysFormFile
119,Entity,SysUserRole
120,Entity,SysPermissionDataRule
121,Entity,CasServiceUtil
122,Entity,XmlUtils
123,Entity,WxSendMsgHandle
124,Entity,SmsSendMsgHandle
125,Entity,MsgParams
126,Entity,SysMessage
127,Entity,SysMessageTemplate
128,Entity,SendMsgJob
129,Entity,TikaDocumentParser
130,Entity,CommandExecUtil
131,Entity,AiragModel
132,Entity,AiragKnowledge
133,Entity,AiragKnowledgeDoc
134,Entity,LLMConsts
135,Entity,AiOcr
136,Entity,ChatConversation
137,Entity,ChatSendParams
138,Entity,AppDebugParams
139,Entity,AiragApp
140,Entity,Prompts
141,Entity,AiAppConsts
142,Entity,MockEntity
143,Entity,MockEntity
144,Entity,DruidWallConfigRegister
145,Entity,JeecgCloudCondition
146,Entity,CorsFilterCondition
147,Entity,SignUtil
148,Entity,BodyReaderHttpServletRequestWrapper
149,Entity,HttpUtils
150,Entity,SignAuthInterceptor
151,Entity,WebsocketFilter
152,Entity,RequestBodyReserveFilter
153,Entity,WeiXinPay
154,Entity,Shiro
155,Entity,Path
156,Entity,Elasticsearch
157,Entity,DomainUrl
158,Entity,BaiduApi
159,Entity,GaoDeApi
160,Entity,Firewall
161,Entity,JwtToken
162,Entity,InMemoryIgnoreAuth
163,Entity,ResourceCheckFilter
164,Entity,JwtFilter
165,Entity,CustomShiroFilterFactoryBean
166,Entity,ThreadLocalDataHelper
167,Entity,DynamicDatasourceInterceptor
168,Entity,SysDictTableWhite
169,Entity,ImportExcelUtil
170,Entity,PasswordUtil
171,Entity,DateUtils
172,Entity,BrowserUtils
173,Entity,Md5Util
174,Entity,DySmsHelper
175,Entity,DateRangeUtils
176,Entity,FileDownloadUtils
177,Entity,HTMLUtils
178,Entity,TokenUtils
179,Entity,RestDesformUtil
180,Entity,YouBianCodeUtil
181,Entity,IpUtils
182,Entity,UUIDGenerator
183,Entity,AssertUtils
184,Entity,SqlInjectionUtil
185,Entity,CommonUtils
186,Entity,FillRuleUtil
187,Entity,oConvertUtils
188,Entity,ReflectHelper
189,Entity,DySmsLimit
190,Entity,MinioUtil
191,Entity,MyClassLoader
192,Entity,RestUtil
193,Entity,AbstractQueryBlackListHandler
194,Entity,JdbcSecurityUtil
195,Entity,SecurityTools
196,Entity,SecurityReq
197,Entity,SecurityResp
198,Entity,SecuritySignResp
199,Entity,MyKeyPair
200,Entity,SecuritySignReq
201,Entity,StrAttackFilter
202,Entity,SsrfFileTypeFilter
203,Entity,OssBootUtil
204,Entity,FreemarkerParseFactory
205,Entity,DataSourceCachePool
206,Entity,DynamicDBUtil
207,Entity,DbTypeUtils
208,Entity,EncryptedString
209,Entity,AesEncryptUtil
210,Entity,QueryStringBuilder
211,Entity,VxeSocketConst
212,Entity,DynamicTableConstant
213,Entity,WebsocketConst
214,Entity,SymbolConstant
215,Entity,FillRuleConstant
216,Entity,SensitiveSerialize
217,Entity,SensitiveInfoUtil
218,Entity,Result
219,Entity,OnlineAuthDTO
220,Entity,LogDTO
221,Entity,DataLogDTO
222,Entity,FileDownDTO
223,Entity,FileUploadDTO
224,Entity,TemplateMessageDTO
225,Entity,TemplateDTO
226,Entity,BusTemplateMessageDTO
227,Entity,MessageDTO
228,Entity,BusMessageDTO
229,Entity,ResourceUtil
230,Entity,SqlConcatUtil
231,Entity,JeecgDataAutorUtils
232,Entity,JwtUtil
233,Entity,ComboModel
234,Entity,SelectTreeModel
235,Entity,UserAccountInfo
236,Entity,SysDepartModel
237,Entity,SysUserCacheInfo
238,Entity,SysPermissionDataRuleModel
239,Entity,DictModel
240,Entity,DictModelMany
241,Entity,SysCategoryModel
242,Entity,SysFilesModel
243,Entity,DictQuery
244,Entity,DynamicDataSourceModel
245,Entity,LoginUser
246,Entity,QueryGenerator
247,Entity,QueryCondition
248,Entity,JeecgServiceImpl
249,Entity,JeecgController
250,Entity,JeecgEntity
251,Entity,JeecgBoot401Exception
252,Entity,JeecgBootExceptionHandler
253,Entity,JeecgSqlInjectionException
254,Entity,JeecgBootAssertException
255,Entity,JeecgBootException
256,Entity,JeecgBootBizTipException
257,Entity,PredicatesVo
258,Entity,GatewayRouteVo
259,Entity,MyRouteDefinition
260,Entity,SentinelConStants
261,Entity,ParamFlowRuleCorrectEntity
262,Entity,AuthorityRuleCorrectEntity
263,Entity,BaseRuleController
264,Entity,JacksonUtil
265,Entity,LocalCacheUtil
266,Entity,FtlUtil
267,Entity,CookieUtil
268,Entity,I18nUtil
269,Entity,XxlJobScheduler
270,Entity,ExecutorRouter
271,Entity,ExecutorRouteRound
272,Entity,ExecutorRouteFirst
273,Entity,ExecutorRouteLast
274,Entity,ExecutorRouteBusyover
275,Entity,ExecutorRouteFailover
276,Entity,ExecutorRouteConsistentHash
277,Entity,ExecutorRouteLFU
278,Entity,ExecutorRouteRandom
279,Entity,ExecutorRouteLRU
280,Entity,CronExpression
281,Entity,ValueSet
282,Entity,XxlJobLogReport
283,Entity,XxlJobGroup
284,Entity,XxlJobLogGlue
285,Entity,XxlJobUser
286,Entity,XxlJobLog
287,Entity,XxlJobInfo
288,Entity,XxlJobRegistry
289,Entity,XxlJobTrigger
290,Entity,XxlJobCompleter
291,Entity,JobRegistryHelper
292,Entity,JobFailMonitorHelper
293,Entity,JobCompleteHelper
294,Entity,JobLogReportHelper
295,Entity,JobScheduleHelper
296,Entity,JobTriggerPoolHelper
297,Entity,XxlJobException
298,Method,create,OnlineBaseExtApiFallbackFactory
299,Method,create,SysBaseAPIFallbackFactory
300,Method,health,MailHealthIndicator
301,Method,check,MailHealthIndicator
302,Method,getRedisInfo,RedisServiceImpl
303,Method,getKeysSize,RedisServiceImpl
304,Method,getMemoryInfo,RedisServiceImpl
305,Method,getMapForReport,RedisServiceImpl
306,Method,getMetricsHistory,RedisServiceImpl
307,Method,recordCustomMetric,RedisServiceImpl
308,Method,getRedisInfo,ActuatorMemoryController
309,Method,getRedisInfo,ActuatorRedisController
310,Method,getMetricsHistory,ActuatorRedisController
311,Method,getKeysSize,ActuatorRedisController
312,Method,getKeysSizeReport,ActuatorRedisController
313,Method,memoryForReport,ActuatorRedisController
314,Method,infoForReport,ActuatorRedisController
315,Method,getMemoryInfo,ActuatorRedisController
316,Method,queryDiskInfo,ActuatorRedisController
317,Method,traces,CustomHttpTraceEndpoint
318,Method,wrap,CustomUndertowMetricsHandler
319,Method,tenantLogPointCut,TenantPackUserLogAspect
320,Method,aroundMethod,TenantPackUserLogAspect
321,Method,afterThrowing,TenantPackUserLogAspect
322,Method,upload,OssFileServiceImpl
323,Method,delete,OssFileServiceImpl
324,Method,queryPageList,OssFileController
325,Method,upload,OssFileController
326,Method,delete,OssFileController
327,Method,queryById,OssFileController
328,Method,findByJobClassName,QuartzJobServiceImpl
329,Method,saveAndScheduleJob,QuartzJobServiceImpl
330,Method,resumeJob,QuartzJobServiceImpl
331,Method,editAndScheduleJob,QuartzJobServiceImpl
332,Method,deleteAndStopJob,QuartzJobServiceImpl
333,Method,execute,QuartzJobServiceImpl
334,Method,pause,QuartzJobServiceImpl
335,Method,schedulerAdd,QuartzJobServiceImpl
336,Method,schedulerDelete,QuartzJobServiceImpl
337,Method,getClass,QuartzJobServiceImpl
338,Method,queryPageList,QuartzJobController
339,Method,add,QuartzJobController
340,Method,eidt,QuartzJobController
341,Method,delete,QuartzJobController
342,Method,deleteBatch,QuartzJobController
343,Method,pauseJob,QuartzJobController
344,Method,resumeJob,QuartzJobController
345,Method,queryById,QuartzJobController
346,Method,exportXls,QuartzJobController
347,Method,importExcel,QuartzJobController
348,Method,execute,QuartzJobController
349,Method,findByPath,OpenApiServiceImpl
350,Method,findByAuthId,OpenApiPermissionServiceImpl
351,Method,getOpenApi,OpenApiPermissionServiceImpl
352,Method,add,OpenApiPermissionServiceImpl
353,Method,getByAppkey,OpenApiAuthServiceImpl
354,Method,index,OpenApiIndexController
355,Method,add,OpenApiPermissionController
356,Method,getOpenApi,OpenApiPermissionController
357,Method,queryPageList,OpenApiLogController
358,Method,add,OpenApiLogController
359,Method,edit,OpenApiLogController
360,Method,delete,OpenApiLogController
361,Method,deleteBatch,OpenApiLogController
362,Method,queryById,OpenApiLogController
363,Method,queryPageList,OpenApiController
364,Method,add,OpenApiController
365,Method,edit,OpenApiController
366,Method,delete,OpenApiController
367,Method,deleteBatch,OpenApiController
368,Method,queryById,OpenApiController
369,Method,call,OpenApiController
370,Method,getToken,OpenApiController
371,Method,swaggerModel,OpenApiController
372,Method,pathsAndDefinitions,OpenApiController
373,Method,parameters,OpenApiController
374,Method,swaggerInfo,OpenApiController
375,Method,genPath,OpenApiController
376,Method,queryPageList,OpenApiAuthController
377,Method,add,OpenApiAuthController
378,Method,edit,OpenApiAuthController
379,Method,delete,OpenApiAuthController
380,Method,deleteBatch,OpenApiAuthController
381,Method,queryById,OpenApiAuthController
382,Method,genAKSK,OpenApiAuthController
383,Method,sendSysAnnouncement,SystemApiController
384,Method,sendBusAnnouncement,SystemApiController
385,Method,sendTemplateAnnouncement,SystemApiController
386,Method,sendBusTemplateAnnouncement,SystemApiController
387,Method,parseTemplateByCode,SystemApiController
388,Method,updateSysAnnounReadFlag,SystemApiController
389,Method,getUserByName,SystemApiController
390,Method,getUserIdByName,SystemApiController
391,Method,getUserById,SystemApiController
392,Method,getRolesByUsername,SystemApiController
393,Method,getRolesByUserId,SystemApiController
394,Method,getDepartIdsByUsername,SystemApiController
395,Method,getDepartIdsByUserId,SystemApiController
396,Method,getDepartParentIdsByUsername,SystemApiController
397,Method,getDepartParentIdsByDepIds,SystemApiController
398,Method,getDepartNamesByUsername,SystemApiController
399,Method,queryDictItemsByCode,SystemApiController
400,Method,queryEnableDictItemsByCode,SystemApiController
401,Method,queryAllDict,SystemApiController
402,Method,queryAllSysCategory,SystemApiController
403,Method,queryAllDepartBackDictModel,SystemApiController
404,Method,queryAllRole,SystemApiController
405,Method,getRoleIdsByUsername,SystemApiController
406,Method,getDepartIdsByOrgCode,SystemApiController
407,Method,getAllSysDepart,SystemApiController
408,Method,getDynamicDbSourceById,SystemApiController
409,Method,getDeptHeadByDepId,SystemApiController
410,Method,getParentDepartId,SystemApiController
411,Method,getDynamicDbSourceByCode,SystemApiController
412,Method,sendWebSocketMsg,SystemApiController
413,Method,queryAllUserByIds,SystemApiController
414,Method,queryAllUserBackCombo,SystemApiController
415,Method,queryAllUser,SystemApiController
416,Method,meetingSignWebsocket,SystemApiController
417,Method,queryUserByNames,SystemApiController
418,Method,getUserRoleSet,SystemApiController
419,Method,getUserRoleSetById,SystemApiController
420,Method,getUserPermissionSet,SystemApiController
421,Method,hasOnlineAuth,SystemApiController
422,Method,queryUserRoles,SystemApiController
423,Method,queryUserRolesById,SystemApiController
424,Method,queryUserAuths,SystemApiController
425,Method,selectAllById,SystemApiController
426,Method,queryDeptUsersByUserId,SystemApiController
427,Method,queryPermissionDataRule,SystemApiController
428,Method,getCacheUser,SystemApiController
429,Method,translateDict,SystemApiController
430,Method,queryUsersByUsernames,SystemApiController
431,Method,queryUsersByIds,SystemApiController
432,Method,queryDepartsByOrgcodes,SystemApiController
433,Method,queryDepartsByIds,SystemApiController
434,Method,sendEmailMsg,SystemApiController
435,Method,sendHtmlTemplateEmail,SystemApiController
436,Method,sendSmsMsg,SystemApiController
437,Method,getDeptUserByOrgCode,SystemApiController
438,Method,loadCategoryDictItem,SystemApiController
439,Method,loadCategoryDictItemByNames,SystemApiController
440,Method,loadDictItem,SystemApiController
441,Method,copyLowAppDict,SystemApiController
442,Method,getDictItems,SystemApiController
443,Method,getManyDictItems,SystemApiController
444,Method,loadDictItemByKeyword,SystemApiController
445,Method,translateManyDict,SystemApiController
446,Method,queryTableDictItemsByCode,SystemApiController
447,Method,queryFilterTableDictInfo,SystemApiController
448,Method,queryTableDictByKeys,SystemApiController
449,Method,translateDictFromTable,SystemApiController
450,Method,translateDictFromTableByKeys,SystemApiController
451,Method,sendTemplateMessage,SystemApiController
452,Method,getTemplateContent,SystemApiController
453,Method,saveDataLog,SystemApiController
454,Method,updateAvatar,SystemApiController
455,Method,sendAppChatSocket,SystemApiController
456,Method,queryRoleDictByCode,SystemApiController
457,Method,getRoleCode,SystemApiController
458,Method,handleSQLException,SystemApiController
459,Method,queryUserBySuperQuery,SystemApiController
460,Method,queryUserById,SystemApiController
461,Method,queryDeptBySuperQuery,SystemApiController
462,Method,queryRoleBySuperQuery,SystemApiController
463,Method,selectUserIdByTenantId,SystemApiController
464,Method,queryUserIdsByDeptIds,SystemApiController
465,Method,queryUserAccountsByDeptIds,SystemApiController
466,Method,queryUserIdsByRoleds,SystemApiController
467,Method,queryUserIdsByPositionIds,SystemApiController
468,Method,getUserAccountsByDepCode,SystemApiController
469,Method,dictTableWhiteListCheckBySql,SystemApiController
470,Method,dictTableWhiteListCheckByDict,SystemApiController
471,Method,announcementAutoRelease,SystemApiController
472,Method,getQueryTableInfo,DictQueryBlackListHandler
473,Method,getTableName,DictQueryBlackListHandler
474,Method,getPageUserList,SysUserTenantServiceImpl
475,Method,setUserTenantIds,SysUserTenantServiceImpl
476,Method,getUserIdsByTenantId,SysUserTenantServiceImpl
477,Method,getTenantIdsByUserId,SysUserTenantServiceImpl
478,Method,getTenantListByUserId,SysUserTenantServiceImpl
479,Method,updateUserTenantStatus,SysUserTenantServiceImpl
480,Method,getUserTenantPageList,SysUserTenantServiceImpl
481,Method,getDepNamesByUserIds,SysUserTenantServiceImpl
482,Method,putCancelQuit,SysUserTenantServiceImpl
483,Method,userTenantIzExist,SysUserTenantServiceImpl
484,Method,getTenantPageListByUserId,SysUserTenantServiceImpl
485,Method,agreeJoinTenant,SysUserTenantServiceImpl
486,Method,refuseJoinTenant,SysUserTenantServiceImpl
487,Method,getUserTenantByTenantId,SysUserTenantServiceImpl
488,Method,getUserCount,SysUserTenantServiceImpl
489,Method,getPermRuleListByPermId,SysPermissionDataRuleImpl
490,Method,queryPermissionRule,SysPermissionDataRuleImpl
491,Method,queryPermissionDataRules,SysPermissionDataRuleImpl
492,Method,savePermissionDataRule,SysPermissionDataRuleImpl
493,Method,deletePermissionDataRule,SysPermissionDataRuleImpl
494,Method,queryMyDeptTreeList,SysDepartServiceImpl
495,Method,queryTreeList,SysDepartServiceImpl
496,Method,queryDepartIdTreeList,SysDepartServiceImpl
497,Method,saveDepartData,SysDepartServiceImpl
498,Method,generateOrgCode,SysDepartServiceImpl
499,Method,updateDepartDataById,SysDepartServiceImpl
500,Method,deleteBatchWithChildren,SysDepartServiceImpl
501,Method,getSubDepIdsByDepId,SysDepartServiceImpl
502,Method,getMySubDepIdsByDepId,SysDepartServiceImpl
503,Method,searchByKeyWord,SysDepartServiceImpl
504,Method,delete,SysDepartServiceImpl
505,Method,checkChildrenExists,SysDepartServiceImpl
506,Method,queryUserDeparts,SysDepartServiceImpl
507,Method,queryDepartsByUsername,SysDepartServiceImpl
508,Method,queryDepartsByUserId,SysDepartServiceImpl
509,Method,getMyDeptParentOrgCode,SysDepartServiceImpl
510,Method,getMyDeptParentNode,SysDepartServiceImpl
511,Method,getMinLengthNode,SysDepartServiceImpl
512,Method,queryTreeByKeyWord,SysDepartServiceImpl
513,Method,queryTreeListByPid,SysDepartServiceImpl
514,Method,queryAllParentIdByDepartId,SysDepartServiceImpl
515,Method,queryAllParentIdByOrgCode,SysDepartServiceImpl
516,Method,queryAllParentId,SysDepartServiceImpl
517,Method,queryAllParentIdRecursion,SysDepartServiceImpl
518,Method,queryCompByOrgCode,SysDepartServiceImpl
519,Method,queryDeptByPid,SysDepartServiceImpl
520,Method,getTreeByKeyWord,SysDepartServiceImpl
521,Method,addDepartByUserIds,SysDepartServiceImpl
522,Method,updateChargeDepart,SysDepartServiceImpl
523,Method,deleteChargeDepId,SysDepartServiceImpl
524,Method,setUserIdsByDepList,SysDepartServiceImpl
525,Method,getMyDepartList,SysDepartServiceImpl
526,Method,deleteDepart,SysDepartServiceImpl
527,Method,queryBookDepTreeSync,SysDepartServiceImpl
528,Method,getDepartById,SysDepartServiceImpl
529,Method,getMaxCodeDepart,SysDepartServiceImpl
530,Method,updateIzLeaf,SysDepartServiceImpl
531,Method,setIzLeaf,SysDepartServiceImpl
532,Method,getExcelDepart,SysDepartServiceImpl
533,Method,findPath,SysDepartServiceImpl
534,Method,importExcel,SysDepartServiceImpl
535,Method,addDepartByName,SysDepartServiceImpl
536,Method,getDepartListByName,SysDepartServiceImpl
537,Method,setParentDepartIzLeaf,SysDepartServiceImpl
538,Method,getExportDepart,SysDepartServiceImpl
539,Method,importSysDepart,SysDepartServiceImpl
540,Method,findSysDepartPath,SysDepartServiceImpl
541,Method,doUpload,ImportFileServiceImpl
542,Method,saveDataSource,SysDataSourceServiceImpl
543,Method,editDataSource,SysDataSourceServiceImpl
544,Method,deleteDataSource,SysDataSourceServiceImpl
545,Method,addDynamicDataSource,SysDataSourceServiceImpl
546,Method,removeDynamicDataSource,SysDataSourceServiceImpl
547,Method,checkDbCode,SysDataSourceServiceImpl
548,Method,queryEffectiveTenant,SysTenantServiceImpl
549,Method,countUserLinkTenant,SysTenantServiceImpl
550,Method,removeTenantById,SysTenantServiceImpl
551,Method,invitationUserJoin,SysTenantServiceImpl
552,Method,leaveTenant,SysTenantServiceImpl
553,Method,saveTenantJoinUser,SysTenantServiceImpl
554,Method,saveTenant,SysTenantServiceImpl
555,Method,joinTenantByHouseNumber,SysTenantServiceImpl
556,Method,countCreateTenantNum,SysTenantServiceImpl
557,Method,getRecycleBinPageList,SysTenantServiceImpl
558,Method,deleteTenantLogic,SysTenantServiceImpl
559,Method,revertTenantLogic,SysTenantServiceImpl
560,Method,saveTenantRelation,SysTenantServiceImpl
561,Method,tenantIdGenerate,SysTenantServiceImpl
562,Method,exitUserTenant,SysTenantServiceImpl
563,Method,changeOwenUserTenant,SysTenantServiceImpl
564,Method,leveUserProcess,SysTenantServiceImpl
565,Method,invitationUser,SysTenantServiceImpl
566,Method,getTenantDepartAuthInfo,SysTenantServiceImpl
567,Method,queryTenantPackUserCount,SysTenantServiceImpl
568,Method,queryTenantPack,SysTenantServiceImpl
569,Method,addBatchTenantPackUser,SysTenantServiceImpl
570,Method,addTenantPackUser,SysTenantServiceImpl
571,Method,deleteTenantPackUser,SysTenantServiceImpl
572,Method,getTenantPackApplyUsers,SysTenantServiceImpl
573,Method,getTenantPackUserList,SysTenantServiceImpl
574,Method,doApplyTenantPackUser,SysTenantServiceImpl
575,Method,sendMsgForApply,SysTenantServiceImpl
576,Method,sendMsgForDelete,SysTenantServiceImpl
577,Method,sendMsgForApplyJoinTenant,SysTenantServiceImpl
578,Method,sendMsgForInvitation,SysTenantServiceImpl
579,Method,passApply,SysTenantServiceImpl
580,Method,deleteApply,SysTenantServiceImpl
581,Method,queryTenantPackUserList,SysTenantServiceImpl
582,Method,getPackUserPositionAndDepart,SysTenantServiceImpl
583,Method,saveUserDepart,SysTenantServiceImpl
584,Method,getApplySuperAdminCount,SysTenantServiceImpl
585,Method,sendMsgForAgreeAndRefuseJoin,SysTenantServiceImpl
586,Method,getTenantErrorInfo,SysTenantServiceImpl
587,Method,deleteTenantPackByTenantId,SysTenantServiceImpl
588,Method,deleteUserByPassword,SysTenantServiceImpl
589,Method,verifyCreateTimeAndPassword,SysTenantServiceImpl
590,Method,getTenantListByUserId,SysTenantServiceImpl
591,Method,deleteUser,SysTenantServiceImpl
592,Method,getUserByName,SysBaseApiImpl
593,Method,getUserIdByName,SysBaseApiImpl
594,Method,translateDictFromTable,SysBaseApiImpl
595,Method,translateDict,SysBaseApiImpl
596,Method,queryPermissionDataRule,SysBaseApiImpl
597,Method,getRegexpUrl,SysBaseApiImpl
598,Method,getCacheUser,SysBaseApiImpl
599,Method,getUserById,SysBaseApiImpl
600,Method,getRolesByUsername,SysBaseApiImpl
601,Method,getRolesByUserId,SysBaseApiImpl
602,Method,getDepartIdsByUsername,SysBaseApiImpl
603,Method,getDepartIdsByUserId,SysBaseApiImpl
604,Method,getDepartParentIdsByUsername,SysBaseApiImpl
605,Method,getDepartParentIdsByDepIds,SysBaseApiImpl
606,Method,getDepartNamesByUsername,SysBaseApiImpl
607,Method,getParentDepartId,SysBaseApiImpl
608,Method,queryDictItemsByCode,SysBaseApiImpl
609,Method,queryEnableDictItemsByCode,SysBaseApiImpl
610,Method,queryTableDictItemsByCode,SysBaseApiImpl
611,Method,queryAllDepartBackDictModel,SysBaseApiImpl
612,Method,sendSysAnnouncement,SysBaseApiImpl
613,Method,sendBusAnnouncement,SysBaseApiImpl
614,Method,sendTemplateAnnouncement,SysBaseApiImpl
615,Method,sendBusTemplateAnnouncement,SysBaseApiImpl
616,Method,parseTemplateByCode,SysBaseApiImpl
617,Method,updateSysAnnounReadFlag,SysBaseApiImpl
618,Method,getDatabaseTypeByDataSource,SysBaseApiImpl
619,Method,queryAllDict,SysBaseApiImpl
620,Method,queryAllSysCategory,SysBaseApiImpl
621,Method,queryFilterTableDictInfo,SysBaseApiImpl
622,Method,queryTableDictByKeys,SysBaseApiImpl
623,Method,queryAllUserBackCombo,SysBaseApiImpl
624,Method,queryAllUser,SysBaseApiImpl
625,Method,queryAllRole,SysBaseApiImpl
626,Method,getRoleIdsByUsername,SysBaseApiImpl
627,Method,getDepartIdsByOrgCode,SysBaseApiImpl
628,Method,getAllSysDepart,SysBaseApiImpl
629,Method,getDynamicDbSourceById,SysBaseApiImpl
630,Method,getDynamicDbSourceByCode,SysBaseApiImpl
631,Method,getDeptHeadByDepId,SysBaseApiImpl
632,Method,sendWebSocketMsg,SysBaseApiImpl
633,Method,queryAllUserByIds,SysBaseApiImpl
634,Method,meetingSignWebsocket,SysBaseApiImpl
635,Method,queryUserByNames,SysBaseApiImpl
636,Method,queryUserBySuperQuery,SysBaseApiImpl
637,Method,getDepartConditionResult,SysBaseApiImpl
638,Method,queryUserById,SysBaseApiImpl
639,Method,queryDeptBySuperQuery,SysBaseApiImpl
640,Method,queryRoleBySuperQuery,SysBaseApiImpl
641,Method,selectUserIdByTenantId,SysBaseApiImpl
642,Method,selectAllById,SysBaseApiImpl
643,Method,queryDeptUsersByUserId,SysBaseApiImpl
644,Method,getUserRoleSet,SysBaseApiImpl
645,Method,getUserRoleSetById,SysBaseApiImpl
646,Method,getUserPermissionSet,SysBaseApiImpl
647,Method,hasOnlineAuth,SysBaseApiImpl
648,Method,queryUserRoles,SysBaseApiImpl
649,Method,queryUserRolesById,SysBaseApiImpl
650,Method,queryUserAuths,SysBaseApiImpl
651,Method,queryUsersByUsernames,SysBaseApiImpl
652,Method,queryUsersByIds,SysBaseApiImpl
653,Method,queryDepartsByOrgcodes,SysBaseApiImpl
654,Method,queryDepartsByIds,SysBaseApiImpl
655,Method,sendEmailMsg,SysBaseApiImpl
656,Method,sendSmsMsg,SysBaseApiImpl
657,Method,sendHtmlTemplateEmail,SysBaseApiImpl
658,Method,getDeptUserByOrgCode,SysBaseApiImpl
659,Method,loadCategoryDictItem,SysBaseApiImpl
660,Method,loadCategoryDictItemByNames,SysBaseApiImpl
661,Method,loadDictItem,SysBaseApiImpl
662,Method,copyLowAppDict,SysBaseApiImpl
663,Method,getDictItems,SysBaseApiImpl
664,Method,getManyDictItems,SysBaseApiImpl
665,Method,loadDictItemByKeyword,SysBaseApiImpl
666,Method,translateManyDict,SysBaseApiImpl
667,Method,translateDictFromTableByKeys,SysBaseApiImpl
668,Method,sendTemplateMessage,SysBaseApiImpl
669,Method,getTemplateContent,SysBaseApiImpl
670,Method,getTemplateEntity,SysBaseApiImpl
671,Method,saveDataLog,SysBaseApiImpl
672,Method,updateAvatar,SysBaseApiImpl
673,Method,sendAppChatSocket,SysBaseApiImpl
674,Method,getRoleCodeById,SysBaseApiImpl
675,Method,queryRoleDictByCode,SysBaseApiImpl
676,Method,queryUserIdsByDeptIds,SysBaseApiImpl
677,Method,queryUserAccountsByDeptIds,SysBaseApiImpl
678,Method,queryUserIdsByRoleds,SysBaseApiImpl
679,Method,queryUserIdsByPositionIds,SysBaseApiImpl
680,Method,getOnlinePossiblePaths,SysBaseApiImpl
681,Method,anm,SysBaseApiImpl
682,Method,getUserAccountsByDepCode,SysBaseApiImpl
683,Method,dictTableWhiteListCheckBySql,SysBaseApiImpl
684,Method,dictTableWhiteListCheckByDict,SysBaseApiImpl
685,Method,announcementAutoRelease,SysBaseApiImpl
686,Method,queryPageList,SysUserServiceImpl
687,Method,resetPassword,SysUserServiceImpl
688,Method,changePassword,SysUserServiceImpl
689,Method,deleteUser,SysUserServiceImpl
690,Method,deleteBatchUsers,SysUserServiceImpl
691,Method,getUserByName,SysUserServiceImpl
692,Method,addUserWithRole,SysUserServiceImpl
693,Method,editUserWithRole,SysUserServiceImpl
694,Method,getRole,SysUserServiceImpl
695,Method,getDynamicIndexByUserRole,SysUserServiceImpl
696,Method,getUserRolesSet,SysUserServiceImpl
697,Method,getUserRoleSetById,SysUserServiceImpl
698,Method,getUserPermissionsSet,SysUserServiceImpl
699,Method,getCacheUser,SysUserServiceImpl
700,Method,getUserByDepId,SysUserServiceImpl
701,Method,getUserByDepIds,SysUserServiceImpl
702,Method,getDepNamesByUserIds,SysUserServiceImpl
703,Method,queryUserByOrgCode,SysUserServiceImpl
704,Method,getUserByRoleId,SysUserServiceImpl
705,Method,updateUserDepart,SysUserServiceImpl
706,Method,getUserByPhone,SysUserServiceImpl
707,Method,getUserByEmail,SysUserServiceImpl
708,Method,addUserWithDepart,SysUserServiceImpl
709,Method,editUserWithDepart,SysUserServiceImpl
710,Method,checkUserIsEffective,SysUserServiceImpl
711,Method,queryLogicDeleted,SysUserServiceImpl
712,Method,revertLogicDeleted,SysUserServiceImpl
713,Method,removeLogicDeleted,SysUserServiceImpl
714,Method,updateNullPhoneEmail,SysUserServiceImpl
715,Method,saveThirdUser,SysUserServiceImpl
716,Method,queryByDepIds,SysUserServiceImpl
717,Method,saveUser,SysUserServiceImpl
718,Method,editUser,SysUserServiceImpl
719,Method,userIdToUsername,SysUserServiceImpl
720,Method,getEncodeUserInfo,SysUserServiceImpl
721,Method,userQuit,SysUserServiceImpl
722,Method,getQuitList,SysUserServiceImpl
723,Method,updateStatusAndFlag,SysUserServiceImpl
724,Method,setLoginTenant,SysUserServiceImpl
725,Method,setUserTenantIds,SysUserServiceImpl
726,Method,saveUserTenant,SysUserServiceImpl
727,Method,editUserTenants,SysUserServiceImpl
728,Method,deleteTenantByUserId,SysUserServiceImpl
729,Method,batchEditUsers,SysUserServiceImpl
730,Method,searchByKeyword,SysUserServiceImpl
731,Method,getUpdateDepartInfo,SysUserServiceImpl
732,Method,doUpdateDepartInfo,SysUserServiceImpl
733,Method,queryDepartChargePersons,SysUserServiceImpl
734,Method,getNextOrgCode,SysUserServiceImpl
735,Method,changeDepartChargePerson,SysUserServiceImpl
736,Method,getParentDepart,SysUserServiceImpl
737,Method,editTenantUser,SysUserServiceImpl
738,Method,updateStatus,SysUserServiceImpl
739,Method,updateTenantDepart,SysUserServiceImpl
740,Method,saveUserPosition,SysUserServiceImpl
741,Method,editUserPosition,SysUserServiceImpl
742,Method,userPositionId,SysUserServiceImpl
743,Method,getDepartIdByOrCode,SysUserServiceImpl
744,Method,getJoinRoleCodeByUserId,SysUserServiceImpl
745,Method,removeDepartmentManager,SysUserServiceImpl
746,Method,exportAppUser,SysUserServiceImpl
747,Method,getDepartNames,SysUserServiceImpl
748,Method,getDepartNameByParentId,SysUserServiceImpl
749,Method,importAppUser,SysUserServiceImpl
750,Method,addOrEditPosition,SysUserServiceImpl
751,Method,addSysUserPosition,SysUserServiceImpl
752,Method,addOrEditDepart,SysUserServiceImpl
753,Method,addUserTenant,SysUserServiceImpl
754,Method,checkUserAdminRejectDel,SysUserServiceImpl
755,Method,changePhone,SysUserServiceImpl
756,Method,verifyPhone,SysUserServiceImpl
757,Method,sendChangePhoneSms,SysUserServiceImpl
758,Method,sendLogOffPhoneSms,SysUserServiceImpl
759,Method,userLogOff,SysUserServiceImpl
760,Method,sendPhoneSms,SysUserServiceImpl
761,Method,getDepartAndRoleExportMsg,SysUserServiceImpl
762,Method,importSysUser,SysUserServiceImpl
763,Method,saveChargeDepart,SysUserServiceImpl
764,Method,saveOrEditRole,SysUserServiceImpl
765,Method,updatePasswordNotBindPhone,SysUserServiceImpl
766,Method,addPackPermission,SysTenantPackServiceImpl
767,Method,setPermissions,SysTenantPackServiceImpl
768,Method,editPackPermission,SysTenantPackServiceImpl
769,Method,deleteTenantPack,SysTenantPackServiceImpl
770,Method,exitTenant,SysTenantPackServiceImpl
771,Method,addDefaultTenantPack,SysTenantPackServiceImpl
772,Method,saveOne,SysTenantPackServiceImpl
773,Method,savePackUser,SysTenantPackServiceImpl
774,Method,getSysTenantPack,SysTenantPackServiceImpl
775,Method,addPermission,SysTenantPackServiceImpl
776,Method,deletePackPermission,SysTenantPackServiceImpl
777,Method,addTenantDefaultPack,SysTenantPackServiceImpl
778,Method,syncDefaultPack,SysTenantPackServiceImpl
779,Method,syncDefaultPack2CurrentTenant,SysTenantPackServiceImpl
780,Method,deletePackUser,SysTenantPackServiceImpl
781,Method,saveAnnouncement,SysAnnouncementServiceImpl
782,Method,upDateAnnouncement,SysAnnouncementServiceImpl
783,Method,saveSysAnnouncement,SysAnnouncementServiceImpl
784,Method,querySysCementPageByUserId,SysAnnouncementServiceImpl
785,Method,getUnreadMessageCountByUserId,SysAnnouncementServiceImpl
786,Method,completeAnnouncementSendInfo,SysAnnouncementServiceImpl
787,Method,batchInsertSysAnnouncementSend,SysAnnouncementServiceImpl
788,Method,querySysMessageList,SysAnnouncementServiceImpl
789,Method,updateReaded,SysAnnouncementServiceImpl
790,Method,clearAllUnReadMessage,SysAnnouncementServiceImpl
791,Method,getNotSendedAnnouncementlist,SysAnnouncementServiceImpl
792,Method,updateVisitsNum,SysAnnouncementServiceImpl
793,Method,updateThirdUserId,SysThirdAccountServiceImpl
794,Method,createUser,SysThirdAccountServiceImpl
795,Method,saveThirdUser,SysThirdAccountServiceImpl
796,Method,getOneBySysUserId,SysThirdAccountServiceImpl
797,Method,getOneByThirdUserId,SysThirdAccountServiceImpl
798,Method,listThirdUserIdByUsername,SysThirdAccountServiceImpl
799,Method,bindThirdAppAccountByUserId,SysThirdAccountServiceImpl
800,Method,getOneByUuidAndThirdType,SysThirdAccountServiceImpl
801,Method,queryDepartIdsOfUser,SysUserDepartServiceImpl
802,Method,queryUserByDepId,SysUserDepartServiceImpl
803,Method,queryUserByDepCode,SysUserDepartServiceImpl
804,Method,queryDepartUserPageList,SysUserDepartServiceImpl
805,Method,getUserInformation,SysUserDepartServiceImpl
806,Method,getUsersByDepartTenantId,SysUserDepartServiceImpl
807,Method,getDepNamesByUserIds,SysUserDepartServiceImpl
808,Method,getPositionUserList,SysUserPositionServiceImpl
809,Method,saveUserPosition,SysUserPositionServiceImpl
810,Method,removeByPositionId,SysUserPositionServiceImpl
811,Method,removePositionUser,SysUserPositionServiceImpl
812,Method,addSysCategory,SysCategoryServiceImpl
813,Method,updateSysCategory,SysCategoryServiceImpl
814,Method,queryListByCode,SysCategoryServiceImpl
815,Method,queryListByPid,SysCategoryServiceImpl
816,Method,queryIdByCode,SysCategoryServiceImpl
817,Method,deleteSysCategory,SysCategoryServiceImpl
818,Method,queryTreeChildIds,SysCategoryServiceImpl
819,Method,queryTreePids,SysCategoryServiceImpl
820,Method,getTreeChildIds,SysCategoryServiceImpl
821,Method,loadDictItem,SysCategoryServiceImpl
822,Method,loadDictItemByNames,SysCategoryServiceImpl
823,Method,saveDepartPermission,SysDepartPermissionServiceImpl
824,Method,getPermRuleListByDeptIdAndPermId,SysDepartPermissionServiceImpl
825,Method,getDiff,SysDepartPermissionServiceImpl
826,Method,queryDefaultIndex,SysRoleIndexServiceImpl
827,Method,updateDefaultIndex,SysRoleIndexServiceImpl
828,Method,initDefaultIndex,SysRoleIndexServiceImpl
829,Method,newDefIndexConfig,SysRoleIndexServiceImpl
830,Method,cleanDefaultIndexCache,SysRoleIndexServiceImpl
831,Method,changeDefHome,SysRoleIndexServiceImpl
832,Method,addRoute2Redis,SysGatewayRouteServiceImpl
833,Method,deleteById,SysGatewayRouteServiceImpl
834,Method,updateAll,SysGatewayRouteServiceImpl
835,Method,resreshRouter,SysGatewayRouteServiceImpl
836,Method,clearRedis,SysGatewayRouteServiceImpl
837,Method,revertLogicDeleted,SysGatewayRouteServiceImpl
838,Method,deleteLogicDeleted,SysGatewayRouteServiceImpl
839,Method,copyRoute,SysGatewayRouteServiceImpl
840,Method,getDeletelist,SysGatewayRouteServiceImpl
841,Method,selectItemsByMainId,SysDictItemServiceImpl
842,Method,add,SysTableWhiteListServiceImpl
843,Method,edit,SysTableWhiteListServiceImpl
844,Method,checkEntity,SysTableWhiteListServiceImpl
845,Method,deleteByIds,SysTableWhiteListServiceImpl
846,Method,autoAdd,SysTableWhiteListServiceImpl
847,Method,getAllConfigMap,SysTableWhiteListServiceImpl
848,Method,getMyAnnouncementSendPage,SysAnnouncementSendServiceImpl
849,Method,getOne,SysAnnouncementSendServiceImpl
850,Method,addDataLog,SysDataLogServiceImpl
851,Method,getAccessToken,ThirdAppWechatEnterpriseServiceImpl
852,Method,getAppAccessToken,ThirdAppWechatEnterpriseServiceImpl
853,Method,syncLocalDepartmentToThirdApp,ThirdAppWechatEnterpriseServiceImpl
854,Method,deleteDepartRecursion,ThirdAppWechatEnterpriseServiceImpl
855,Method,syncDepartmentRecursion,ThirdAppWechatEnterpriseServiceImpl
856,Method,syncThirdAppDepartmentToLocal,ThirdAppWechatEnterpriseServiceImpl
857,Method,syncDepartmentToLocalRecursion,ThirdAppWechatEnterpriseServiceImpl
858,Method,syncLocalUserToThirdApp,ThirdAppWechatEnterpriseServiceImpl
859,Method,thirdAccountSaveOrUpdate,ThirdAppWechatEnterpriseServiceImpl
860,Method,syncUserCollectErrInfo,ThirdAppWechatEnterpriseServiceImpl
861,Method,syncDepartCollectErrInfo,ThirdAppWechatEnterpriseServiceImpl
862,Method,sysUserToQwUser,ThirdAppWechatEnterpriseServiceImpl
863,Method,getUserDepart,ThirdAppWechatEnterpriseServiceImpl
864,Method,qwUserToSysUser,ThirdAppWechatEnterpriseServiceImpl
865,Method,sysDepartToQwDepartment,ThirdAppWechatEnterpriseServiceImpl
866,Method,qwDepartmentToSysDepart,ThirdAppWechatEnterpriseServiceImpl
867,Method,removeThirdAppUser,ThirdAppWechatEnterpriseServiceImpl
868,Method,sendMessage,ThirdAppWechatEnterpriseServiceImpl
869,Method,sendMessageResponse,ThirdAppWechatEnterpriseServiceImpl
870,Method,sendMarkdownResponse,ThirdAppWechatEnterpriseServiceImpl
871,Method,sendTextCardMessage,ThirdAppWechatEnterpriseServiceImpl
872,Method,getTouser,ThirdAppWechatEnterpriseServiceImpl
873,Method,getUserIdByThirdCode,ThirdAppWechatEnterpriseServiceImpl
874,Method,oauth2Login,ThirdAppWechatEnterpriseServiceImpl
875,Method,getSysUserByThird,ThirdAppWechatEnterpriseServiceImpl
876,Method,getWeChatThirdAppConfig,ThirdAppWechatEnterpriseServiceImpl
877,Method,getUserByUserTicket,ThirdAppWechatEnterpriseServiceImpl
878,Method,getThirdUserByWechat,ThirdAppWechatEnterpriseServiceImpl
879,Method,syncWechatEnterpriseDepartAndUserToLocal,ThirdAppWechatEnterpriseServiceImpl
880,Method,syncDepartAndUser,ThirdAppWechatEnterpriseServiceImpl
881,Method,saveUser,ThirdAppWechatEnterpriseServiceImpl
882,Method,createUserTenant,ThirdAppWechatEnterpriseServiceImpl
883,Method,userDepartSaveOrUpdate,ThirdAppWechatEnterpriseServiceImpl
884,Method,getThirdUserBindByWechat,ThirdAppWechatEnterpriseServiceImpl
885,Method,switchVue3Menu,SysPermissionServiceImpl
886,Method,queryListByParentId,SysPermissionServiceImpl
887,Method,deletePermission,SysPermissionServiceImpl
888,Method,removeChildrenBy,SysPermissionServiceImpl
889,Method,deletePermissionLogical,SysPermissionServiceImpl
890,Method,addPermission,SysPermissionServiceImpl
891,Method,editPermission,SysPermissionServiceImpl
892,Method,queryByUser,SysPermissionServiceImpl
893,Method,deletePermRuleByPermId,SysPermissionServiceImpl
894,Method,queryPermissionUrlWithStar,SysPermissionServiceImpl
895,Method,hasPermission,SysPermissionServiceImpl
896,Method,queryDepartPermissionList,SysPermissionServiceImpl
897,Method,checkPermDuplication,SysPermissionServiceImpl
898,Method,removeAll,SysLogServiceImpl
899,Method,findTotalVisitCount,SysLogServiceImpl
900,Method,findTodayVisitCount,SysLogServiceImpl
901,Method,findTodayIp,SysLogServiceImpl
902,Method,findVisitCount,SysLogServiceImpl
903,Method,queryDeptRoleByDeptAndUser,SysDepartRoleServiceImpl
904,Method,deleteDepartRole,SysDepartRoleServiceImpl
905,Method,duplicateCheckData,SysDictServiceImpl
906,Method,queryDictItemsByCode,SysDictServiceImpl
907,Method,queryEnableDictItemsByCode,SysDictServiceImpl
908,Method,queryDictItemsByCodeList,SysDictServiceImpl
909,Method,queryAllDictItems,SysDictServiceImpl
910,Method,queryDictTextByKey,SysDictServiceImpl
911,Method,queryManyDictByKeys,SysDictServiceImpl
912,Method,queryTableDictItemsByCode,SysDictServiceImpl
913,Method,queryTableDictItemsByCodeAndFilter,SysDictServiceImpl
914,Method,queryTableDictTextByKey,SysDictServiceImpl
915,Method,queryTableDictTextByKeys,SysDictServiceImpl
916,Method,queryTableDictByKeys,SysDictServiceImpl
917,Method,deleteByDictId,SysDictServiceImpl
918,Method,saveMain,SysDictServiceImpl
919,Method,queryAllDepartBackDictModel,SysDictServiceImpl
920,Method,queryAllUserBackDictModel,SysDictServiceImpl
921,Method,queryLittleTableDictItems,SysDictServiceImpl
922,Method,getFilterSql,SysDictServiceImpl
923,Method,queryAllTableDictItems,SysDictServiceImpl
924,Method,queryTreeList,SysDictServiceImpl
925,Method,deleteOneDictPhysically,SysDictServiceImpl
926,Method,updateDictDelFlag,SysDictServiceImpl
927,Method,queryDeleteList,SysDictServiceImpl
928,Method,queryDictTablePageList,SysDictServiceImpl
929,Method,getDictItems,SysDictServiceImpl
930,Method,loadDict,SysDictServiceImpl
931,Method,getDictListByLowAppId,SysDictServiceImpl
932,Method,addDictByLowAppId,SysDictServiceImpl
933,Method,editDictByLowAppId,SysDictServiceImpl
934,Method,revertLogicDeleted,SysDictServiceImpl
935,Method,removeLogicDeleted,SysDictServiceImpl
936,Method,addDict,SysDictServiceImpl
937,Method,addDictItem,SysDictServiceImpl
938,Method,updateDictItem,SysDictServiceImpl
939,Method,queryFormCommentInfo,SysCommentServiceImpl
940,Method,saveOneFileComment,SysCommentServiceImpl
941,Method,appSaveOneFileComment,SysCommentServiceImpl
942,Method,queryFormFileList,SysCommentServiceImpl
943,Method,saveOne,SysCommentServiceImpl
944,Method,deleteOne,SysCommentServiceImpl
945,Method,getCommentUsername,SysCommentServiceImpl
946,Method,uploadLocal,SysCommentServiceImpl
947,Method,queryUserAvatar,SysCommentServiceImpl
948,Method,listAllSysRole,SysRoleServiceImpl
949,Method,getRoleNoTenant,SysRoleServiceImpl
950,Method,importExcelCheckRoleCode,SysRoleServiceImpl
951,Method,deleteRole,SysRoleServiceImpl
952,Method,deleteBatchRole,SysRoleServiceImpl
953,Method,getRoleCountByTenantId,SysRoleServiceImpl
954,Method,checkAdminRoleRejectDel,SysRoleServiceImpl
955,Method,saveDeptRolePermission,SysDepartRolePermissionServiceImpl
956,Method,getDiff,SysDepartRolePermissionServiceImpl
957,Method,getByCode,SysCheckRuleServiceImpl
958,Method,checkValue,SysCheckRuleServiceImpl
959,Method,saveRolePermission,SysRolePermissionServiceImpl
960,Method,getDiff,SysRolePermissionServiceImpl
961,Method,getByCode,SysPositionServiceImpl
962,Method,getPositionList,SysPositionServiceImpl
963,Method,getPositionName,SysPositionServiceImpl
964,Method,deptRoleUserAdd,SysDepartRoleUserServiceImpl
965,Method,removeDeptRoleUser,SysDepartRoleUserServiceImpl
966,Method,getDiff,SysDepartRoleUserServiceImpl
967,Method,getThirdConfigListByThirdType,SysThirdAppConfigServiceImpl
968,Method,getThirdConfigByThirdType,SysThirdAppConfigServiceImpl
969,Method,getThirdAppConfigByClientId,SysThirdAppConfigServiceImpl
970,Method,queryPageList,SysDataSourceController
971,Method,queryOptions,SysDataSourceController
972,Method,add,SysDataSourceController
973,Method,edit,SysDataSourceController
974,Method,delete,SysDataSourceController
975,Method,deleteBatch,SysDataSourceController
976,Method,queryById,SysDataSourceController
977,Method,exportXls,SysDataSourceController
978,Method,importExcel,SysDataSourceController
979,Method,queryPageList,SysUserController
980,Method,queryAllPageList,SysUserController
981,Method,add,SysUserController
982,Method,edit,SysUserController
983,Method,delete,SysUserController
984,Method,deleteBatch,SysUserController
985,Method,frozenBatch,SysUserController
986,Method,queryById,SysUserController
987,Method,queryUserRole,SysUserController
988,Method,checkOnlyUser,SysUserController
989,Method,changePassword,SysUserController
990,Method,getUserDepartsList,SysUserController
991,Method,generateUserId,SysUserController
992,Method,queryUserByDepId,SysUserController
993,Method,queryUserComponentData,SysUserController
994,Method,exportXls,SysUserController
995,Method,importExcel,SysUserController
996,Method,queryByIds,SysUserController
997,Method,queryByNames,SysUserController
998,Method,updatePassword,SysUserController
999,Method,userRoleList,SysUserController
1000,Method,addSysUserRole,SysUserController
1001,Method,deleteUserRole,SysUserController
1002,Method,deleteUserRoleBatch,SysUserController
1003,Method,departUserList,SysUserController
1004,Method,queryByDepartId,SysUserController
1005,Method,queryByOrgCodeForAddressList,SysUserController
1006,Method,editSysDepartWithUser,SysUserController
1007,Method,deleteUserInDepart,SysUserController
1008,Method,deleteUserInDepartBatch,SysUserController
1009,Method,getCurrentUserDeparts,SysUserController
1010,Method,userRegister,SysUserController
1011,Method,phoneVerification,SysUserController
1012,Method,passwordChange,SysUserController
1013,Method,getUserSectionInfoByToken,SysUserController
1014,Method,appUserList,SysUserController
1015,Method,getRecycleBin,SysUserController
1016,Method,putRecycleBin,SysUserController
1017,Method,deleteRecycleBin,SysUserController
1018,Method,appEdit,SysUserController
1019,Method,saveClientId,SysUserController
1020,Method,queryChildrenByUsername,SysUserController
1021,Method,appQueryByDepartId,SysUserController
1022,Method,appQueryUser,SysUserController
1023,Method,changMobile,SysUserController
1024,Method,getMultiUser,SysUserController
1025,Method,getUserInformation,SysUserController
1026,Method,selectUserList,SysUserController
1027,Method,userQuitAgent,SysUserController
1028,Method,getQuitList,SysUserController
1029,Method,putCancelQuit,SysUserController
1030,Method,getUserData,SysUserController
1031,Method,userEdit,SysUserController
1032,Method,batchEditUsers,SysUserController
1033,Method,searchByKeyword,SysUserController
1034,Method,getUpdateDepartInfo,SysUserController
1035,Method,doUpdateDepartInfo,SysUserController
1036,Method,changeDepartChargePerson,SysUserController
1037,Method,editTenantUser,SysUserController
1038,Method,changeLoginTenantId,SysUserController
1039,Method,exportAppUser,SysUserController
1040,Method,importAppUser,SysUserController
1041,Method,changePhone,SysUserController
1042,Method,sendChangePhoneSms,SysUserController
1043,Method,sendLogOffPhoneSms,SysUserController
1044,Method,login,LoginController
1045,Method,getUserInfo,LoginController
1046,Method,logout,LoginController
1047,Method,loginfo,LoginController
1048,Method,visitInfo,LoginController
1049,Method,selectDepart,LoginController
1050,Method,sms,LoginController
1051,Method,phoneLogin,LoginController
1052,Method,userInfo,LoginController
1053,Method,getEncryptedString,LoginController
1054,Method,randomImage,LoginController
1055,Method,switchVue3Menu,LoginController
1056,Method,mLogin,LoginController
1057,Method,checkCaptcha,LoginController
1058,Method,getLoginQrcode,LoginController
1059,Method,scanLoginQrcode,LoginController
1060,Method,getQrcodeToken,LoginController
1061,Method,isLoginFailOvertimes,LoginController
1062,Method,addLoginFailOvertimes,LoginController
1063,Method,sendSms,LoginController
1064,Method,smsCheckCaptcha,LoginController
1065,Method,mpVerify,WechatVerifyController
1066,Method,queryPageList,SysDepartPermissionController
1067,Method,add,SysDepartPermissionController
1068,Method,edit,SysDepartPermissionController
1069,Method,delete,SysDepartPermissionController
1070,Method,deleteBatch,SysDepartPermissionController
1071,Method,queryById,SysDepartPermissionController
1072,Method,exportXls,SysDepartPermissionController
1073,Method,importExcel,SysDepartPermissionController
1074,Method,loadDatarule,SysDepartPermissionController
1075,Method,saveDatarule,SysDepartPermissionController
1076,Method,queryDeptRolePermission,SysDepartPermissionController
1077,Method,saveDeptRolePermission,SysDepartPermissionController
1078,Method,queryTreeListForDeptRole,SysDepartPermissionController
1079,Method,getTreeModelList,SysDepartPermissionController
1080,Method,app3Version,SysAppVersionController
1081,Method,saveVersion,SysAppVersionController
1082,Method,queryPageList,SysCheckRuleController
1083,Method,checkByCode,SysCheckRuleController
1084,Method,add,SysCheckRuleController
1085,Method,edit,SysCheckRuleController
1086,Method,delete,SysCheckRuleController
1087,Method,deleteBatch,SysCheckRuleController
1088,Method,queryById,SysCheckRuleController
1089,Method,exportXls,SysCheckRuleController
1090,Method,importExcel,SysCheckRuleController
1091,Method,list,SysPermissionController
1092,Method,getSystemMenuList,SysPermissionController
1093,Method,getSystemSubmenu,SysPermissionController
1094,Method,getSystemSubmenuBatch,SysPermissionController
1095,Method,getUserPermissionByToken,SysPermissionController
1096,Method,getPermCode,SysPermissionController
1097,Method,add,SysPermissionController
1098,Method,edit,SysPermissionController
1099,Method,checkPermDuplication,SysPermissionController
1100,Method,delete,SysPermissionController
1101,Method,deleteBatch,SysPermissionController
1102,Method,queryTreeList,SysPermissionController
1103,Method,queryAsync,SysPermissionController
1104,Method,queryRolePermission,SysPermissionController
1105,Method,saveRolePermission,SysPermissionController
1106,Method,getTreeList,SysPermissionController
1107,Method,getTreeModelList,SysPermissionController
1108,Method,handleFirstLevelMenuHidden,SysPermissionController
1109,Method,getAllAuthJsonArray,SysPermissionController
1110,Method,getAuthJsonArray,SysPermissionController
1111,Method,getPermissionJsonArray,SysPermissionController
1112,Method,getPermissionJsonObject,SysPermissionController
1113,Method,isWwwHttpUrl,SysPermissionController
1114,Method,urlToRouteName,SysPermissionController
1115,Method,getPermRuleListByPermId,SysPermissionController
1116,Method,addPermissionRule,SysPermissionController
1117,Method,editPermissionRule,SysPermissionController
1118,Method,deletePermissionRule,SysPermissionController
1119,Method,queryPermissionRule,SysPermissionController
1120,Method,queryDepartPermission,SysPermissionController
1121,Method,saveDepartPermission,SysPermissionController
1122,Method,queryPageList,SysRoleController
1123,Method,listByTenant,SysRoleController
1124,Method,add,SysRoleController
1125,Method,edit,SysRoleController
1126,Method,delete,SysRoleController
1127,Method,deleteBatch,SysRoleController
1128,Method,queryById,SysRoleController
1129,Method,queryall,SysRoleController
1130,Method,queryallNoByTenant,SysRoleController
1131,Method,checkUsername,SysRoleController
1132,Method,exportXls,SysRoleController
1133,Method,importExcel,SysRoleController
1134,Method,loadDatarule,SysRoleController
1135,Method,saveDatarule,SysRoleController
1136,Method,queryTreeList,SysRoleController
1137,Method,getTreeModelList,SysRoleController
1138,Method,queryPageRoleCount,SysRoleController
1139,Method,queryPageList,SysDictController
1140,Method,treeList,SysDictController
1141,Method,queryAllDictItems,SysDictController
1142,Method,getDictText,SysDictController
1143,Method,getDictItems,SysDictController
1144,Method,loadDict,SysDictController
1145,Method,loadDictOrderByValue,SysDictController
1146,Method,loadDictItem,SysDictController
1147,Method,loadTreeData,SysDictController
1148,Method,queryTableData,SysDictController
1149,Method,add,SysDictController
1150,Method,edit,SysDictController
1151,Method,delete,SysDictController
1152,Method,deleteBatch,SysDictController
1153,Method,refleshCache,SysDictController
1154,Method,exportXls,SysDictController
1155,Method,importExcel,SysDictController
1156,Method,deleteList,SysDictController
1157,Method,deletePhysic,SysDictController
1158,Method,back,SysDictController
1159,Method,putRecycleBin,SysDictController
1160,Method,deleteRecycleBin,SysDictController
1161,Method,handleSQLException,SysDictController
1162,Method,getDictListByLowAppId,SysDictController
1163,Method,addDictByLowAppId,SysDictController
1164,Method,editDictByLowAppId,SysDictController
1165,Method,queryPageList,SysLogController
1166,Method,delete,SysLogController
1167,Method,deleteBatch,SysLogController
1168,Method,queryPageList,SysAnnouncementController
1169,Method,add,SysAnnouncementController
1170,Method,eidt,SysAnnouncementController
1171,Method,editIzTop,SysAnnouncementController
1172,Method,delete,SysAnnouncementController
1173,Method,deleteBatch,SysAnnouncementController
1174,Method,queryById,SysAnnouncementController
1175,Method,doReleaseData,SysAnnouncementController
1176,Method,doReovkeData,SysAnnouncementController
1177,Method,listByUser,SysAnnouncementController
1178,Method,getUnreadMessageCount,SysAnnouncementController
1179,Method,exportXls,SysAnnouncementController
1180,Method,importExcel,SysAnnouncementController
1181,Method,syncNotic,SysAnnouncementController
1182,Method,showContent,SysAnnouncementController
1183,Method,vue3List,SysAnnouncementController
1184,Method,getLastAnnountTime,SysAnnouncementController
1185,Method,clearAllUnReadMessage,SysAnnouncementController
1186,Method,addVisitsNumber,SysAnnouncementController
1187,Method,determineErrorMessage,SysAnnouncementController
1188,Method,isSpecialCharacterError,SysAnnouncementController
1189,Method,isContentTooLongError,SysAnnouncementController
1190,Method,noauth,CommonController
1191,Method,upload,CommonController
1192,Method,uploadLocal,CommonController
1193,Method,view,CommonController
1194,Method,pdfPreviewIframe,CommonController
1195,Method,extractPathFromPattern,CommonController
1196,Method,queryPageList,SysDepartRoleController
1197,Method,add,SysDepartRoleController
1198,Method,edit,SysDepartRoleController
1199,Method,delete,SysDepartRoleController
1200,Method,deleteBatch,SysDepartRoleController
1201,Method,queryById,SysDepartRoleController
1202,Method,getDeptRoleList,SysDepartRoleController
1203,Method,deptRoleAdd,SysDepartRoleController
1204,Method,getDeptRoleByUserId,SysDepartRoleController
1205,Method,loadDatarule,SysDepartRoleController
1206,Method,saveDatarule,SysDepartRoleController
1207,Method,exportXls,SysDepartRoleController
1208,Method,importExcel,SysDepartRoleController
1209,Method,queryPageList,SysRoleIndexController
1210,Method,add,SysRoleIndexController
1211,Method,edit,SysRoleIndexController
1212,Method,delete,SysRoleIndexController
1213,Method,deleteBatch,SysRoleIndexController
1214,Method,queryById,SysRoleIndexController
1215,Method,exportXls,SysRoleIndexController
1216,Method,importExcel,SysRoleIndexController
1217,Method,queryByCode,SysRoleIndexController
1218,Method,queryDefIndex,SysRoleIndexController
1219,Method,updateDefIndex,SysRoleIndexController
1220,Method,changeDefHome,SysRoleIndexController
1221,Method,getCurrentHome,SysRoleIndexController
1222,Method,cleanDefaultIndexCache,SysRoleIndexController
1223,Method,queryPageList,SysFormFileController
1224,Method,add,SysFormFileController
1225,Method,edit,SysFormFileController
1226,Method,delete,SysFormFileController
1227,Method,deleteBatch,SysFormFileController
1228,Method,queryById,SysFormFileController
1229,Method,exportXls,SysFormFileController
1230,Method,importExcel,SysFormFileController
1231,Method,queryPageList,SysDataLogController
1232,Method,queryCompareList,SysDataLogController
1233,Method,queryDataVerList,SysDataLogController
1234,Method,queryListByForm,SysCommentController
1235,Method,queryFileList,SysCommentController
1236,Method,addText,SysCommentController
1237,Method,addFile,SysCommentController
1238,Method,appAddFile,SysCommentController
1239,Method,deleteOne,SysCommentController
1240,Method,getFileViewDomain,SysCommentController
1241,Method,queryPageList,SysCommentController
1242,Method,add,SysCommentController
1243,Method,edit,SysCommentController
1244,Method,delete,SysCommentController
1245,Method,deleteBatch,SysCommentController
1246,Method,queryById,SysCommentController
1247,Method,exportXls,SysCommentController
1248,Method,importExcel,SysCommentController
1249,Method,updateAll,SysGatewayRouteController
1250,Method,queryPageList,SysGatewayRouteController
1251,Method,clearRedis,SysGatewayRouteController
1252,Method,delete,SysGatewayRouteController
1253,Method,deleteList,SysGatewayRouteController
1254,Method,putRecycleBin,SysGatewayRouteController
1255,Method,deleteRecycleBin,SysGatewayRouteController
1256,Method,copyRoute,SysGatewayRouteController
1257,Method,queryMyDeptTreeList,SysDepartController
1258,Method,queryTreeList,SysDepartController
1259,Method,queryDepartTreeSync,SysDepartController
1260,Method,queryParentIds,SysDepartController
1261,Method,add,SysDepartController
1262,Method,edit,SysDepartController
1263,Method,delete,SysDepartController
1264,Method,deleteBatch,SysDepartController
1265,Method,queryIdTree,SysDepartController
1266,Method,searchBy,SysDepartController
1267,Method,exportXls,SysDepartController
1268,Method,importExcel,SysDepartController
1269,Method,listAll,SysDepartController
1270,Method,queryTreeByKeyWord,SysDepartController
1271,Method,getDepartName,SysDepartController
1272,Method,getUsersByDepartId,SysDepartController
1273,Method,queryByIds,SysDepartController
1274,Method,getMyDepartList,SysDepartController
1275,Method,queryBookDepTreeSync,SysDepartController
1276,Method,getUsersByDepartTenantId,SysDepartController
1277,Method,appExportXls,SysDepartController
1278,Method,appImportExcel,SysDepartController
1279,Method,queryPageList,SysCategoryController
1280,Method,add,SysCategoryController
1281,Method,edit,SysCategoryController
1282,Method,delete,SysCategoryController
1283,Method,deleteBatch,SysCategoryController
1284,Method,queryById,SysCategoryController
1285,Method,exportXls,SysCategoryController
1286,Method,importExcel,SysCategoryController
1287,Method,loadOne,SysCategoryController
1288,Method,loadTreeChildren,SysCategoryController
1289,Method,loadTreeRoot,SysCategoryController
1290,Method,loadAllCategoryChildren,SysCategoryController
1291,Method,checkCode,SysCategoryController
1292,Method,loadDict,SysCategoryController
1293,Method,loadDictItem,SysCategoryController
1294,Method,loadAllData,SysCategoryController
1295,Method,getChildListBatch,SysCategoryController
1296,Method,getEnabledType,ThirdAppController
1297,Method,syncWechatEnterpriseUserToApp,ThirdAppController
1298,Method,syncWechatEnterpriseUserToLocal,ThirdAppController
1299,Method,syncWechatEnterpriseDepartToApp,ThirdAppController
1300,Method,syncWechatEnterpriseDepartToLocal,ThirdAppController
1301,Method,syncDingtalkDepartToApp,ThirdAppController
1302,Method,syncDingtalkUserToApp,ThirdAppController
1303,Method,sendMessageTest,ThirdAppController
1304,Method,recallMessageTest,ThirdAppController
1305,Method,addThirdAppConfig,ThirdAppController
1306,Method,editThirdAppConfig,ThirdAppController
1307,Method,deleteThirdAppConfig,ThirdAppController
1308,Method,getThirdAppByTenantId,ThirdAppController
1309,Method,syncDingTalkDepartAndUserToLocal,ThirdAppController
1310,Method,getThirdAccountByUserId,ThirdAppController
1311,Method,bindThirdAppAccount,ThirdAppController
1312,Method,deleteThirdAccountById,ThirdAppController
1313,Method,getThirdUserByWechat,ThirdAppController
1314,Method,syncWechatEnterpriseDepartAndUserToLocal,ThirdAppController
1315,Method,getThirdUserBindByWechat,ThirdAppController
1316,Method,queryPageList,SysPositionController
1317,Method,add,SysPositionController
1318,Method,edit,SysPositionController
1319,Method,delete,SysPositionController
1320,Method,deleteBatch,SysPositionController
1321,Method,queryById,SysPositionController
1322,Method,exportXls,SysPositionController
1323,Method,importExcel,SysPositionController
1324,Method,queryByCode,SysPositionController
1325,Method,queryByIds,SysPositionController
1326,Method,getPositionUserList,SysPositionController
1327,Method,saveUserPosition,SysPositionController
1328,Method,removeUserPosition,SysPositionController
1329,Method,uploadMinio,SysUploadController
1330,Method,queryPageList,SysUserAgentController
1331,Method,add,SysUserAgentController
1332,Method,edit,SysUserAgentController
1333,Method,delete,SysUserAgentController
1334,Method,deleteBatch,SysUserAgentController
1335,Method,queryById,SysUserAgentController
1336,Method,queryByUserName,SysUserAgentController
1337,Method,exportXls,SysUserAgentController
1338,Method,importExcel,SysUserAgentController
1339,Method,queryPageList,SysAnnouncementSendController
1340,Method,add,SysAnnouncementSendController
1341,Method,eidt,SysAnnouncementSendController
1342,Method,delete,SysAnnouncementSendController
1343,Method,deleteBatch,SysAnnouncementSendController
1344,Method,queryById,SysAnnouncementSendController
1345,Method,editById,SysAnnouncementSendController
1346,Method,getMyAnnouncementSend,SysAnnouncementSendController
1347,Method,readAll,SysAnnouncementSendController
1348,Method,getOne,SysAnnouncementSendController
1349,Method,doDuplicateCheck,DuplicateCheckController
1350,Method,queryPageList,SysTenantController
1351,Method,recycleBinPageList,SysTenantController
1352,Method,add,SysTenantController
1353,Method,syncDefaultPack,SysTenantController
1354,Method,edit,SysTenantController
1355,Method,delete,SysTenantController
1356,Method,deleteBatch,SysTenantController
1357,Method,queryById,SysTenantController
1358,Method,queryList,SysTenantController
1359,Method,queryPackPageList,SysTenantController
1360,Method,addPackPermission,SysTenantController
1361,Method,editPackPermission,SysTenantController
1362,Method,deleteTenantPack,SysTenantController
1363,Method,getCurrentUserTenant,SysTenantController
1364,Method,invitationUserJoin,SysTenantController
1365,Method,getTenantUserList,SysTenantController
1366,Method,leaveTenant,SysTenantController
1367,Method,editOwnTenant,SysTenantController
1368,Method,saveTenantJoinUser,SysTenantController
1369,Method,joinTenantByHouseNumber,SysTenantController
1370,Method,getUserTenantPageList,SysTenantController
1371,Method,getTenantListByUserId,SysTenantController
1372,Method,updateUserTenantStatus,SysTenantController
1373,Method,cancelTenant,SysTenantController
1374,Method,getTenantStatusCount,SysTenantController
1375,Method,cancelApplyTenant,SysTenantController
1376,Method,deleteTenantLogic,SysTenantController
1377,Method,revertTenantLogic,SysTenantController
1378,Method,exitUserTenant,SysTenantController
1379,Method,changeOwenUserTenant,SysTenantController
1380,Method,invitationUser,SysTenantController
1381,Method,loadAdminPackCount,SysTenantController
1382,Method,getTenantPackInfo,SysTenantController
1383,Method,addTenantPackUser,SysTenantController
1384,Method,deleteTenantPackUser,SysTenantController
1385,Method,updateApplyStatus,SysTenantController
1386,Method,getTenantPackApplyUsers,SysTenantController
1387,Method,doApplyTenantPackUser,SysTenantController
1388,Method,passApply,SysTenantController
1389,Method,deleteApply,SysTenantController
1390,Method,getApplySuperAdminCount,SysTenantController
1391,Method,queryTenantAuthInfo,SysTenantController
1392,Method,queryTenantPackUserList,SysTenantController
1393,Method,getTenantCount,SysTenantController
1394,Method,getTenantPageListByUserId,SysTenantController
1395,Method,agreeOrRefuseJoinTenant,SysTenantController
1396,Method,deleteUserByPassword,SysTenantController
1397,Method,getCurrentUserTenantForFile,SysTenantController
1398,Method,deleteUser,SysTenantController
1399,Method,queryPageList,SysFillRuleController
1400,Method,testFillRule,SysFillRuleController
1401,Method,add,SysFillRuleController
1402,Method,edit,SysFillRuleController
1403,Method,delete,SysFillRuleController
1404,Method,deleteBatch,SysFillRuleController
1405,Method,queryById,SysFillRuleController
1406,Method,exportXls,SysFillRuleController
1407,Method,importExcel,SysFillRuleController
1408,Method,executeByRuleCode,SysFillRuleController
1409,Method,executeByRuleCodeBatch,SysFillRuleController
1410,Method,list,SysUserOnlineController
1411,Method,forceLogout,SysUserOnlineController
1412,Method,queryPageList,SysTableWhiteListController
1413,Method,add,SysTableWhiteListController
1414,Method,edit,SysTableWhiteListController
1415,Method,delete,SysTableWhiteListController
1416,Method,deleteBatch,SysTableWhiteListController
1417,Method,queryById,SysTableWhiteListController
1418,Method,queryPageList,SysDictItemController
1419,Method,add,SysDictItemController
1420,Method,edit,SysDictItemController
1421,Method,delete,SysDictItemController
1422,Method,deleteBatch,SysDictItemController
1423,Method,doDictItemCheck,SysDictItemController
1424,Method,render,ThirdLoginController
1425,Method,loginThird,ThirdLoginController
1426,Method,thirdUserCreate,ThirdLoginController
1427,Method,checkPassword,ThirdLoginController
1428,Method,saveToken,ThirdLoginController
1429,Method,getThirdLoginUser,ThirdLoginController
1430,Method,bindingThirdPhone,ThirdLoginController
1431,Method,oauth2LoginCallback,ThirdLoginController
1432,Method,registerBindThirdAccount,ThirdLoginController
1433,Method,setUserTenantAndDepart,ThirdLoginController
1434,Method,OauthDingDingLogin,ThirdLoginController
1435,Method,getCorpIdClientId,ThirdLoginController
1436,Method,validateLogin,CasClientController
1437,Method,selectByCode,SysMessageTemplateServiceImpl
1438,Method,sendMessage,PushMsgUtil
1439,Method,setEmailFrom,EmailSendMsgHandle
1440,Method,sendMsg,EmailSendMsgHandle
1441,Method,sendMessage,EmailSendMsgHandle
1442,Method,sendEmailMessage,EmailSendMsgHandle
1443,Method,sendMessageToCopyUser,EmailSendMsgHandle
1444,Method,sendEmail,EmailSendMsgHandle
1445,Method,replaceContent,EmailSendMsgHandle
1446,Method,getToken,EmailSendMsgHandle
1447,Method,isTimeJobSendEmail,EmailSendMsgHandle
1448,Method,addSysSmsSend,EmailSendMsgHandle
1449,Method,sendMsg,SystemSendMsgHandle
1450,Method,sendMessage,SystemSendMsgHandle
1451,Method,doSend,SystemSendMsgHandle
1452,Method,sendMsg,DdSendMsgHandle
1453,Method,sendMessage,DdSendMsgHandle
1454,Method,sendMsg,QywxSendMsgHandle
1455,Method,sendMessage,QywxSendMsgHandle
1456,Method,sendAll,TestSocketController
1457,Method,sendUser,TestSocketController
1458,Method,queryPageList,SysMessageController
1459,Method,add,SysMessageController
1460,Method,edit,SysMessageController
1461,Method,delete,SysMessageController
1462,Method,deleteBatch,SysMessageController
1463,Method,queryById,SysMessageController
1464,Method,exportXls,SysMessageController
1465,Method,importExcel,SysMessageController
1466,Method,queryPageList,SysMessageTemplateController
1467,Method,add,SysMessageTemplateController
1468,Method,edit,SysMessageTemplateController
1469,Method,delete,SysMessageTemplateController
1470,Method,deleteBatch,SysMessageTemplateController
1471,Method,queryById,SysMessageTemplateController
1472,Method,exportXls,SysMessageTemplateController
1473,Method,importExcel,SysMessageTemplateController
1474,Method,sendMessage,SysMessageTemplateController
1475,Method,onMessage,SocketHandler
1476,Method,setJeecgRedisClient,WebSocket
1477,Method,onOpen,WebSocket
1478,Method,onClose,WebSocket
1479,Method,pushMessage,WebSocket
1480,Method,onMessage,WebSocket
1481,Method,onError,WebSocket
1482,Method,sendMessage,WebSocket
1483,Method,run,ShiroCacheClearRunner
1484,Method,onApplicationEvent,SystemInitListener
1485,Method,getOrder,SystemInitListener
1486,Method,onApplicationEvent,CodeTemplateInitListener
1487,Method,initJarConfigCodeGeneratorTemplate,CodeTemplateInitListener
1488,Method,getManyDictItems,JimuDragExternalServiceImpl
1489,Method,getDictItems,JimuDragExternalServiceImpl
1490,Method,addLog,JimuDragExternalServiceImpl
1491,Method,getToken,JimuReportTokenService
1492,Method,getUsername,JimuReportTokenService
1493,Method,getRoles,JimuReportTokenService
1494,Method,verifyToken,JimuReportTokenService
1495,Method,getUserInfo,JimuReportTokenService
1496,Method,getPermissions,JimuReportTokenService
1497,Method,editDocument,AiragKnowledgeDocServiceImpl
1498,Method,rebuildDocumentByKnowId,AiragKnowledgeDocServiceImpl
1499,Method,rebuildDocument,AiragKnowledgeDocServiceImpl
1500,Method,handleDocBuildFailed,AiragKnowledgeDocServiceImpl
1501,Method,removeByKnowIds,AiragKnowledgeDocServiceImpl
1502,Method,removeDocByIds,AiragKnowledgeDocServiceImpl
1503,Method,deleteAllByKnowId,AiragKnowledgeDocServiceImpl
1504,Method,importDocumentFromZip,AiragKnowledgeDocServiceImpl
1505,Method,unzipFile,AiragKnowledgeDocServiceImpl
1506,Method,safeResolve,AiragKnowledgeDocServiceImpl
1507,Method,copyLimited,AiragKnowledgeDocServiceImpl
1508,Method,queryPageList,AiragKnowledgeController
1509,Method,add,AiragKnowledgeController
1510,Method,edit,AiragKnowledgeController
1511,Method,rebuild,AiragKnowledgeController
1512,Method,delete,AiragKnowledgeController
1513,Method,queryById,AiragKnowledgeController
1514,Method,queryDocumentPageList,AiragKnowledgeController
1515,Method,addDocument,AiragKnowledgeController
1516,Method,importDocumentFromZip,AiragKnowledgeController
1517,Method,importDocumentTaskList,AiragKnowledgeController
1518,Method,rebuildDocument,AiragKnowledgeController
1519,Method,deleteDocumentBatch,AiragKnowledgeController
1520,Method,deleteDocumentAll,AiragKnowledgeController
1521,Method,hitTest,AiragKnowledgeController
1522,Method,embeddingSearch,AiragKnowledgeController
1523,Method,queryBatchByIds,AiragKnowledgeController
1524,Method,queryPageList,AiragModelController
1525,Method,add,AiragModelController
1526,Method,edit,AiragModelController
1527,Method,delete,AiragModelController
1528,Method,queryById,AiragModelController
1529,Method,exportXls,AiragModelController
1530,Method,importExcel,AiragModelController
1531,Method,test,AiragModelController
1532,Method,completions,AIChatHandler
1533,Method,completionsByDefaultModel,AIChatHandler
1534,Method,chat,AIChatHandler
1535,Method,chatByDefaultModel,AIChatHandler
1536,Method,mergeParams,AIChatHandler
1537,Method,buildUserMessage,AIChatHandler
1538,Method,buildImageContents,AIChatHandler
1539,Method,embeddingDocument,EmbeddingHandler
1540,Method,embeddingSearch,EmbeddingHandler
1541,Method,searchEmbedding,EmbeddingHandler
1542,Method,getQueryRouter,EmbeddingHandler
1543,Method,deleteEmbedDocsByKnowId,EmbeddingHandler
1544,Method,deleteEmbedDocsByDocIds,EmbeddingHandler
1545,Method,getEmbedModelData,EmbeddingHandler
1546,Method,getEmbedStore,EmbeddingHandler
1547,Method,buildModelOptions,EmbeddingHandler
1548,Method,parseFile,EmbeddingHandler
1549,Method,replaceImageUrl,EmbeddingHandler
1550,Method,parseFileByMinerU,EmbeddingHandler
1551,Method,ensureFile,EmbeddingHandler
1552,Method,process,JimuDataReader
1553,Method,readExcelData,JimuDataReader
1554,Method,process,TestAiragEnhance
1555,Method,list,AiOcrController
1556,Method,add,AiOcrController
1557,Method,updateById,AiOcrController
1558,Method,deleteById,AiOcrController
1559,Method,generatePrompt,AiragAppServiceImpl
1560,Method,closeSSE,AiragAppServiceImpl
1561,Method,send,AiragChatServiceImpl
1562,Method,debugApp,AiragChatServiceImpl
1563,Method,stop,AiragChatServiceImpl
1564,Method,closeSSE,AiragChatServiceImpl
1565,Method,getConversations,AiragChatServiceImpl
1566,Method,getMessages,AiragChatServiceImpl
1567,Method,clearMessage,AiragChatServiceImpl
1568,Method,initChat,AiragChatServiceImpl
1569,Method,deleteConversation,AiragChatServiceImpl
1570,Method,updateConversationTitle,AiragChatServiceImpl
1571,Method,getConversationCacheKey,AiragChatServiceImpl
1572,Method,getConversationDirCacheKey,AiragChatServiceImpl
1573,Method,getOrCreateChatConversation,AiragChatServiceImpl
1574,Method,createConversation,AiragChatServiceImpl
1575,Method,saveChatConversation,AiragChatServiceImpl
1576,Method,collateMessage,AiragChatServiceImpl
1577,Method,appendMessage,AiragChatServiceImpl
1578,Method,doChat,AiragChatServiceImpl
1579,Method,sendWithFlow,AiragChatServiceImpl
1580,Method,sendWithAppChat,AiragChatServiceImpl
1581,Method,sendWithDefault,AiragChatServiceImpl
1582,Method,sendMessage2Client,AiragChatServiceImpl
1583,Method,summaryConversationTitle,AiragChatServiceImpl
1584,Method,getUsername,AiragChatServiceImpl
1585,Method,printChatDuration,AiragChatServiceImpl
1586,Method,queryPageList,AiragAppController
1587,Method,edit,AiragAppController
1588,Method,release,AiragAppController
1589,Method,delete,AiragAppController
1590,Method,queryById,AiragAppController
1591,Method,debugApp,AiragAppController
1592,Method,generatePrompt,AiragAppController
1593,Method,generatePromptSse,AiragAppController
1594,Method,send,AiragChatController
1595,Method,sendByGet,AiragChatController
1596,Method,initChat,AiragChatController
1597,Method,getConversations,AiragChatController
1598,Method,deleteConversation,AiragChatController
1599,Method,updateConversationTitle,AiragChatController
1600,Method,getMessages,AiragChatController
1601,Method,clearMessage,AiragChatController
1602,Method,stop,AiragChatController
1603,Method,upload,AiragChatController
1604,Method,mockChange1,DlMockController
1605,Method,mockChange2,DlMockController
1606,Method,mockChange3,DlMockController
1607,Method,mockChange,DlMockController
1608,Method,mockChange4,DlMockController
1609,Method,mockImmediateSaveRow,DlMockController
1610,Method,mockImmediateSaveAll,DlMockController
1611,Method,getMockData,DlMockController
1612,Method,getMockDdjhData,DlMockController
1613,Method,queryDataPage,DlMockController
1614,Method,queryByParentId,DlMockController
1615,Method,readJsonData,DlMockController
1616,Method,enhanceJavaListHttp,OnlCgformDemoController
1617,Method,virtualDictData,OnlCgformDemoController
1618,Method,enhanceJavaHttp,OnlCgformDemoController
1619,Method,getJsonData,MockController
1620,Method,asynTreeList,MockController
1621,Method,user,MockController
1622,Method,userInfo,MockController
1623,Method,role,MockController
1624,Method,service,MockController
1625,Method,permission,MockController
1626,Method,permissionNoPage,MockController
1627,Method,area,MockController
1628,Method,getYearCountInfo,MockController
1629,Method,getMonthCountInfo,MockController
1630,Method,getCntrNoCountInfo,MockController
1631,Method,getCabinetCountInfo,MockController
1632,Method,getTubiao,MockController
1633,Method,queryDiskInfo,MockController
1634,Method,projects,MockController
1635,Method,activity,MockController
1636,Method,teams,MockController
1637,Method,radar,MockController
1638,Method,taskProcess,MockController
1639,Method,sysDataLogJson,MockController
1640,Method,getUserInfo,MockController
1641,Method,readJson,MockController
1642,Method,mockChange1,VxeMockController
1643,Method,mockChange2,VxeMockController
1644,Method,mockChange3,VxeMockController
1645,Method,mockChange,VxeMockController
1646,Method,mockChange4,VxeMockController
1647,Method,mockImmediateSaveRow,VxeMockController
1648,Method,mockImmediateSaveAll,VxeMockController
1649,Method,getMockData,VxeMockController
1650,Method,getMockDdjhData,VxeMockController
1651,Method,queryDataPage,VxeMockController
1652,Method,queryByParentId,VxeMockController
1653,Method,readJsonData,VxeMockController
1654,Method,getUserPool,VxeSocket
1655,Method,sendMessage,VxeSocket
1656,Method,packageMessage,VxeSocket
1657,Method,sendMessageTo,VxeSocket
1658,Method,sendMessageToAll,VxeSocket
1659,Method,onOpen,VxeSocket
1660,Method,onClose,VxeSocket
1661,Method,onMessage,VxeSocket
1662,Method,handleUpdateForm,VxeSocket
1663,Method,getMessage,JcloudDemoServiceImpl
1664,Method,getMessage,JcloudDemoProviderController
1665,Method,addLog,BaseCommonServiceImpl
1666,Method,getCustomResourcePrefixPath,JeecgBaseConfig
1667,Method,setCustomResourcePrefixPath,JeecgBaseConfig
1668,Method,getElasticsearch,JeecgBaseConfig
1669,Method,setElasticsearch,JeecgBaseConfig
1670,Method,getFirewall,JeecgBaseConfig
1671,Method,setFirewall,JeecgBaseConfig
1672,Method,getSignatureSecret,JeecgBaseConfig
1673,Method,setSignatureSecret,JeecgBaseConfig
1674,Method,getShiro,JeecgBaseConfig
1675,Method,setShiro,JeecgBaseConfig
1676,Method,getPath,JeecgBaseConfig
1677,Method,setPath,JeecgBaseConfig
1678,Method,getDomainUrl,JeecgBaseConfig
1679,Method,setDomainUrl,JeecgBaseConfig
1680,Method,getSignUrls,JeecgBaseConfig
1681,Method,setSignUrls,JeecgBaseConfig
1682,Method,getFileViewDomain,JeecgBaseConfig
1683,Method,setFileViewDomain,JeecgBaseConfig
1684,Method,getUploadType,JeecgBaseConfig
1685,Method,setUploadType,JeecgBaseConfig
1686,Method,getWeiXinPay,JeecgBaseConfig
1687,Method,setWeiXinPay,JeecgBaseConfig
1688,Method,getBaiduApi,JeecgBaseConfig
1689,Method,setBaiduApi,JeecgBaseConfig
1690,Method,getGaoDeApi,JeecgBaseConfig
1691,Method,setGaoDeApi,JeecgBaseConfig
1692,Method,queryDict,AutoPoiDictConfig
1693,Method,supports,ShiroRealm
1694,Method,doGetAuthorizationInfo,ShiroRealm
1695,Method,doGetAuthenticationInfo,ShiroRealm
1696,Method,checkUserTokenIsEffect,ShiroRealm
1697,Method,jwtTokenRefresh,ShiroRealm
1698,Method,clearCache,ShiroRealm
1699,Method,afterPropertiesSet,IgnoreAuthPostProcessor
1700,Method,postProcessRestController,IgnoreAuthPostProcessor
1701,Method,rebuildUrl,IgnoreAuthPostProcessor
1702,Method,prefix,IgnoreAuthPostProcessor
1703,Method,intercept,MybatisInterceptor
1704,Method,plugin,MybatisInterceptor
1705,Method,setProperties,MybatisInterceptor
1706,Method,getLoginUser,MybatisInterceptor
1707,Method,dynamicTable,DynamicTableAspect
1708,Method,around,DynamicTableAspect
1709,Method,preHandle,LowCodeModeInterceptor
1710,Method,returnErrorMessage,LowCodeModeInterceptor
1711,Method,excudeService,DictAspect
1712,Method,doAround,DictAspect
1713,Method,parseDictText,DictAspect
1714,Method,listAddAllDeduplicate,DictAspect
1715,Method,translateAllDict,DictAspect
1716,Method,translDictText,DictAspect
1717,Method,translateDictValue,DictAspect
1718,Method,checkHasDict,DictAspect
1719,Method,logPointCut,AutoLogAspect
1720,Method,around,AutoLogAspect
1721,Method,saveSysLog,AutoLogAspect
1722,Method,getOperateType,AutoLogAspect
1723,Method,getReqestParams,AutoLogAspect
1724,Method,getOnlineLogContent,AutoLogAspect
1725,Method,pointCut,PermissionDataAspect
1726,Method,arround,PermissionDataAspect
1727,Method,filterUrl,PermissionDataAspect
1728,Method,getJgAuthRequsetPath,PermissionDataAspect
1729,Method,moHuContain,PermissionDataAspect
1730,Method,setUploadPath,PmsUtil
1731,Method,saveErrorTxtByList,PmsUtil
1732,Method,setApplicationContext,SpringContextUtils
1733,Method,getApplicationContext,SpringContextUtils
1734,Method,getHttpServletRequest,SpringContextUtils
1735,Method,getHttpServletResponse,SpringContextUtils
1736,Method,getDomain,SpringContextUtils
1737,Method,getOrigin,SpringContextUtils
1738,Method,getBean,SpringContextUtils
1739,Method,getElasticsearchVersion,JeecgElasticsearchTemplate
1740,Method,getBaseUrl,JeecgElasticsearchTemplate
1741,Method,cat,JeecgElasticsearchTemplate
1742,Method,getIndices,JeecgElasticsearchTemplate
1743,Method,indexExists,JeecgElasticsearchTemplate
1744,Method,getDataById,JeecgElasticsearchTemplate
1745,Method,createIndex,JeecgElasticsearchTemplate
1746,Method,removeIndex,JeecgElasticsearchTemplate
1747,Method,getIndexMapping,JeecgElasticsearchTemplate
1748,Method,getIndexMappingFormat,JeecgElasticsearchTemplate
1749,Method,save,JeecgElasticsearchTemplate
1750,Method,update,JeecgElasticsearchTemplate
1751,Method,saveOrUpdate,JeecgElasticsearchTemplate
1752,Method,saveBatch,JeecgElasticsearchTemplate
1753,Method,delete,JeecgElasticsearchTemplate
1754,Method,search,JeecgElasticsearchTemplate
1755,Method,buildQuery,JeecgElasticsearchTemplate
1756,Method,buildBoolQuery,JeecgElasticsearchTemplate
1757,Method,buildQueryString,JeecgElasticsearchTemplate
1758,Method,buildRangeQuery,JeecgElasticsearchTemplate
1759,Method,getText,ProvinceCityArea
1760,Method,getCode,ProvinceCityArea
1761,Method,getAreaByText,ProvinceCityArea
1762,Method,getAreaByPidAndText,ProvinceCityArea
1763,Method,getAreaByCode,ProvinceCityArea
1764,Method,initAreaList,ProvinceCityArea
1765,Method,jsonRead,ProvinceCityArea
1766,Method,sensitivePointCut,SensitiveDataAspect
1767,Method,around,SensitiveDataAspect
1768,Method,filter,GlobalAccessTokenFilter
1769,Method,getOrder,GlobalAccessTokenFilter
1770,Method,init,DynamicRouteLoader
1771,Method,refresh,DynamicRouteLoader
1772,Method,loadRoutesByNacos,DynamicRouteLoader
1773,Method,loadRoutesByRedis,DynamicRouteLoader
1774,Method,getRoutesByJson,DynamicRouteLoader
1775,Method,dynamicRouteByNacosListener,DynamicRouteLoader
1776,Method,createConfigService,DynamicRouteLoader
1777,Method,setApplicationEventPublisher,DynamicRouteLoader
1778,Method,save,MyInMemoryRouteDefinitionRepository
1779,Method,delete,MyInMemoryRouteDefinitionRepository
1780,Method,getRouteDefinitions,MyInMemoryRouteDefinitionRepository
1781,Method,setApplicationEventPublisher,DynamicRouteService
1782,Method,delete,DynamicRouteService
1783,Method,update,DynamicRouteService
1784,Method,add,DynamicRouteService
1785,Method,onMessage,LoderRouderHandler
1786,Method,securityConfiguration,SwaggerResourceController
1787,Method,uiConfiguration,SwaggerResourceController
1788,Method,swaggerResources,SwaggerResourceController
1789,Method,get,MySwaggerResourceProvider
1790,Method,checkRoute,MySwaggerResourceProvider
1791,Method,getServerAddr,NacosConfigProperties
1792,Method,getRules,ParamFlowRuleNacosProvider
1793,Method,publish,ParamFlowRuleNacosPublisher
1794,Method,getRules,GateWayApiNacosProvider
1795,Method,publish,GateWayFlowRulesNacosPublisher
1796,Method,publish,GateWayApiNacosPublisher
1797,Method,getRules,GateWayFlowRulesNacosProvider
1798,Method,getRules,DegradeRuleNacosProvider
1799,Method,publish,DegradeRuleNacosPublisher
1800,Method,getRules,SystemRuleNacosProvider
1801,Method,publish,SystemRuleNacosPublisher
1802,Method,getRules,AuthorityRuleNacosProvider
1803,Method,publish,AuthorityRuleNacosPublisher
1804,Method,getRules,FlowRuleNacosProvider
1805,Method,publish,FlowRuleNacosPublisher
1806,Method,apiQueryMachineRules,DegradeController
1807,Method,apiAddRule,DegradeController
1808,Method,apiUpdateRule,DegradeController
1809,Method,delete,DegradeController
1810,Method,publishRules,DegradeController
1811,Method,checkEntityInternal,DegradeController
1812,Method,checkBasicParams,SystemController
1813,Method,apiQueryMachineRules,SystemController
1814,Method,countNotNullAndNotNegative,SystemController
1815,Method,apiAdd,SystemController
1816,Method,apiUpdateIfNotNull,SystemController
1817,Method,delete,SystemController
1818,Method,publishRules,SystemController
1819,Method,checkIfSupported,ParamFlowRuleController
1820,Method,apiQueryAllRulesForMachine,ParamFlowRuleController
1821,Method,isNotSupported,ParamFlowRuleController
1822,Method,apiAddParamFlowRule,ParamFlowRuleController
1823,Method,checkEntityInternal,ParamFlowRuleController
1824,Method,apiUpdateParamFlowRule,ParamFlowRuleController
1825,Method,apiDeleteRule,ParamFlowRuleController
1826,Method,publishRules,ParamFlowRuleController
1827,Method,unsupportedVersion,ParamFlowRuleController
1828,Method,apiQueryAllRulesForMachine,AuthorityRuleController
1829,Method,checkEntityInternal,AuthorityRuleController
1830,Method,apiAddAuthorityRule,AuthorityRuleController
1831,Method,apiUpdateParamFlowRule,AuthorityRuleController
1832,Method,apiDeleteRule,AuthorityRuleController
1833,Method,publishRules,AuthorityRuleController
1834,Method,queryApis,GatewayApiController
1835,Method,addApi,GatewayApiController
1836,Method,updateApi,GatewayApiController
1837,Method,deleteApi,GatewayApiController
1838,Method,publishApis,GatewayApiController
1839,Method,queryFlowRules,GatewayFlowRuleController
1840,Method,addFlowRule,GatewayFlowRuleController
1841,Method,updateFlowRule,GatewayFlowRuleController
1842,Method,deleteFlowRule,GatewayFlowRuleController
1843,Method,publishRules,GatewayFlowRuleController
1844,Method,apiQueryMachineRules,FlowControllerV2
1845,Method,checkEntityInternal,FlowControllerV2
1846,Method,apiAddFlowRule,FlowControllerV2
1847,Method,apiUpdateFlowRule,FlowControllerV2
1848,Method,apiDeleteRule,FlowControllerV2
1849,Method,publishRules,FlowControllerV2
1850,Method,callback,AdminBizImpl
1851,Method,registry,AdminBizImpl
1852,Method,registryRemove,AdminBizImpl
1853,Method,pageList,XxlJobServiceImpl
1854,Method,add,XxlJobServiceImpl
1855,Method,isNumeric,XxlJobServiceImpl
1856,Method,update,XxlJobServiceImpl
1857,Method,remove,XxlJobServiceImpl
1858,Method,start,XxlJobServiceImpl
1859,Method,stop,XxlJobServiceImpl
1860,Method,trigger,XxlJobServiceImpl
1861,Method,hasPermission,XxlJobServiceImpl
1862,Method,dashboardInfo,XxlJobServiceImpl
1863,Method,chartInfo,XxlJobServiceImpl
1864,Method,getAdminConfig,XxlJobAdminConfig
1865,Method,afterPropertiesSet,XxlJobAdminConfig
1866,Method,destroy,XxlJobAdminConfig
1867,Method,getI18n,XxlJobAdminConfig
1868,Method,getAccessToken,XxlJobAdminConfig
1869,Method,getEmailFrom,XxlJobAdminConfig
1870,Method,getTriggerPoolFastMax,XxlJobAdminConfig
1871,Method,getTriggerPoolSlowMax,XxlJobAdminConfig
1872,Method,getLogretentiondays,XxlJobAdminConfig
1873,Method,getXxlJobLogDao,XxlJobAdminConfig
1874,Method,getXxlJobInfoDao,XxlJobAdminConfig
1875,Method,getXxlJobRegistryDao,XxlJobAdminConfig
1876,Method,getXxlJobGroupDao,XxlJobAdminConfig
1877,Method,getXxlJobLogReportDao,XxlJobAdminConfig
1878,Method,getMailSender,XxlJobAdminConfig
1879,Method,getDataSource,XxlJobAdminConfig
1880,Method,getJobAlarmer,XxlJobAdminConfig
1881,Method,setApplicationContext,JobAlarmer
1882,Method,afterPropertiesSet,JobAlarmer
1883,Method,alarm,JobAlarmer
1884,Method,doAlarm,EmailJobAlarm
1885,Method,loadEmailJobAlarmTemplate,EmailJobAlarm
1886,Method,index,JobGroupController
1887,Method,pageList,JobGroupController
1888,Method,save,JobGroupController
1889,Method,update,JobGroupController
1890,Method,findRegistryByAppName,JobGroupController
1891,Method,remove,JobGroupController
1892,Method,loadById,JobGroupController
1893,Method,index,JobCodeController
1894,Method,save,JobCodeController
1895,Method,index,IndexController
1896,Method,chartInfo,IndexController
1897,Method,toLogin,IndexController
1898,Method,loginDo,IndexController
1899,Method,logout,IndexController
1900,Method,help,IndexController
1901,Method,initBinder,IndexController
1902,Method,index,UserController
1903,Method,pageList,UserController
1904,Method,add,UserController
1905,Method,update,UserController
1906,Method,remove,UserController
1907,Method,updatePwd,UserController
1908,Method,index,JobLogController
1909,Method,getJobsByGroup,JobLogController
1910,Method,pageList,JobLogController
1911,Method,logDetailPage,JobLogController
1912,Method,logDetailCat,JobLogController
1913,Method,logKill,JobLogController
1914,Method,clearLog,JobLogController
1915,Method,index,JobInfoController
1916,Method,filterJobGroupByRole,JobInfoController
1917,Method,validPermission,JobInfoController
1918,Method,pageList,JobInfoController
1919,Method,add,JobInfoController
1920,Method,update,JobInfoController
1921,Method,remove,JobInfoController
1922,Method,pause,JobInfoController
1923,Method,start,JobInfoController
1924,Method,triggerJob,JobInfoController
1925,Method,nextTriggerTime,JobInfoController
1926,Method,api,JobApiController
1927,Method,resolveException,WebExceptionResolver
1928,Method,postHandle,CookieInterceptor
1929,Method,preHandle,PermissionInterceptor
1930,Method,findAll,CustomInMemoryHttpTraceRepository
1931,Method,add,CustomInMemoryHttpTraceRepository
1932,Method,sort,CustomInMemoryHttpTraceRepository
1933,Method,filter,CustomInMemoryHttpTraceRepository
1933,Method,equals,CustomInMemoryHttpTraceRepository
1934,Method,equalsIgnoreCase,CustomInMemoryHttpTraceRepository
